Chapter 3 Exercise #7 command against model_e300_raw.onnx ('vanilla_e300_raw').
epsilon: 0.005   data: 0-49 (50 images)   elapsed: 935s
Progress bars stripped; otherwise verbatim.
==============================================================================

  robust!0 [.......................................................] 0/9 queries
  robust!0 [======>................................................] 1/9 queries
  robust!0 [============>..........................................] 2/9 queries
  robust!0 [==================>....................................] 3/9 queries
  robust!0 [========================>..............................] 4/9 queries
  robust!0 [==============================>........................] 5/9 queries
  robust!0 [====================================>..................] 6/9 queries
  robust!0 [==========================================>............] 7/9 queries
  robust!0 [================================================>......] 8/9 queries
  robust!0 [=======================================================] 9/9 queries
  robust!1 [.......................................................] 0/9 queries
  robust!1 [======>................................................] 1/9 queries
  robust!1 [============>..........................................] 2/9 queries
  robust!1 [==================>....................................] 3/9 queries
  robust!1 [========================>..............................] 4/9 queries
  robust!1 [==============================>........................] 5/9 queries
  robust!1 [====================================>..................] 6/9 queries
  robust!1 [==========================================>............] 7/9 queries
  robust!1 [================================================>......] 8/9 queries
  robust!1 [=======================================================] 9/9 queries
  robust!2 [.......................................................] 0/9 queries
  robust!2 [======>................................................] 1/9 queries
  robust!2 [============>..........................................] 2/9 queries
  robust!2 [==================>....................................] 3/9 queries
  robust!2 [========================>..............................] 4/9 queries
  robust!2 [==============================>........................] 5/9 queries
  robust!2 [====================================>..................] 6/9 queries
  robust!2 [==========================================>............] 7/9 queries
  robust!2 [================================================>......] 8/9 queries
  robust!2 [=======================================================] 9/9 queries
  robust!3 [.......................................................] 0/9 queries
  robust!3 [======>................................................] 1/9 queries
  robust!3 [============>..........................................] 2/9 queries
  robust!3 [==================>....................................] 3/9 queries
  robust!3 [========================>..............................] 4/9 queries
  robust!3 [==============================>........................] 5/9 queries
  robust!3 [====================================>..................] 6/9 queries
  robust!3 [==========================================>............] 7/9 queries
  robust!3 [================================================>......] 8/9 queries
  robust!3 [=======================================================] 9/9 queries
  robust!4 [.......................................................] 0/9 queries
  robust!4 [======>................................................] 1/9 queries
  robust!4 [============>..........................................] 2/9 queries
  robust!4 [==================>....................................] 3/9 queries
  robust!4 [========================>..............................] 4/9 queries
  robust!4 [==============================>........................] 5/9 queries
  robust!4 [====================================>..................] 6/9 queries
  robust!4 [==========================================>............] 7/9 queries
  robust!4 [================================================>......] 8/9 queries
  robust!4 [=======================================================] 9/9 queries
  robust!5 [.......................................................] 0/9 queries
  robust!5 [======>................................................] 1/9 queries
  robust!5 [============>..........................................] 2/9 queries
  robust!5 [==================>....................................] 3/9 queries
  robust!5 [========================>..............................] 4/9 queries
  robust!5 [==============================>........................] 5/9 queries
  robust!5 [====================================>..................] 6/9 queries
  robust!5 [==========================================>............] 7/9 queries
  robust!5 [================================================>......] 8/9 queries
  robust!5 [=======================================================] 9/9 queries
  robust!6 [.......................................................] 0/9 queries
  robust!6 [======>................................................] 1/9 queries
  robust!6 [============>..........................................] 2/9 queries
  robust!6 [==================>....................................] 3/9 queries
  robust!6 [========================>..............................] 4/9 queries
  robust!6 [==============================>........................] 5/9 queries
  robust!6 [====================================>..................] 6/9 queries
  robust!6 [==========================================>............] 7/9 queries
  robust!6 [================================================>......] 8/9 queries
  robust!6 [=======================================================] 9/9 queries
  robust!7 [.......................................................] 0/9 queries
  robust!7 [======>................................................] 1/9 queries
  robust!7 [============>..........................................] 2/9 queries
  robust!7 [==================>....................................] 3/9 queries
  robust!7 [========================>..............................] 4/9 queries
  robust!7 [==============================>........................] 5/9 queries
  robust!7 [====================================>..................] 6/9 queries
  robust!7 [==========================================>............] 7/9 queries
  robust!7 [================================================>......] 8/9 queries
  robust!7 [=======================================================] 9/9 queries
  robust!8 [.......................................................] 0/9 queries
  robust!8 [======>................................................] 1/9 queries
  robust!8 [============>..........................................] 2/9 queries
  robust!8 [==================>....................................] 3/9 queries
  robust!8 [========================>..............................] 4/9 queries
  robust!8 [==============================>........................] 5/9 queries
  robust!8 [====================================>..................] 6/9 queries
  robust!8 [==========================================>............] 7/9 queries
  robust!9 [.......................................................] 0/9 queries
  robust!9 [======>................................................] 1/9 queries
  robust!9 [============>..........................................] 2/9 queries
  robust!9 [==================>....................................] 3/9 queries
  robust!9 [========================>..............................] 4/9 queries
  robust!9 [==============================>........................] 5/9 queries
  robust!9 [====================================>..................] 6/9 queries
  robust!9 [==========================================>............] 7/9 queries
  robust!9 [================================================>......] 8/9 queries
  robust!9 [=======================================================] 9/9 queries
  robust!10 [......................................................] 0/9 queries
  robust!10 [======>...............................................] 1/9 queries
  robust!10 [============>.........................................] 2/9 queries
  robust!10 [==================>...................................] 3/9 queries
  robust!10 [========================>.............................] 4/9 queries
  robust!10 [==============================>.......................] 5/9 queries
  robust!10 [====================================>.................] 6/9 queries
  robust!10 [==========================================>...........] 7/9 queries
  robust!10 [================================================>.....] 8/9 queries
  robust!10 [======================================================] 9/9 queries
  robust!11 [......................................................] 0/9 queries
  robust!11 [======>...............................................] 1/9 queries
  robust!11 [============>.........................................] 2/9 queries
  robust!11 [==================>...................................] 3/9 queries
  robust!11 [========================>.............................] 4/9 queries
  robust!11 [==============================>.......................] 5/9 queries
  robust!11 [====================================>.................] 6/9 queries
  robust!11 [==========================================>...........] 7/9 queries
Verifying properties:
    result: 🗸 - Marabou proved no counterexample exists
    result: 🗸 - Marabou proved no counterexample exists
    result: 🗸 - Marabou proved no counterexample exists
    result: 🗸 - Marabou proved no counterexample exists
    result: 🗸 - Marabou proved no counterexample exists
    result: 🗸 - Marabou proved no counterexample exists
    result: 🗸 - Marabou proved no counterexample exists
    result: 🗸 - Marabou proved no counterexample exists

    result: ✗ - Marabou found a counterexample
      perturbation: [ [ 0.0, 0.0, 0.0, 0.0, 0.0, 0.0, 0.0, 0.0, 0.0, 0.0, 0.0, -5.0e-3, 0.0, -5.0e-3, -5.0e-3, 0.0, -5.0e-3, -5.0e-3, 0.0, 0.0, 0.0, 0.0, 0.0, 0.0, 0.0, 0.0, 0.0, 0.0 ], [ 0.0, 0.0, 0.0, 0.0, 0.0, 0.0, 0.0, 0.0, 0.0, 0.0, 0.0, 0.0, 0.0, 0.0, 0.0, -5.0e-3, -5.0e-3, -5.0e-3, 0.0, 0.0, 0.0, 0.0, 0.0, 0.0, 0.0, 0.0, 0.0, 0.0 ], [ 0.0, 0.0, 0.0, 0.0, 0.0, 0.0, 0.0, 0.0, 0.0, 0.0, -5.0e-3, 0.0, 0.0, 0.0, 0.0, 0.0, 0.0, 0.0, 0.0, 0.0, 0.0, 0.0, 0.0, 0.0, 0.0, 0.0, 0.0, 0.0 ], [ -5.0e-3, 0.0, 0.0, 0.0, 0.0, 0.0, 0.0, 0.0, 0.0, 0.0, -5.0e-3, -5.0e-3, 0.0, 0.0, 0.0, 0.0, 0.0, 0.0, 0.0, 0.0, 0.0, 0.0, 0.0, 0.0, 0.0, 0.0, 0.0, 0.0 ], [ 0.0, 0.0, 0.0, 0.0, 0.0, 0.0, 0.0, -5.0e-3, -5.0e-3, 0.0, -5.0e-3, -5.0e-3, -5.0e-3, 0.0, -5.0e-3, -5.0e-3, 0.0, -5.0e-3, 0.0, 0.0, -5.0e-3, 0.0, 0.0, 0.0, 0.0, 0.0, 0.0, 0.0 ], [ 0.0, 0.0, 0.0, 0.0, 0.0, 0.0, 0.0, -5.0e-3, 0.0, 0.0, -5.0e-3, -5.0e-3, -5.0e-3, -5.0e-3, -5.0e-3, -5.0e-3, -5.0e-3, 0.0, 0.0, 0.0, -5.0e-3, 0.0, 0.0, 0.0, 0.0, 0.0, 0.0, 0.0 ], [ 0.0, 0.0, 0.0, 0.0, 0.0, 0.0, 0.0, 0.0, 0.0, 0.0, -5.0e-3, 0.0, -5.0e-3, -5.0e-3, -5.0e-3, 0.0, 0.0, 0.0, 0.0, 0.0, -5.0e-3, 0.0, 0.0, 0.0, 0.0, 0.0, 0.0, 0.0 ], [ 0.0, 0.0, 0.0, 0.0, 0.0, 0.0, 0.0, 0.0, 0.0, 0.0, 0.0, 0.0, 0.0, 0.0, 0.0, 0.0, 0.0, 0.0, 0.0, 0.0, 0.0, 0.0, 0.0, 0.0, 0.0, 0.0, 0.0, 0.0 ], [ 0.0, 0.0, 0.0, 0.0, 0.0, 0.0, 0.0, 0.0, 0.0, 0.0, 0.0, 0.0, 0.0, 0.0, 0.0, 0.0, 0.0, 0.0, 0.0, 0.0, 0.0, 0.0, 0.0, 0.0, 0.0, 0.0, 0.0, 0.0 ], [ 0.0, 0.0, 0.0, 0.0, 0.0, 0.0, 0.0, 0.0, 0.0, 0.0, 0.0, 0.0, 0.0, 0.0, 0.0, 0.0, 0.0, -5.0e-3, 0.0, 0.0, 0.0, 0.0, 0.0, 0.0, 0.0, 0.0, 0.0, 0.0 ], [ 0.0, 0.0, 0.0, 0.0, 0.0, 0.0, 0.0, 0.0, 0.0, 0.0, 0.0, 0.0, 0.0, -5.0e-3, 0.0, 0.0, 0.0, 0.0, 0.0, -5.0e-3, 0.0, 0.0, 0.0, 0.0, -5.0e-3, 0.0, 0.0, 0.0 ], [ 0.0, 0.0, 0.0, 0.0, 0.0, 0.0, -5.0e-3, 4.999803921568627e-3, -4.999862745098028e-3, 4.999823529411775e-3, 4.999882352941158e-3, 4.999862745098051e-3, 5.0002941176470785e-3, 4.999980392156859e-3, 5.000196078431371e-3, 4.999666666666666e-3, 0.0, 0.0, 5.000137254901961e-3, 0.0, 0.0, 0.0, 3.92156862745098e-3, 0.0, 0.0, 0.0, -5.0e-3, 0.0 ], [ 3.92156862745098e-3, 3.92156862745098e-3, 0.0, -5.0e-3, 4.999705882352941e-3, 0.0, 4.99952941176473e-3, 4.999941176470606e-3, 4.999843137254877e-3, 4.999529411764653e-3, 5.000117647058854e-3, 4.999784313725439e-3, 4.9998627450980005e-3, 5.00003921568627e-3, 4.999823529411797e-3, 5.000490196078405e-3, 4.999843137254899e-3, 0.0, 0.0, 0.0, 5.000411764705882e-3, 0.0, -5.0e-3, 0.0, 0.0, 0.0, 0.0, 0.0 ], [ 3.92156862745098e-3, 4.999705882352941e-3, 3.92156862745098e-3, -5.00043137254902e-3, -5.0e-3, 5.000431372549017e-3, 4.999647058823506e-3, -4.999529411764741e-3, 5.00003921568627e-3, 5.000039215686286e-3, 4.999941176470587e-3, 5.000019607843146e-3, 4.999862745098045e-3, 5.000333333333281e-3, 4.999509803921573e-3, 5.0004117647058435e-3, 5.000215686274539e-3, 5.0004509803922015e-3, 5.000352941176494e-3, -5.0e-3, 0.0, -5.0e-3, -5.0e-3, -5.0e-3, -5.0e-3, 0.0, 0.0, 0.0 ], [ 0.0, -5.0e-3, -5.0e-3, -5.0e-3, 0.0, 5.000431372549034e-3, 5.0002352941176465e-3, -5.0e-3, 0.0, 0.0, -5.0e-3, 0.0, 0.0, 0.0, 4.999764705882365e-3, 5.00013725490191e-3, 5.000431372548967e-3, -5.000156862745123e-3, 4.999588235294135e-3, -4.999882352941168e-3, 4.999901960784337e-3, 5.000137254901955e-3, 4.999705882352922e-3, 4.99984313725491e-3, -5.000450980392135e-3, -4.999882352941168e-3, -5.000039215686281e-3, 5.000431372549017e-3 ], [ 4.99992156862745e-3, 4.99952941176473e-3, 4.999843137254899e-3, -5.00027450980391e-3, 4.999588235294129e-3, 4.9997450980392355e-3, 5.000215686274508e-3, 4.999980392156859e-3, 5.000078431372573e-3, 4.999627450980416e-3, 5.000470588235303e-3, 5.000176470588258e-3, -4.999686274509797e-3, -5.00003921568627e-3, -5.000000000000022e-3, -5.0004705882353145e-3, 5.00003921568627e-3, 5.000000000000011e-3, 5.000078431372548e-3, 4.999568627450989e-3, 5.000019607843102e-3, 5.00005882352946e-3, -5.000215686274517e-3, 4.999921568627416e-3, 5.000196078431393e-3, 5.000333333333326e-3, -4.999568627450989e-3, 4.999823529411775e-3 ], [ 5.000098039215685e-3, -4.999921568627427e-3, -5.000411764705888e-3, -5.000490196078438e-3, 5.000372549019629e-3, 4.999725490196101e-3, 4.999509803921562e-3, 4.999509803921562e-3, 4.999921568627416e-3, 5.000078431372529e-3, 4.999823529411787e-3, 4.999745098039224e-3, 4.999980392156859e-3, 5.000215686274508e-3, 0.0, 0.0, 0.0, 0.0, 0.0, 0.0, 4.9999607843137246e-3, 4.9996862745098035e-3, 4.9999607843137246e-3, 4.9999607843137246e-3, 4.999529411764705e-3, 5.000098039215685e-3, 5.000098039215685e-3, -5.0e-3 ], [ 0.0, 0.0, -5.0e-3, -5.0e-3, 0.0, 0.0, 0.0, 0.0, 0.0, 0.0, 0.0, 0.0, 0.0, 0.0, 0.0, 0.0, 0.0, 0.0, 0.0, 0.0, -5.0e-3, 0.0, 0.0, 0.0, 0.0, 0.0, 0.0, 0.0 ], [ 0.0, 0.0, 0.0, 0.0, 0.0, 0.0, 0.0, 0.0, 0.0, 0.0, 0.0, 0.0, 0.0, 0.0, 0.0, 0.0, 0.0, 0.0, 0.0, 0.0, -5.0e-3, 0.0, 0.0, 0.0, 0.0, 0.0, 0.0, 0.0 ], [ 0.0, 0.0, 0.0, 0.0, 0.0, 0.0, 0.0, 0.0, 0.0, 0.0, 0.0, 0.0, -5.0e-3, 0.0, 0.0, 0.0, -5.0e-3, 0.0, -5.0e-3, 0.0, -5.0e-3, -5.0e-3, 0.0, 0.0, 0.0, 0.0, 0.0, -5.0e-3 ], [ 0.0, 0.0, 0.0, 0.0, 0.0, 0.0, 0.0, 0.0, 0.0, 0.0, 0.0, 0.0, 0.0, 0.0, 0.0, 0.0, -5.0e-3, 0.0, -5.0e-3, 0.0, -5.0e-3, 0.0, 0.0, 0.0, 0.0, 0.0, 0.0, 0.0 ], [ 0.0, 0.0, 0.0, 0.0, 0.0, 0.0, 0.0, 0.0, 0.0, 0.0, 0.0, 0.0, 0.0, 0.0, 0.0, 0.0, 0.0, 0.0, 0.0, 0.0, -5.0e-3, 0.0, 0.0, 0.0, 0.0, 0.0, 0.0, 0.0 ], [ 0.0, 0.0, 0.0, 0.0, 0.0, 0.0, 0.0, -5.0e-3, 0.0, 0.0, 0.0, 0.0, 0.0, 0.0, 0.0, 0.0, 0.0, -5.0e-3, 0.0, 0.0, 0.0, 0.0, 0.0, 0.0, 0.0, 0.0, 0.0, 0.0 ], [ 0.0, 0.0, 0.0, 0.0, 0.0, 0.0, 0.0, -5.0e-3, 0.0, 0.0, 0.0, 0.0, 0.0, 0.0, 0.0, 0.0, -5.0e-3, 0.0, -8.91e-4, 0.0, 0.0, 0.0, 0.0, 0.0, 0.0, 0.0, 0.0, 0.0 ], [ 0.0, 0.0, 0.0, 0.0, 0.0, 0.0, 0.0, -5.0e-3, 0.0, 0.0, -5.0e-3, 0.0, 0.0, 0.0, 0.0, 0.0, 0.0, -5.0e-3, -5.0e-3, 0.0, 0.0, 0.0, -5.0e-3, 0.0, 0.0, 0.0, 0.0, 0.0 ], [ 0.0, 0.0, 0.0, 0.0, 0.0, 0.0, -5.0e-3, -5.0e-3, 0.0, 0.0, 0.0, 0.0, 0.0, 0.0, 0.0, 0.0, 0.0, 0.0, -5.0e-3, 0.0, 0.0, 0.0, 0.0, 0.0, 0.0, 0.0, 0.0, 0.0 ], [ 0.0, -5.0e-3, 0.0, 0.0, 0.0, 0.0, 0.0, 0.0, 0.0, 0.0, 0.0, 0.0, 0.0, 0.0, 0.0, 0.0, 0.0, 0.0, 0.0, 0.0, 0.0, 0.0, 0.0, 0.0, 0.0, 0.0, 0.0, 0.0 ], [ 0.0, 0.0, 0.0, 0.0, 0.0, -5.0e-3, 0.0, -5.0e-3, 0.0, 0.0, -5.0e-3, 0.0, 0.0, 0.0, 0.0, 0.0, 0.0, 0.0, -5.0e-3, 0.0, 0.0, -5.0e-3, -5.0e-3, 0.0, -5.0e-3, 0.0, 0.0, 0.0 ] ]
    result: 🗸 - Marabou proved no counterexample exists
    result: 🗸 - Marabou proved no counterexample exists

    result: ✗ - Marabou found a counterexample
      perturbation: [ [ 0.0, -5.0e-3, 0.0, 0.0, 0.0, -5.0e-3, -5.0e-3, 0.0, 0.0, 0.0, 0.0, 0.0, -5.0e-3, -5.0e-3, -5.0e-3, 0.0, 0.0, 0.0, 0.0, 0.0, -5.0e-3, 0.0, -5.0e-3, -5.0e-3, 0.0, 0.0, 0.0, 0.0 ], [ 0.0, 0.0, 0.0, 0.0, -5.0e-3, -5.0e-3, 0.0, 0.0, 0.0, 0.0, 0.0, 0.0, 0.0, 0.0, 0.0, 0.0, 0.0, 0.0, 0.0, 0.0, 0.0, 0.0, -5.0e-3, -5.0e-3, -5.0e-3, -5.0e-3, 0.0, 0.0 ], [ 0.0, 0.0, 0.0, -5.0e-3, 0.0, 0.0, 0.0, 0.0, 0.0, 0.0, -5.0e-3, -5.0e-3, 0.0, 0.0, 0.0, 0.0, 0.0, 0.0, 0.0, 0.0, 0.0, 0.0, 0.0, 0.0, -5.0e-3, -5.0e-3, 0.0, 0.0 ], [ 0.0, 0.0, 0.0, 0.0, 0.0, 0.0, 0.0, 0.0, 0.0, 0.0, 0.0, 0.0, 0.0, 0.0, 0.0, 0.0, 0.0, 0.0, 0.0, 0.0, 0.0, 0.0, 0.0, 0.0, 0.0, -5.0e-3, 0.0, 0.0 ], [ 0.0, 0.0, 0.0, 0.0, 0.0, 0.0, 0.0, 0.0, -5.0e-3, 0.0, 0.0, 0.0, 0.0, 0.0, -5.0e-3, 0.0, 0.0, 0.0, 0.0, 0.0, 0.0, 0.0, 0.0, 0.0, 0.0, -5.0e-3, 0.0, 0.0 ], [ 0.0, 0.0, 0.0, 0.0, 0.0, 0.0, 0.0, 0.0, 0.0, 0.0, 0.0, 0.0, 0.0, 0.0, 0.0, 0.0, 0.0, 0.0, 0.0, 0.0, 0.0, 0.0, 0.0, 0.0, 0.0, -5.0e-3, 0.0, 0.0 ], [ 0.0, 0.0, 0.0, 0.0, 0.0, 0.0, 0.0, 0.0, 0.0, 0.0, 0.0, 0.0, 0.0, 0.0, 0.0, 0.0, 0.0, 0.0, -5.0e-3, 0.0, -5.0e-3, 0.0, 0.0, 0.0, 0.0, 0.0, 0.0, 0.0 ], [ 0.0, 0.0, 0.0, 0.0, 0.0, 0.0, 0.0, 0.0, 0.0, 0.0, 0.0, 0.0, 0.0, 0.0, 0.0, 0.0, -5.0e-3, 0.0, 0.0, 0.0, 0.0, 0.0, 0.0, 0.0, 0.0, 0.0, 0.0, 0.0 ], [ 0.0, 0.0, 0.0, 0.0, 0.0, 0.0, 0.0, 0.0, 0.0, 0.0, 0.0, 0.0, 0.0, 0.0, 0.0, 3.92156862745098e-3, 4.9997843137254885e-3, 0.0, 5.000254901960784e-3, 5.000078431372529e-3, 4.999666666666666e-3, 5.000411764705882e-3, 0.0, 0.0, 4.999705882352941e-3, 0.0, 0.0, 0.0 ], [ 0.0, 0.0, 0.0, 0.0, 0.0, 0.0, 0.0, 0.0, 0.0, 0.0, 0.0, 0.0, 3.92156862745098e-3, 0.0, 5.0003333333333315e-3, 5.000215686274473e-3, 5.000078431372573e-3, -2.6197843137254944e-3, 5.00009803921573e-3, 4.999568627450978e-3, 4.999745098039224e-3, 5.000490196078449e-3, 5.000274509803944e-3, 5.0004901960783825e-3, 4.999803921568607e-3, 4.999803921568627e-3, 0.0, 3.92156862745098e-3 ], [ 0.0, 0.0, 0.0, 0.0, 0.0, 0.0, 0.0, 0.0, 0.0, 0.0, 0.0, 0.0, 0.0, -5.0e-3, 0.0, 0.0, 0.0, 4.999627450980416e-3, -4.999568627450989e-3, -4.999980392156854e-3, 5.000000000000022e-3, 4.9999999999999776e-3, 5.000098039215663e-3, 4.99954901960782e-3, -5.00045098039218e-3, 4.999529411764705e-3, 0.0, 3.92156862745098e-3 ], [ 0.0, -5.0e-3, 0.0, 0.0, 0.0, 0.0, 0.0, 0.0, 0.0, 0.0, 0.0, 0.0, 0.0, 0.0, 4.99952941176473e-3, 5.000431372549e-3, -4.999627450980382e-3, 5.000215686274473e-3, 4.999901960784293e-3, 4.999509803921573e-3, 5.000254901960831e-3, 4.999686274509753e-3, 5.000313725490158e-3, 5.000196078431393e-3, 5.000098039215663e-3, -5.000254901960775e-3, -5.0e-3, -4.999725490196079e-3 ], [ 3.92156862745098e-3, 3.92156862745098e-3, 0.0, 3.92156862745098e-3, 4.999705882352941e-3, 0.0, 0.0, 0.0, 5.000274509803921e-3, 5.000117647058823e-3, 5.000411764705882e-3, 5.000411764705882e-3, 0.0, 4.999803921568607e-3, 5.00013725490191e-3, 4.999588235294068e-3, -5.000215686274528e-3, -4.999784313725492e-3, 4.999647058823572e-3, 4.9999607843136855e-3, 5.000431372549011e-3, -5.000372549019573e-3, -5.000196078431371e-3, 5.00013725490191e-3, 4.999784313725483e-3, 4.999509803921573e-3, -5.0e-3, 0.0 ], [ 0.0, 0.0, 0.0, 0.0, 4.999705882352941e-3, 3.92156862745098e-3, 3.92156862745098e-3, 0.0, 0.0, 0.0, 0.0, 0.0, -5.000411764705888e-3, 4.9999999999999776e-3, -5.000450980392135e-3, -5.000196078431393e-3, -5.00001960784314e-3, 0.0, 0.0, -4.999705882352922e-3, -5.000196078431327e-3, -5.000313725490202e-3, -4.999862745098089e-3, -5.0003921568626975e-3, -4.99994117647059e-3, -5.0004313725490225e-3, 4.999745098039224e-3, 0.0 ], [ 3.92156862745098e-3, -5.00043137254902e-3, 3.92156862745098e-3, 3.92156862745098e-3, 0.0, 0.0, 0.0, 0.0, 5.000274509803921e-3, 4.99984313725491e-3, 4.9997058823529885e-3, 4.999901960784293e-3, 5.000313725490208e-3, 5.00005882352941e-3, 5.00023529411764e-3, 4.999686274509753e-3, -5.00035294117645e-3, 0.0, 0.0, 3.92156862745098e-3, 4.999882352941168e-3, -5.00045098039218e-3, 4.999588235294068e-3, 4.999627450980416e-3, -5.0e-3, 0.0, -4.999862745098045e-3, 0.0 ], [ -5.0e-3, 0.0, 0.0, 0.0, 4.999705882352941e-3, 0.0, 5.000490196078427e-3, 4.99984313725491e-3, 4.9997058823529885e-3, 5.000098039215663e-3, 5.000078431372573e-3, 4.999901960784293e-3, -5.0e-3, -4.999666666666669e-3, -5.0003921568626975e-3, 5.000235294117596e-3, 5.000137254901955e-3, 0.0, 0.0, 0.0, 5.0003921568627634e-3, -4.999901960784337e-3, -4.999764705882404e-3, -4.9997843137255275e-3, 4.999823529411764e-3, -5.0e-3, -4.999921568627427e-3, 5.00005882352941e-3 ], [ 0.0, -5.00043137254902e-3, -5.00043137254902e-3, 4.999705882352941e-3, 0.0, 0.0, 4.999784313725483e-3, 5.000333333333326e-3, 5.000431372549011e-3, 4.999568627450978e-3, 4.999705882352941e-3, 4.999823529411775e-3, 5.000313725490208e-3, 5.000372549019607e-3, 5.000039215686292e-3, -5.000392156862742e-3, 5.0004509803922015e-3, 0.0, 0.0, 0.0, 5.000235294117596e-3, -5.000137254902e-3, 5.000254901960831e-3, 5.000078431372529e-3, 4.999882352941158e-3, 0.0, -5.000215686274511e-3, -4.999627450980382e-3 ], [ 3.92156862745098e-3, 5.000274509803921e-3, -4.999725490196079e-3, -5.0e-3, 4.9999607843137246e-3, 4.999862745098051e-3, 5.000411764705888e-3, 4.999823529411787e-3, 5.000215686274473e-3, 4.999901960784359e-3, 4.999803921568627e-3, 4.999784313725472e-3, 5.0003333333333315e-3, 3.92156862745098e-3, 5.0e-3, 4.9998627450980005e-3, 5.000372549019596e-3, 4.99952941176473e-3, 0.0, 0.0, 4.999941176470595e-3, -4.9996862745098425e-3, 4.999784313725472e-3, 0.0, 5.000058823529416e-3, 4.999705882352941e-3, 5.0001764705882475e-3, 4.99992156862746e-3 ], [ 0.0, 0.0, 0.0, 0.0, 4.999529411764705e-3, 4.999784313725483e-3, 5.000019607843168e-3, 4.999960784313731e-3, 4.999509803921528e-3, 4.9999607843137246e-3, 4.999764705882365e-3, 4.999725490196101e-3, 4.999686274509797e-3, 0.0, 4.999823529411775e-3, 5.000039215686292e-3, 4.999509803921528e-3, 4.9996078431372585e-3, 0.0, 4.999529411764705e-3, 5.000000000000022e-3, 5.000313725490158e-3, 5.000431372549e-3, 0.0, 5.000372549019618e-3, 4.999705882352941e-3, 5.00003921568627e-3, 4.999882352941174e-3 ], [ 5.000411764705893e-3, 4.99954901960782e-3, 4.9998039215686735e-3, 5.000098039215663e-3, 4.999960784313731e-3, 4.999686274509753e-3, 5.000196078431348e-3, 4.999901960784359e-3, 5.0004117647058435e-3, 5.0001764705882475e-3, 5.000019607843146e-3, 5.000235294117596e-3, -4.9997843137255275e-3, 4.999686274509797e-3, 5.00003921568627e-3, 5.000000000000044e-3, 4.999509803921528e-3, 5.0004117647058435e-3, -4.999705882352966e-3, 5.0004117647058435e-3, 4.999607843137303e-3, -5.000352941176494e-3, 4.999901960784359e-3, -4.999686274509776e-3, 4.999843137254877e-3, 5.000411764705888e-3, 5.000039215686292e-3, -5.000411764705871e-3 ], [ 5.000254901960784e-3, -5.0003137254901854e-3, 4.999627450980416e-3, 5.000294117647067e-3, 4.99984313725491e-3, 4.999529411764686e-3, 5.000078431372529e-3, 4.999627450980426e-3, 5.0004901960783825e-3, 5.000235294117596e-3, 4.9998039215686735e-3, 5.000411764705888e-3, 5.000431372549011e-3, 4.99954901960782e-3, 5.000450980392135e-3, 5.000176470588258e-3, -4.99976470588237e-3, -5.000411764705871e-3, -4.9998823529411795e-3, -4.999941176470585e-3, -4.999901960784337e-3, 5.000431372549011e-3, 4.9999999999999776e-3, -4.999745098039169e-3, 5.00013725490191e-3, 4.999882352941168e-3, 5.0002941176470785e-3, 4.999862745098051e-3 ], [ -5.0e-3, -5.0e-3, 0.0, -5.0e-3, 0.0, 0.0, 0.0, 0.0, 0.0, -5.0e-3, 0.0, 0.0, 0.0, 0.0, 0.0, 0.0, -5.0e-3, 0.0, 0.0, 0.0, 0.0, -5.0e-3, 0.0, -5.0e-3, 0.0, 0.0, 0.0, 0.0 ], [ -5.0e-3, 0.0, 0.0, -5.0e-3, 0.0, 0.0, 0.0, -5.0e-3, 0.0, 0.0, 0.0, 0.0, 0.0, 0.0, 0.0, 0.0, 0.0, 0.0, 0.0, 0.0, 0.0, -5.0e-3, 0.0, 0.0, 0.0, -5.0e-3, 0.0, 0.0 ], [ 0.0, 0.0, 0.0, -5.0e-3, 0.0, -5.0e-3, 0.0, -5.0e-3, 0.0, 0.0, 0.0, 0.0, 0.0, 0.0, 0.0, 0.0, 0.0, 0.0, 0.0, 0.0, 0.0, 0.0, 0.0, 0.0, 0.0, 0.0, 0.0, 0.0 ], [ 0.0, 0.0, -5.0e-3, 0.0, 0.0, 0.0, 0.0, -5.0e-3, 0.0, 0.0, 0.0, 0.0, 0.0, 0.0, 0.0, 0.0, 0.0, 0.0, 0.0, 0.0, 0.0, 0.0, 0.0, -5.0e-3, 0.0, 0.0, 0.0, 0.0 ], [ 0.0, 0.0, -5.0e-3, -5.0e-3, -5.0e-3, 0.0, 0.0, 0.0, 0.0, 0.0, 0.0, 0.0, 0.0, 0.0, 0.0, 0.0, 0.0, 0.0, 0.0, 0.0, 0.0, 0.0, 0.0, 0.0, -5.0e-3, 0.0, 0.0, 0.0 ], [ -5.0e-3, 0.0, -5.0e-3, -5.0e-3, 0.0, 0.0, 0.0, -5.0e-3, 0.0, 0.0, 0.0, 0.0, 0.0, 0.0, 0.0, 0.0, 0.0, 0.0, 0.0, 0.0, 0.0, 0.0, 0.0, 0.0, -5.0e-3, 0.0, 0.0, 0.0 ], [ 0.0, 0.0, 0.0, 0.0, 0.0, 0.0, 0.0, -5.0e-3, -5.0e-3, -5.0e-3, -5.0e-3, 0.0, -5.0e-3, 0.0, 0.0, 0.0, 0.0, 0.0, 0.0, 0.0, 0.0, 0.0, 0.0, 0.0, 0.0, 0.0, 0.0, 0.0 ] ]
  robust!12 [......................................................] 0/9 queries
  robust!12 [======>...............................................] 1/9 queries
  robust!12 [============>.........................................] 2/9 queries
  robust!12 [==================>...................................] 3/9 queries
  robust!12 [========================>.............................] 4/9 queries
  robust!12 [==============================>.......................] 5/9 queries
  robust!12 [====================================>.................] 6/9 queries
    result: ✗ - Marabou found a counterexample
      perturbation: [ [ 0.0, 0.0, 0.0, 0.0, 0.0, 0.0, 0.0, 0.0, 0.0, 0.0, -5.0e-3, -5.0e-3, 0.0, 0.0, 0.0, 0.0, -5.0e-3, -5.0e-3, 0.0, 0.0, 0.0, 0.0, 0.0, 0.0, 0.0, 0.0, 0.0, 0.0 ], [ 0.0, 0.0, 0.0, 0.0, 0.0, 0.0, 0.0, 0.0, 0.0, -5.0e-3, 0.0, -5.0e-3, 0.0, 0.0, 0.0, 0.0, 0.0, 0.0, -5.0e-3, -5.0e-3, 0.0, 0.0, 0.0, 0.0, 0.0, 0.0, 0.0, 0.0 ], [ 0.0, 0.0, 0.0, 0.0, 0.0, 0.0, 0.0, 0.0, 0.0, -5.0e-3, 0.0, 0.0, 0.0, -5.0e-3, 0.0, 0.0, -5.0e-3, 0.0, 0.0, 0.0, -5.0e-3, 0.0, 0.0, 0.0, 0.0, 0.0, 0.0, 0.0 ], [ 0.0, 0.0, 0.0, 0.0, 0.0, 0.0, 0.0, 0.0, 0.0, 0.0, 0.0, 0.0, 0.0, 0.0, 0.0, 0.0, 0.0, 0.0, 0.0, 0.0, 0.0, 0.0, 0.0, 0.0, 0.0, 0.0, 0.0, 0.0 ], [ 0.0, 0.0, 0.0, 0.0, 0.0, 0.0, 0.0, 0.0, 0.0, 0.0, 0.0, 0.0, 0.0, 0.0, 0.0, 0.0, 0.0, 0.0, 0.0, 0.0, 0.0, 0.0, 0.0, -5.0e-3, 0.0, 0.0, 0.0, 0.0 ], [ 0.0, 0.0, 0.0, 0.0, 0.0, 0.0, 0.0, 0.0, 0.0, 0.0, 0.0, 0.0, 0.0, 0.0, 0.0, 0.0, 0.0, 0.0, 0.0, 0.0, 0.0, 0.0, 0.0, -5.0e-3, 0.0, 0.0, 0.0, 0.0 ], [ 0.0, 0.0, 0.0, 0.0, 0.0, 0.0, 0.0, 0.0, 0.0, -5.0e-3, 0.0, 0.0, 0.0, 0.0, 0.0, 0.0, 0.0, 0.0, 0.0, 0.0, 0.0, 0.0, 0.0, 0.0, 0.0, 0.0, 0.0, 0.0 ], [ 0.0, 0.0, 0.0, 0.0, -5.0e-3, 0.0, 0.0, 0.0, 0.0, 0.0, 0.0, -5.0e-3, 0.0, 0.0, 0.0, 0.0, 0.0, 0.0, -5.0e-3, 0.0, 0.0, 0.0, 0.0, 0.0, 0.0, 0.0, 0.0, 0.0 ], [ 0.0, 0.0, 0.0, 0.0, -5.0e-3, 0.0, 0.0, 0.0, 0.0, -5.0e-3, 0.0, 0.0, -5.0e-3, 0.0, 0.0, 0.0, 0.0, 0.0, 0.0, 0.0, 0.0, 0.0, 0.0, 0.0, 0.0, 0.0, 0.0, 0.0 ], [ 0.0, 0.0, 0.0, 0.0, 0.0, 0.0, 0.0, 0.0, 0.0, 0.0, 0.0, -4.9997254901960565e-3, 5.0002941176470785e-3, 0.0, 0.0, 0.0, 3.92156862745098e-3, 0.0, 0.0, 0.0, 0.0, 0.0, 0.0, 0.0, 0.0, 0.0, 0.0, 0.0 ], [ 0.0, 5.000117647058823e-3, 0.0, 0.0, 5.000117647058823e-3, 4.999705882352941e-3, 4.999705882352941e-3, 4.999705882352941e-3, 0.0, 0.0, 4.999647058823539e-3, 5.00005882352946e-3, 4.999784313725483e-3, 5.000117647058787e-3, -4.99950980392157e-3, 0.0, 0.0, 0.0, 4.999705882352941e-3, 4.999705882352941e-3, 0.0, 0.0, 0.0, 0.0, 0.0, 0.0, 0.0, 0.0 ], [ 0.0, 5.000235294117596e-3, 4.999823529411775e-3, 0.0, 0.0, 0.0, 0.0, 0.0, 0.0, 0.0, 4.999921568627483e-3, 4.999784313725483e-3, 5.000372549019629e-3, 5.000196078431393e-3, 4.999960784313719e-3, 5.00045098039218e-3, 5.000392156862744e-3, 0.0, 0.0, 4.999705882352941e-3, 3.92156862745098e-3, 3.92156862745098e-3, 3.92156862745098e-3, 3.92156862745098e-3, 0.0, 0.0, 0.0, 0.0 ], [ 5.000254901960784e-3, 5.0001568627451014e-3, 4.999607843137303e-3, 4.999509803921551e-3, 5.00049019607843e-3, 5.000254901960784e-3, -5.00043137254902e-3, 4.999705882352941e-3, 4.999764705882365e-3, 4.999921568627416e-3, 4.999843137254921e-3, 5.0004117647058765e-3, 5.000196078431348e-3, 5.000274509803944e-3, 5.000372549019629e-3, 4.999529411764697e-3, 5.000196078431393e-3, 4.9998627450980335e-3, 4.999627450980391e-3, 0.0, 0.0, 0.0, 0.0, 4.999705882352941e-3, 4.999843137254901e-3, 4.999705882352941e-3, 0.0, 0.0 ], [ 5.0002745098039324e-3, 5.0001568627451014e-3, 5.000431372549011e-3, 5.000254901960831e-3, 5.000098039215708e-3, -5.000313725490202e-3, -4.9997254901960565e-3, 4.9997450980392355e-3, 5.000333333333281e-3, -5.000254901960809e-3, 5.00005882352946e-3, 4.999843137254921e-3, 4.999823529411787e-3, 4.9995882352941124e-3, 4.9998627450980335e-3, 4.9995882352941124e-3, 5.000098039215708e-3, 5.000470588235259e-3, 4.9997058823529885e-3, 4.999960784313719e-3, 4.999509803921551e-3, 4.999941176470587e-3, 0.0, 0.0, 0.0, 0.0, 0.0, 0.0 ], [ 5.000372549019618e-3, 5.000392156862719e-3, 5.000156862745146e-3, 4.999784313725439e-3, 5.0001568627451014e-3, -5.000078431372517e-3, -4.999666666666718e-3, 5.00037254901964e-3, 4.999921568627416e-3, 5.000313725490191e-3, 5.000176470588258e-3, 5.00003921568627e-3, 5.0004117647058765e-3, 5.000274509803944e-3, 5.00003921568627e-3, 5.000274509803944e-3, 5.0004117647058765e-3, 5.0004117647058765e-3, 5.0004117647058765e-3, 5.000372549019629e-3, 5.000196078431393e-3, 4.9996470588235505e-3, 4.999960784313719e-3, 4.9998627450980335e-3, 5.000235294117629e-3, 4.9997254901960895e-3, 4.999980392156863e-3, 0.0 ], [ 4.999549019607854e-3, 5.0e-3, 5.00023529411764e-3, 4.999960784313719e-3, 5.000196078431393e-3, 4.9997450980392355e-3, -5.00035294117645e-3, 5.000098039215708e-3, 4.9996470588235505e-3, -4.999529411764741e-3, 5.000470588235259e-3, 4.9996470588235505e-3, 4.999960784313719e-3, 5.000372549019629e-3, 4.999921568627416e-3, 4.999509803921562e-3, 4.999549019607865e-3, 4.999960784313719e-3, 4.999921568627416e-3, 4.999549019607865e-3, 5.000137254901955e-3, 5.000137254901955e-3, 4.999686274509797e-3, 5.000372549019629e-3, 4.9996470588235505e-3, 4.999960784313719e-3, 5.000235294117596e-3, 4.99992156862746e-3 ], [ 5.000470588235259e-3, 5.000215686274539e-3, 5.000019607843102e-3, 4.999980392156854e-3, 4.9996470588235505e-3, -4.999862745098045e-3, -4.999588235294124e-3, 5.000196078431393e-3, 4.999607843137303e-3, 4.999882352941168e-3, -5.000117647058831e-3, 4.9997450980392355e-3, 4.999607843137303e-3, 5.000333333333326e-3, 4.999823529411787e-3, 5.0004117647058765e-3, 5.00045098039218e-3, 5.00045098039218e-3, 5.000274509803944e-3, -4.999803921568618e-3, 4.999901960784337e-3, 5.000313725490191e-3, 4.9995882352941124e-3, 5.000137254901955e-3, 5.000098039215708e-3, 4.9997450980392355e-3, 4.99966666666663e-3, 4.999745098039191e-3 ], [ 5.00037254901964e-3, 4.999882352941124e-3, 5.000000000000022e-3, 5.000019607843102e-3, 4.999568627450944e-3, 5.000431372549011e-3, -5.000254901960764e-3, -5.000117647058831e-3, -5.000117647058831e-3, 5.000019607843102e-3, -4.999568627450989e-3, 4.999843137254921e-3, 4.9997058823529885e-3, 5.0002941176470785e-3, 4.9997058823529885e-3, 5.0002941176470785e-3, 4.999607843137303e-3, -4.999666666666674e-3, 5.000333333333326e-3, 4.9996470588235505e-3, 4.999784313725483e-3, 4.999607843137303e-3, 4.9997058823529885e-3, 4.99966666666663e-3, 4.999843137254921e-3, 5.0003921568627634e-3, 4.9997058823529434e-3, 4.999803921568629e-3 ], [ 5.000254901960831e-3, 4.9997254901960235e-3, 5.000294117647034e-3, 4.999745098039191e-3, 5.0001568627451014e-3, 4.999843137254877e-3, 4.999882352941124e-3, 4.999509803921573e-3, 5.000333333333281e-3, 5.000470588235326e-3, -4.999529411764674e-3, 5.000333333333281e-3, 5.000058823529416e-3, 4.999784313725439e-3, 4.999647058823506e-3, 5.000235294117596e-3, 5.000235294117596e-3, 5.0003921568627634e-3, 4.999568627450944e-3, 4.999843137254921e-3, 4.999529411764697e-3, 4.999921568627483e-3, 5.000470588235326e-3, 4.999882352941124e-3, 4.9996078431372585e-3, 4.999882352941124e-3, 5.000254901960786e-3, 5.00045098039218e-3 ], [ 4.999666666666666e-3, 5.000196078431393e-3, 4.999960784313719e-3, 5.000333333333326e-3, 4.9997450980392355e-3, 5.000333333333326e-3, -4.999980392156898e-3, 5.000254901960831e-3, -4.999882352941213e-3, 5.0003921568627634e-3, 5.000254901960831e-3, 4.999980392156854e-3, 5.000117647058787e-3, 5.000235294117596e-3, 4.99966666666663e-3, 5.000254901960831e-3, 4.99966666666663e-3, 5.000254901960831e-3, 5.0002941176470785e-3, 5.000431372549011e-3, 4.999568627450944e-3, 5.0002941176470785e-3, 5.000196078431393e-3, 4.9996470588235505e-3, 5.0004117647058765e-3, 5.000235294117629e-3, 0.0, 0.0 ], [ 0.0, 0.0, 0.0, 0.0, -5.0e-3, 0.0, 0.0, 0.0, 0.0, 0.0, 0.0, 0.0, 0.0, 0.0, 0.0, 0.0, 0.0, 0.0, 0.0, 0.0, 0.0, 0.0, 0.0, 0.0, 0.0, 0.0, 0.0, 0.0 ], [ 0.0, 0.0, 0.0, 0.0, 0.0, 0.0, 0.0, 0.0, 0.0, 0.0, -5.0e-3, 0.0, 0.0, 0.0, 0.0, 0.0, 0.0, 0.0, 0.0, 0.0, 0.0, 0.0, 0.0, 0.0, 0.0, 0.0, 0.0, 0.0 ], [ 0.0, 0.0, 0.0, 0.0, -5.0e-3, 0.0, 0.0, 0.0, 0.0, 0.0, -5.0e-3, 0.0, 0.0, 0.0, 0.0, 0.0, 0.0, 0.0, 0.0, 0.0, 0.0, 0.0, 0.0, 0.0, 0.0, 0.0, 0.0, 0.0 ], [ 0.0, 0.0, 0.0, 0.0, 0.0, 0.0, 0.0, -5.0e-3, 0.0, 0.0, 0.0, 0.0, 0.0, 0.0, 0.0, 0.0, 0.0, 0.0, 0.0, 0.0, 0.0, 0.0, 0.0, 0.0, 0.0, 0.0, 0.0, 0.0 ], [ 0.0, -5.0e-3, 0.0, -5.0e-3, 0.0, 0.0, 0.0, -5.0e-3, 0.0, 0.0, 0.0, 0.0, 0.0, 0.0, 0.0, 0.0, 0.0, 0.0, 0.0, 0.0, 0.0, 0.0, 0.0, 0.0, 0.0, 0.0, 0.0, 0.0 ], [ 0.0, 0.0, 0.0, 0.0, 0.0, 0.0, 0.0, 0.0, -5.0e-3, 0.0, 0.0, 0.0, 0.0, 0.0, -5.0e-3, 0.0, 0.0, 0.0, 0.0, -5.0e-3, 0.0, 0.0, 0.0, 0.0, 0.0, 0.0, 0.0, 0.0 ], [ 0.0, 0.0, 0.0, 0.0, 0.0, 0.0, 0.0, -5.0e-3, -5.0e-3, 0.0, 0.0, 0.0, 0.0, 0.0, 0.0, 0.0, 0.0, 0.0, 0.0, 0.0, 0.0, 0.0, 0.0, 0.0, 0.0, 0.0, 0.0, 0.0 ], [ 0.0, 0.0, 0.0, 0.0, -5.0e-3, 0.0, 0.0, 0.0, -5.0e-3, -5.0e-3, 0.0, 0.0, 0.0, 0.0, 0.0, 0.0, 0.0, 0.0, 0.0, -5.0e-3, 0.0, -5.0e-3, -5.0e-3, -5.0e-3, 0.0, 0.0, 0.0, 0.0 ] ]
  robust!13 [......................................................] 0/9 queries
  robust!13 [======>...............................................] 1/9 queries
  robust!13 [============>.........................................] 2/9 queries
  robust!13 [==================>...................................] 3/9 queries
  robust!13 [========================>.............................] 4/9 queries
  robust!13 [==============================>.......................] 5/9 queries
  robust!13 [====================================>.................] 6/9 queries
  robust!13 [==========================================>...........] 7/9 queries
  robust!13 [================================================>.....] 8/9 queries
  robust!13 [======================================================] 9/9 queries
  robust!14 [......................................................] 0/9 queries
  robust!14 [======>...............................................] 1/9 queries
  robust!14 [============>.........................................] 2/9 queries
  robust!14 [==================>...................................] 3/9 queries
  robust!14 [========================>.............................] 4/9 queries
  robust!14 [==============================>.......................] 5/9 queries
  robust!14 [====================================>.................] 6/9 queries
  robust!14 [==========================================>...........] 7/9 queries
  robust!14 [================================================>.....] 8/9 queries
  robust!14 [======================================================] 9/9 queries
  robust!15 [......................................................] 0/9 queries
  robust!15 [======>...............................................] 1/9 queries
  robust!15 [============>.........................................] 2/9 queries
  robust!15 [==================>...................................] 3/9 queries
  robust!15 [========================>.............................] 4/9 queries
  robust!15 [==============================>.......................] 5/9 queries
  robust!15 [====================================>.................] 6/9 queries
  robust!15 [==========================================>...........] 7/9 queries
  robust!15 [================================================>.....] 8/9 queries
  robust!15 [======================================================] 9/9 queries
  robust!16 [......................................................] 0/9 queries
  robust!16 [======>...............................................] 1/9 queries
  robust!16 [============>.........................................] 2/9 queries
  robust!16 [==================>...................................] 3/9 queries
  robust!16 [========================>.............................] 4/9 queries
  robust!16 [==============================>.......................] 5/9 queries
  robust!16 [====================================>.................] 6/9 queries
  robust!16 [==========================================>...........] 7/9 queries
  robust!16 [================================================>.....] 8/9 queries
  robust!16 [======================================================] 9/9 queries
  robust!17 [......................................................] 0/9 queries
  robust!17 [======>...............................................] 1/9 queries
    result: 🗸 - Marabou proved no counterexample exists
    result: 🗸 - Marabou proved no counterexample exists
    result: 🗸 - Marabou proved no counterexample exists
    result: 🗸 - Marabou proved no counterexample exists

    result: ✗ - Marabou found a counterexample
      perturbation: [ [ 0.0, 0.0, 0.0, 0.0, 0.0, 0.0, 0.0, 0.0, 0.0, 0.0, 0.0, 0.0, -4.999509803921573e-3, 4.9997843137254885e-3, 5.000490196078427e-3, -5.000098039215663e-3, 5.00045098039218e-3, 5.000470588235303e-3, 0.0, 0.0, 0.0, 0.0, 0.0, 0.0, 0.0, 0.0, 0.0, 0.0 ], [ 0.0, 0.0, 0.0, 0.0, 0.0, 3.92156862745098e-3, 4.999705882352941e-3, 5.000137254901961e-3, 0.0, 0.0, 5.0004509803922015e-3, 4.999823529411797e-3, -5.000490196078472e-3, 4.9996666666666965e-3, 5.000235294117663e-3, 5.0003137254902245e-3, 5.0e-3, 4.999921568627483e-3, 4.999647058823506e-3, 4.9997254901960895e-3, 0.0, 4.999843137254901e-3, 5.000137254901961e-3, 0.0, 0.0, 0.0, 0.0, 0.0 ], [ 0.0, 0.0, 0.0, 0.0, 0.0, 0.0, 0.0, 0.0, 0.0, 5.000254901960784e-3, 4.99958823529409e-3, 5.000333333333281e-3, 5.000431372549011e-3, 4.99998039215681e-3, 5.000333333333348e-3, 4.9998627450980005e-3, 4.999882352941124e-3, 4.999980392156843e-3, 5.000098039215663e-3, 4.99992156862746e-3, 0.0, 0.0, 0.0, 0.0, 0.0, 0.0, 0.0, 0.0 ], [ 0.0, 0.0, 0.0, 5.000137254901961e-3, 0.0, 0.0, 5.000215686274508e-3, 5.000098039215696e-3, 4.999843137254899e-3, 5.000450980392135e-3, 5.000470588235303e-3, 4.999686274509815e-3, 4.999745098039214e-3, 5.00023529411764e-3, 5.0e-3, 5.000019607843168e-3, -4.999509803921551e-3, 5.000392156862719e-3, 5.000352941176469e-3, 5.000411764705893e-3, 5.00045098039218e-3, 5.000294117647056e-3, 0.0, 0.0, 0.0, 0.0, 0.0, 0.0 ], [ 0.0, 0.0, 0.0, 0.0, 0.0, 4.999882352941168e-3, 5.0002941176470785e-3, 4.999745098039224e-3, 5.000254901960831e-3, 5.000450980392135e-3, 5.00003921568627e-3, 5.000039215686286e-3, 0.0, 4.999666666666674e-3, 4.9997058823529434e-3, 4.999627450980382e-3, 5.0e-3, 4.999784313725506e-3, 4.999745098039214e-3, 4.99952941176473e-3, 5.0e-3, 4.999607843137214e-3, 4.999647058823506e-3, 5.000098039215685e-3, 0.0, 0.0, 0.0, 0.0 ], [ 0.0, 0.0, 0.0, 0.0, 4.99992156862746e-3, 5.000215686274473e-3, 4.999666666666663e-3, 4.9997058823529434e-3, 4.999627450980382e-3, 4.999803921568607e-3, 5.000000000000022e-3, 0.0, 4.999509803921567e-3, 4.99992156862745e-3, 5.000470588235281e-3, 5.000215686274539e-3, 5.0002941176470785e-3, 5.000431372549e-3, 5.000274509803921e-3, 5.000196078431371e-3, 5.000176470588258e-3, 4.9999999999999776e-3, 5.000274509803955e-3, 4.999588235294135e-3, 4.999803921568627e-3, 0.0, 0.0, 0.0 ], [ 0.0, 0.0, 0.0, 0.0, 5.000019607843146e-3, 5.0004509803922015e-3, 5.000333333333281e-3, 5.000490196078449e-3, 5.000470588235259e-3, 4.999568627450944e-3, 4.999823529411797e-3, 5.000470588235292e-3, 5.000254901960764e-3, 0.0, 4.999823529411753e-3, 4.99968627450982e-3, 5.000215686274517e-3, 4.999529411764705e-3, 4.9997843137254885e-3, 4.999549019607854e-3, 4.999941176470587e-3, 5.000039215686225e-3, 4.999921568627439e-3, 4.9997254901960235e-3, 4.999725490196101e-3, 0.0, 0.0, 0.0 ], [ 0.0, 0.0, 0.0, 0.0, 4.999803921568651e-3, 5.0004509803922015e-3, 4.9999607843136855e-3, 4.99966666666663e-3, 4.999823529411797e-3, 4.999764705882315e-3, 5.000431372549034e-3, 5.000196078431382e-3, 5.0003529411765165e-3, 4.999843137254901e-3, 4.999529411764697e-3, 4.9997058823529885e-3, 5.0e-3, 4.999980392156843e-3, 4.999686274509797e-3, 5.000019607843168e-3, 5.0e-3, 5.0e-3, 5.000176470588225e-3, 4.9997058823529885e-3, 4.999627450980426e-3, 0.0, 0.0, 0.0 ], [ 0.0, 0.0, 0.0, 0.0, 4.999705882352922e-3, 5.000431372548967e-3, 4.999843137254877e-3, 4.999725490196068e-3, 4.999588235294135e-3, 4.999509803921528e-3, 5.000372549019596e-3, 5.000431372549011e-3, 5.0e-3, 0.0, 4.9999999999999776e-3, 5.000215686274517e-3, 5.000392156862719e-3, 5.000058823529371e-3, 5.0e-3, 5.0e-3, 4.9998039215686735e-3, 5.00023529411764e-3, 4.9997843137254885e-3, 4.9997058823529434e-3, 5.00035294117645e-3, 0.0, 0.0, 0.0 ], [ 0.0, 0.0, 0.0, 0.0, -4.999607843137236e-3, 4.999568627451011e-3, 4.99976470588236e-3, 4.9999607843136855e-3, 4.999843137254877e-3, 5.000196078431415e-3, 4.999941176470562e-3, 5.000058823529371e-3, 4.9998627450980005e-3, 0.0, 5.000411764705888e-3, 5.0003137254902245e-3, 4.999921568627439e-3, 5.000431372549034e-3, 5.000039215686292e-3, 4.9997647058823485e-3, 0.0, 5.000098039215708e-3, 4.999862745098045e-3, 5.0e-3, 4.999941176470587e-3, 0.0, 0.0, 0.0 ], [ 0.0, 0.0, 0.0, 0.0, 5.0e-3, 5.000078431372539e-3, 5.0003333333333315e-3, 5.000392156862719e-3, 4.999882352941191e-3, 5.000117647058854e-3, 4.999803921568629e-3, 5.000254901960786e-3, 4.99992156862746e-3, 4.999588235294129e-3, 4.99968627450982e-3, 5.0e-3, 4.999529411764653e-3, 4.999588235294068e-3, 4.999764705882365e-3, -5.0004313725490225e-3, 5.00003921568627e-3, 4.999823529411797e-3, 4.999941176470606e-3, 4.999843137254877e-3, 0.0, 0.0, 0.0, 0.0 ], [ 0.0, 0.0, 0.0, 0.0, 5.0e-3, 5.000372549019629e-3, 0.0, 5.000470588235281e-3, 5.000196078431415e-3, 5.00037254901964e-3, 5.000490196078405e-3, 5.0004901960783825e-3, 5.000117647058821e-3, 4.999705882352922e-3, 5.000078431372495e-3, 4.999921568627483e-3, 5.000078431372529e-3, 4.999882352941168e-3, 5.000372549019618e-3, 5.000372549019629e-3, 5.000215686274473e-3, 4.999823529411753e-3, 4.999862745098045e-3, 4.999882352941168e-3, 5.000411764705893e-3, 0.0, 0.0, 0.0 ], [ 0.0, 0.0, 0.0, 0.0, 5.000372549019596e-3, 4.999980392156859e-3, 5.000137254901972e-3, 5.000294117647101e-3, 5.000450980392135e-3, 5.000313725490158e-3, 4.9998627450980005e-3, 5.000019607843146e-3, 5.0002941176470785e-3, 4.999882352941158e-3, 5.000137254901977e-3, 5.000196078431415e-3, 4.999725490196068e-3, 5.000196078431348e-3, 5.000196078431393e-3, 4.999784313725506e-3, 5.000470588235281e-3, 5.000215686274539e-3, 4.999725490196112e-3, 5.000490196078405e-3, 5.000431372549011e-3, 0.0, 0.0, 0.0 ], [ 0.0, 0.0, 0.0, 4.999823529411764e-3, 4.999843137254921e-3, 5.000254901960784e-3, 4.999980392156854e-3, 5.000352941176472e-3, 4.999803921568607e-3, 5.000333333333281e-3, 5.000372549019629e-3, 5.000254901960764e-3, 4.99954901960782e-3, 4.999627450980391e-3, 5.000235294117596e-3, 5.000470588235281e-3, 5.000196078431415e-3, 5.0002941176470785e-3, 4.99966666666663e-3, 5.000019607843124e-3, 5.000431372549011e-3, 5.00027450980391e-3, 4.999529411764686e-3, 4.999588235294135e-3, 5.0e-3, 4.9999019607843255e-3, 0.0, 0.0 ], [ 0.0, 0.0, 0.0, 4.999862745098051e-3, 5.00013725490191e-3, 0.0, 5.0e-3, 4.999823529411797e-3, 4.999607843137303e-3, 5.000000000000022e-3, 5.000098039215696e-3, 4.999568627450989e-3, 5.000176470588258e-3, 5.000098039215685e-3, 5.0003921568627634e-3, 5.000490196078449e-3, 5.0e-3, 4.999588235294068e-3, 5.000176470588225e-3, 4.999901960784314e-3, 5.0001764705882475e-3, 5.0004509803922015e-3, 4.999843137254921e-3, 4.999607843137236e-3, 5.000196078431415e-3, 4.99984313725491e-3, 0.0, 0.0 ], [ 0.0, 0.0, 0.0, 5.000372549019618e-3, 5.0004509803922015e-3, 0.0, 5.0e-3, 4.9997647058823485e-3, 4.9998627450980335e-3, 5.000313725490191e-3, 5.000333333333315e-3, 5.000000000000022e-3, 4.999647058823539e-3, 0.0, 4.999647058823506e-3, 4.99976470588236e-3, 4.99966666666663e-3, 5.000372549019629e-3, 5.000137254901977e-3, 4.9996666666666965e-3, 5.000019607843135e-3, 4.999823529411787e-3, 4.9996078431372585e-3, 5.000176470588258e-3, 4.9996078431372585e-3, 4.999509803921562e-3, 0.0, 0.0 ], [ 0.0, 0.0, 0.0, 5.000313725490208e-3, 5.000019607843168e-3, 5.000000000000011e-3, 4.999568627451011e-3, 4.999980392156863e-3, 5.000470588235303e-3, 4.999549019607865e-3, 5.000156862745146e-3, 5.000333333333326e-3, 5.000470588235303e-3, 0.0, 5.0003921568627634e-3, 5.000431372549e-3, 4.999549019607865e-3, 4.999941176470585e-3, 5.000078431372539e-3, 5.000215686274473e-3, 4.99976470588236e-3, 5.00049019607843e-3, 4.999725490196112e-3, 4.9995882352941124e-3, 5.000098039215663e-3, 4.999784313725472e-3, 0.0, 0.0 ], [ 0.0, 0.0, 0.0, 5.000254901960781e-3, 5.0e-3, 5.000274509803944e-3, 5.000117647058854e-3, 0.0, 5.000000000000022e-3, 5.000176470588225e-3, 4.999588235294135e-3, 5.000039215686292e-3, 5.000156862745079e-3, 5.000392156862742e-3, 5.0002941176470785e-3, 4.999941176470587e-3, 5.000039215686286e-3, 4.999941176470585e-3, 4.999784313725483e-3, 4.999960784313719e-3, 4.99976470588236e-3, 0.0, 4.999647058823506e-3, 4.99984313725491e-3, 4.999725490196101e-3, 4.999588235294129e-3, 0.0, 0.0 ], [ 0.0, 0.0, 0.0, 4.999980392156859e-3, 5.000294117647101e-3, 5.000000000000044e-3, 5.000333333333348e-3, 0.0, 5.0004117647058765e-3, 4.999647058823572e-3, 5.000372549019596e-3, 5.000137254901977e-3, 5.00005882352946e-3, 4.99976470588236e-3, 4.999823529411797e-3, 4.9996862745098035e-3, 0.0, 5.000392156862742e-3, 5.00003921568627e-3, 4.999745098039214e-3, 4.999960784313719e-3, 0.0, 5.000490196078449e-3, 5.000058823529416e-3, 4.999607843137253e-3, 5.0002352941176465e-3, 0.0, 0.0 ], [ 0.0, 0.0, 0.0, 4.999568627450978e-3, 4.999509803921528e-3, 4.999862745098067e-3, 5.000254901960786e-3, 0.0, 5.000078431372529e-3, 5.000352941176472e-3, 4.999901960784314e-3, 5.000215686274473e-3, 5.000470588235326e-3, 5.000254901960786e-3, 5.000274509803955e-3, 5.000254901960784e-3, 4.9999607843137246e-3, 4.999647058823539e-3, 5.000254901960781e-3, 4.999627450980391e-3, 5.0002941176470785e-3, 0.0, 5.000137254901977e-3, 5.000176470588225e-3, 5.000196078431382e-3, 4.999843137254901e-3, 0.0, 0.0 ], [ 0.0, 0.0, 0.0, 4.999549019607854e-3, 5.00027450980391e-3, 5.000254901960786e-3, 4.9997058823529885e-3, 0.0, 4.999607843137303e-3, 4.9997254901960235e-3, 4.999803921568629e-3, 4.99966666666663e-3, 4.999764705882315e-3, 5.000019607843124e-3, 4.999725490196068e-3, 5.000098039215685e-3, 4.999705882352938e-3, 5.000254901960764e-3, 4.999647058823539e-3, 4.999509803921562e-3, 4.999509803921528e-3, 0.0, 5.000470588235326e-3, 4.999843137254877e-3, 4.999607843137303e-3, 4.999666666666666e-3, 0.0, 0.0 ], [ 0.0, 0.0, 0.0, 4.999980392156859e-3, 4.999588235294135e-3, 5.000333333333281e-3, 5.000411764705893e-3, 0.0, 4.999901960784359e-3, 5.000254901960786e-3, 4.999647058823506e-3, 5.000313725490202e-3, 5.000235294117596e-3, 4.999921568627439e-3, 5.000490196078405e-3, 5.000156862745095e-3, 5.000078431372529e-3, 4.999705882352922e-3, 5.000019607843146e-3, 4.9998627450980005e-3, 4.999823529411753e-3, 0.0, 4.999607843137303e-3, 5.00009803921573e-3, 4.999529411764697e-3, 4.999941176470587e-3, 0.0, 0.0 ], [ 0.0, 0.0, 0.0, 4.999607843137253e-3, 5.000235294117663e-3, 4.9996470588235505e-3, 5.000274509803921e-3, 0.0, 5.000294117647034e-3, 4.9997058823529885e-3, 4.999686274509797e-3, 4.999627450980416e-3, 5.000313725490202e-3, 5.000078431372539e-3, 4.99998039215681e-3, 4.999823529411787e-3, 5.000156862745146e-3, 4.999666666666663e-3, 4.999960784313731e-3, 5.000431372548967e-3, 4.999509803921528e-3, 0.0, 5.000431372549e-3, 5.000470588235281e-3, 5.000039215686292e-3, 4.999823529411775e-3, 0.0, 0.0 ], [ 0.0, 0.0, 0.0, 5.000078431372548e-3, 4.999588235294135e-3, 4.999705882352922e-3, 3.92156862745098e-3, 0.0, 4.999647058823506e-3, 4.999941176470595e-3, 4.999941176470585e-3, 4.99952941176473e-3, 4.999901960784293e-3, 4.999627450980426e-3, 5.0004117647058435e-3, 4.999843137254921e-3, 5.000313725490191e-3, 5.00045098039218e-3, 5.00027450980391e-3, 4.99998039215681e-3, -5.0003725490196625e-3, 0.0, 4.999705882352938e-3, 5.000039215686248e-3, 5.000372549019596e-3, 4.9997647058823485e-3, 0.0, 0.0 ], [ 0.0, 0.0, 0.0, 4.999980392156859e-3, 5.000196078431348e-3, 4.999941176470595e-3, 0.0, 0.0, 4.999941176470606e-3, 4.999725490196101e-3, 4.999960784313708e-3, 4.999921568627416e-3, 4.9998039215686735e-3, 4.999705882352922e-3, 4.99998039215681e-3, 4.999509803921562e-3, 4.999647058823539e-3, 4.999627450980382e-3, 4.9996666666666965e-3, 5.000490196078405e-3, 4.9996078431372585e-3, 0.0, 4.9997843137254885e-3, 5.000215686274539e-3, 5.000235294117663e-3, 4.999784313725483e-3, 0.0, 0.0 ], [ 0.0, 0.0, 0.0, 4.9995882352941124e-3, 5.000176470588269e-3, 4.999941176470595e-3, 5.00049019607843e-3, 0.0, 5.000098039215663e-3, 5.000235294117596e-3, 5.000019607843102e-3, 5.000078431372539e-3, 5.000411764705888e-3, 4.9997647058823485e-3, 5.000235294117663e-3, 5.000078431372573e-3, 4.999980392156843e-3, 5.000392156862719e-3, 5.000117647058854e-3, 5.000431372549034e-3, 5.0e-3, 0.0, 0.0, 5.00009803921573e-3, 4.999745098039258e-3, 4.999901960784337e-3, 0.0, 0.0 ], [ 0.0, 0.0, 0.0, 4.999823529411787e-3, 5.000490196078449e-3, 4.999509803921573e-3, 4.9997843137254885e-3, 0.0, 4.999549019607843e-3, 4.999627450980426e-3, 4.999627450980382e-3, 4.999862745098045e-3, 4.999666666666674e-3, 4.999588235294068e-3, 5.000039215686248e-3, 5.000000000000022e-3, 5.000470588235259e-3, 5.000294117647034e-3, 5.000196078431393e-3, 4.99976470588236e-3, 5.0003333333333315e-3, 0.0, 0.0, 4.999823529411753e-3, 4.9998627450980005e-3, 5.000372549019618e-3, 0.0, 0.0 ], [ 0.0, 0.0, 0.0, 0.0, 0.0, 0.0, 0.0, 0.0, 0.0, 0.0, 0.0, 0.0, 0.0, 0.0, 0.0, 0.0, 0.0, 0.0, 0.0, 0.0, 0.0, 0.0, 0.0, 0.0, 0.0, 0.0, 0.0, 0.0 ] ]
  robust!18 [......................................................] 0/9 queries
  robust!18 [======>...............................................] 1/9 queries
  robust!18 [============>.........................................] 2/9 queries
  robust!18 [==================>...................................] 3/9 queries
  robust!18 [========================>.............................] 4/9 queries
  robust!18 [==============================>.......................] 5/9 queries
  robust!18 [====================================>.................] 6/9 queries
  robust!18 [==========================================>...........] 7/9 queries
  robust!18 [================================================>.....] 8/9 queries
  robust!18 [======================================================] 9/9 queries
  robust!19 [......................................................] 0/9 queries
  robust!19 [======>...............................................] 1/9 queries
  robust!19 [============>.........................................] 2/9 queries
  robust!19 [==================>...................................] 3/9 queries
  robust!19 [========================>.............................] 4/9 queries
  robust!19 [==============================>.......................] 5/9 queries
  robust!19 [====================================>.................] 6/9 queries
  robust!19 [==========================================>...........] 7/9 queries
  robust!19 [================================================>.....] 8/9 queries
  robust!19 [======================================================] 9/9 queries
  robust!20 [......................................................] 0/9 queries
  robust!20 [======>...............................................] 1/9 queries
  robust!20 [============>.........................................] 2/9 queries
  robust!20 [==================>...................................] 3/9 queries
  robust!20 [========================>.............................] 4/9 queries
  robust!20 [==============================>.......................] 5/9 queries
  robust!20 [====================================>.................] 6/9 queries
  robust!20 [==========================================>...........] 7/9 queries
  robust!20 [================================================>.....] 8/9 queries
  robust!20 [======================================================] 9/9 queries
  robust!21 [......................................................] 0/9 queries
  robust!21 [======>...............................................] 1/9 queries
  robust!21 [============>.........................................] 2/9 queries
  robust!21 [==================>...................................] 3/9 queries
  robust!21 [========================>.............................] 4/9 queries
  robust!21 [==============================>.......................] 5/9 queries
  robust!21 [====================================>.................] 6/9 queries
  robust!21 [==========================================>...........] 7/9 queries
    result: 🗸 - Marabou proved no counterexample exists
    result: 🗸 - Marabou proved no counterexample exists
    result: 🗸 - Marabou proved no counterexample exists

    result: ✗ - Marabou found a counterexample
      perturbation: [ [ 0.0, 0.0, 0.0, 0.0, 0.0, 0.0, 0.0, 0.0, 0.0, 0.0, 0.0, 0.0, 0.0, -5.0e-3, -5.0e-3, 0.0, 0.0, -5.0e-3, 0.0, 0.0, 0.0, 0.0, 0.0, 0.0, 0.0, 0.0, 0.0, 0.0 ], [ 0.0, 0.0, 0.0, 0.0, 0.0, 0.0, 0.0, 0.0, 0.0, 0.0, 0.0, 0.0, 0.0, -5.0e-3, 0.0, -5.0e-3, 0.0, 0.0, 0.0, 0.0, 0.0, 0.0, 0.0, 0.0, 0.0, 0.0, 0.0, 0.0 ], [ 0.0, 0.0, 0.0, 0.0, 0.0, 0.0, 0.0, 0.0, 0.0, 0.0, -5.0e-3, 0.0, 0.0, 0.0, 0.0, 0.0, 0.0, 0.0, 0.0, 0.0, 0.0, 0.0, 0.0, 0.0, 0.0, 0.0, 0.0, 0.0 ], [ 0.0, 0.0, 0.0, 0.0, 0.0, 0.0, 0.0, 0.0, 0.0, 0.0, -5.0e-3, -5.0e-3, 0.0, 0.0, -5.0e-3, 0.0, 0.0, 0.0, 0.0, 0.0, 0.0, 0.0, 0.0, 0.0, 0.0, 0.0, 0.0, 0.0 ], [ 0.0, 0.0, 0.0, 0.0, 0.0, 0.0, 0.0, 0.0, -5.0e-3, -5.0e-3, 0.0, 0.0, -5.0e-3, -5.0e-3, -5.0e-3, 0.0, 0.0, 0.0, -3.33e-3, 0.0, 0.0, 0.0, 0.0, 0.0, 0.0, 0.0, 0.0, 0.0 ], [ 0.0, 0.0, 0.0, 0.0, 0.0, 0.0, 0.0, 0.0, 0.0, 0.0, -5.0e-3, 0.0, -5.0e-3, -5.0e-3, -5.0e-3, 0.0, -5.0e-3, 0.0, 0.0, 0.0, 0.0, 0.0, 0.0, 0.0, 0.0, 0.0, 0.0, 0.0 ], [ 0.0, 0.0, 0.0, 0.0, 0.0, 0.0, 0.0, 0.0, 0.0, 0.0, -5.0e-3, 0.0, -5.0e-3, -5.0e-3, 0.0, 0.0, 0.0, 0.0, 0.0, 0.0, 0.0, 0.0, 0.0, 0.0, 0.0, 0.0, 0.0, 0.0 ], [ 0.0, 0.0, 0.0, 0.0, 0.0, 0.0, 0.0, 0.0, 0.0, 0.0, 0.0, 0.0, 0.0, 0.0, 0.0, 0.0, 0.0, 0.0, 0.0, 0.0, 0.0, 0.0, 0.0, 0.0, 0.0, 0.0, 0.0, 0.0 ], [ 0.0, 0.0, 0.0, 0.0, 0.0, 0.0, 0.0, 0.0, 0.0, 0.0, 0.0, 0.0, 0.0, 0.0, 0.0, 4.999666666666663e-3, 4.999549019607843e-3, 0.0, 3.92156862745098e-3, 0.0, 0.0, 0.0, 0.0, 4.999705882352941e-3, 0.0, 0.0, 0.0, 0.0 ], [ 0.0, 0.0, 0.0, 0.0, 0.0, 0.0, 0.0, 0.0, 0.0, 0.0, 0.0, 0.0, 4.999882352941158e-3, 4.999568627450944e-3, 4.999509803921573e-3, 5.000058823529371e-3, 4.999509803921551e-3, -5.0e-3, 0.0, 0.0, 0.0, 0.0, 0.0, 0.0, 0.0, 3.92156862745098e-3, 0.0, 0.0 ], [ 0.0, 0.0, 0.0, 0.0, 0.0, 0.0, 0.0, -5.0e-3, -5.0e-3, 0.0, 0.0, 0.0, 4.999588235294135e-3, -4.999764705882337e-3, 5.000098039215663e-3, 5.000470588235303e-3, 4.999823529411797e-3, 5.00023529411764e-3, 4.9999607843137246e-3, 0.0, 0.0, 0.0, 0.0, 5.00049019607843e-3, 4.999725490196112e-3, 5.000117647058787e-3, 0.0, 0.0 ], [ 3.92156862745098e-3, 5.000274509803921e-3, 5.000274509803921e-3, 3.92156862745098e-3, 5.000137254901961e-3, 4.999705882352941e-3, 0.0, 0.0, -5.0e-3, 0.0, 5.000137254901972e-3, 4.999843137254921e-3, 4.999862745098045e-3, 5.000117647058787e-3, 5.000196078431348e-3, 5.00045098039218e-3, 4.999529411764705e-3, 4.999588235294135e-3, 4.9996078431372585e-3, 4.999647058823506e-3, 5.000117647058831e-3, 4.999725490196101e-3, 4.999647058823506e-3, 4.999509803921573e-3, 4.999980392156854e-3, 4.99954901960782e-3, -5.000039215686292e-3, 0.0 ], [ 0.0, 0.0, 0.0, 0.0, 0.0, 0.0, 0.0, 0.0, 4.999980392156859e-3, 5.000372549019629e-3, 5.0e-3, 4.999725490196068e-3, 5.000117647058831e-3, 5.000431372549011e-3, 4.999509803921573e-3, 5.000431372548967e-3, 4.999568627450989e-3, 5.000117647058787e-3, 5.000176470588269e-3, 5.000254901960764e-3, 5.000470588235326e-3, 4.999549019607887e-3, -4.999568627450989e-3, 4.999901960784293e-3, 4.999509803921562e-3, 4.99976470588236e-3, 5.000176470588269e-3, 0.0 ], [ 0.0, 5.000156862745095e-3, 5.000137254901972e-3, 0.0, 4.999803921568627e-3, 5.000078431372573e-3, 5.00045098039218e-3, 4.999529411764686e-3, 4.999803921568629e-3, 4.999784313725483e-3, 5.000372549019629e-3, 5.000176470588269e-3, 5.000196078431393e-3, 5.0002941176470785e-3, -4.999568627450989e-3, 4.999823529411797e-3, 5.000019607843168e-3, 5.000058823529416e-3, 4.999627450980382e-3, 5.000254901960831e-3, 4.999627450980416e-3, -4.9999215686274716e-3, 4.999980392156854e-3, -4.999803921568607e-3, 4.999882352941168e-3, 5.000254901960831e-3, 4.999784313725483e-3, 0.0 ], [ 3.92156862745098e-3, -5.000058823529393e-3, 4.999784313725439e-3, -4.999882352941213e-3, 5.000490196078449e-3, 4.9998039215686735e-3, 5.000333333333315e-3, 4.999588235294068e-3, 4.9999999999999776e-3, 4.999607843137303e-3, -5.000274509803888e-3, -5.000000000000022e-3, 5.000196078431348e-3, 4.999823529411797e-3, 4.999686274509753e-3, 4.99966666666663e-3, 4.999686274509753e-3, 5.000039215686292e-3, 5.000313725490202e-3, 4.9998039215686735e-3, 5.000235294117663e-3, 4.99998039215681e-3, 4.999647058823506e-3, 4.999921568627483e-3, 4.999941176470606e-3, 4.999666666666674e-3, -5.0e-3, 0.0 ], [ 5.000411764705893e-3, 4.999921568627483e-3, 5.000431372548967e-3, 5.000156862745146e-3, 4.999529411764697e-3, 4.999647058823506e-3, 4.9999999999999776e-3, 5.00037254901964e-3, 4.999627450980426e-3, 5.000117647058854e-3, 5.0004901960783825e-3, 4.999509803921573e-3, -5.000235294117685e-3, -4.9997450980392355e-3, -5.000411764705865e-3, 4.9996470588235505e-3, 4.999568627450944e-3, 4.999529411764653e-3, 5.0004117647058435e-3, 5.000372549019596e-3, 5.000450980392135e-3, 5.000019607843146e-3, 5.0004509803922015e-3, 4.999784313725439e-3, 4.999647058823572e-3, 4.999647058823528e-3, 4.99992156862745e-3, 4.999803921568627e-3 ], [ 4.999627450980416e-3, 4.999882352941168e-3, 5.000098039215663e-3, -4.999705882352922e-3, 5.000274509803955e-3, 5.000039215686292e-3, 5.000333333333326e-3, 4.99984313725491e-3, 5.000235294117596e-3, 5.0e-3, 4.999607843137303e-3, 4.9996078431372585e-3, 5.000274509803955e-3, 5.0003333333333315e-3, 5.000235294117596e-3, 5.000470588235259e-3, 5.000156862745146e-3, 5.000176470588269e-3, 4.999529411764686e-3, 5.000352941176494e-3, 4.999882352941174e-3, 5.000039215686286e-3, 4.999647058823539e-3, 5.0004117647058765e-3, 5.000117647058831e-3, 5.0004117647058765e-3, 4.999901960784293e-3, -4.999588235294107e-3 ], [ 4.999549019607843e-3, 4.999725490196068e-3, 5.000215686274473e-3, -5.000078431372517e-3, 5.000254901960831e-3, 5.000156862745146e-3, 4.999568627450944e-3, 5.000235294117596e-3, 5.00035294117645e-3, 5.000490196078427e-3, 5.000235294117629e-3, 5.000196078431382e-3, 5.000470588235303e-3, 5.000176470588258e-3, 4.9996470588235505e-3, 5.0001568627451014e-3, 4.999725490196068e-3, 4.999784313725439e-3, 4.999509803921562e-3, 4.99984313725491e-3, 5.000392156862753e-3, 4.999568627450989e-3, 4.999784313725483e-3, 4.999901960784337e-3, 4.999803921568651e-3, 5.000431372549e-3, 4.999960784313731e-3, 5.0004117647058765e-3 ], [ 0.0, 0.0, 4.9995882352941124e-3, 4.9998627450980005e-3, 4.999529411764653e-3, 4.999549019607887e-3, 5.000450980392157e-3, 4.99958823529409e-3, 5.000019607843124e-3, 4.999529411764653e-3, 4.999647058823506e-3, 5.00005882352946e-3, 5.000078431372539e-3, 5.000450980392157e-3, 5.0e-3, 4.999862745098067e-3, 4.9997254901960235e-3, 4.999941176470562e-3, 5.0e-3, 5.0e-3, 4.999725490196112e-3, 5.000294117647034e-3, 5.0e-3, 5.000176470588225e-3, 5.000490196078449e-3, 5.00009803921573e-3, 5.000392156862719e-3, 4.9997254901960895e-3 ], [ 3.92156862745098e-3, 0.0, 0.0, 0.0, 0.0, 4.999764705882365e-3, 5.0004901960783825e-3, 4.999901960784293e-3, 4.999725490196112e-3, 4.999843137254921e-3, 4.999960784313731e-3, 5.00045098039218e-3, 4.999705882352922e-3, 4.999509803921562e-3, 4.9999019607843255e-3, 5.000215686274508e-3, 4.999764705882365e-3, 5.0004509803921685e-3, 5.000215686274506e-3, 4.999529411764686e-3, -4.999960784313731e-3, 5.000039215686225e-3, 5.00005882352946e-3, 5.000470588235259e-3, 4.999686274509753e-3, 5.000098039215708e-3, 4.999529411764705e-3, 0.0 ], [ 0.0, 0.0, 0.0, 0.0, 0.0, 0.0, 0.0, 0.0, 0.0, 0.0, 0.0, 0.0, 0.0, 0.0, 0.0, 0.0, 0.0, 0.0, -5.0e-3, -5.0e-3, -5.0e-3, 0.0, 0.0, 0.0, 0.0, 0.0, 0.0, 0.0 ], [ 0.0, 0.0, 0.0, 0.0, 0.0, 0.0, 0.0, 0.0, 0.0, 0.0, 0.0, 0.0, 0.0, 0.0, 0.0, -5.0e-3, 0.0, 0.0, 0.0, 0.0, 0.0, 0.0, 0.0, 0.0, 0.0, 0.0, 0.0, 0.0 ], [ 0.0, 0.0, 0.0, 0.0, 0.0, 0.0, 0.0, 0.0, 0.0, 0.0, 0.0, 0.0, 0.0, 0.0, 0.0, 0.0, 0.0, 0.0, 0.0, 0.0, 0.0, 0.0, 0.0, 0.0, 0.0, 0.0, 0.0, 0.0 ], [ 0.0, 0.0, 0.0, 0.0, 0.0, 0.0, 0.0, 0.0, 0.0, 0.0, 0.0, 0.0, 0.0, 0.0, 0.0, 0.0, 0.0, 0.0, -5.0e-3, 0.0, 0.0, 0.0, 0.0, 0.0, 0.0, 0.0, 0.0, 0.0 ], [ 0.0, 0.0, 0.0, 0.0, 0.0, 0.0, 0.0, 0.0, 0.0, 0.0, 0.0, 0.0, 0.0, 0.0, 0.0, 0.0, -5.0e-3, 0.0, -5.0e-3, 0.0, 0.0, 0.0, 0.0, 0.0, 0.0, 0.0, 0.0, 0.0 ], [ 0.0, 0.0, 0.0, 0.0, 0.0, 0.0, 0.0, 0.0, 0.0, 0.0, 0.0, 0.0, 0.0, 0.0, 0.0, 0.0, 0.0, 0.0, 0.0, 0.0, 0.0, 0.0, 0.0, 0.0, 0.0, 0.0, 0.0, 0.0 ], [ 0.0, 0.0, 0.0, 0.0, 0.0, 0.0, 0.0, 0.0, 0.0, 0.0, 0.0, 0.0, 0.0, 0.0, 0.0, 0.0, 0.0, 0.0, 0.0, 0.0, 0.0, 0.0, 0.0, 0.0, 0.0, 0.0, 0.0, 0.0 ], [ 0.0, 0.0, 0.0, 0.0, 0.0, 0.0, 0.0, 0.0, 0.0, 0.0, 0.0, 0.0, 0.0, 0.0, 0.0, 0.0, 0.0, 0.0, 0.0, 0.0, 0.0, 0.0, 0.0, 0.0, 0.0, 0.0, 0.0, 0.0 ] ]
  robust!22 [......................................................] 0/9 queries
  robust!22 [======>...............................................] 1/9 queries
  robust!22 [============>.........................................] 2/9 queries
  robust!22 [==================>...................................] 3/9 queries
  robust!22 [========================>.............................] 4/9 queries
  robust!22 [==============================>.......................] 5/9 queries
  robust!22 [====================================>.................] 6/9 queries
  robust!22 [==========================================>...........] 7/9 queries
  robust!22 [================================================>.....] 8/9 queries
  robust!22 [======================================================] 9/9 queries
  robust!23 [......................................................] 0/9 queries
  robust!23 [======>...............................................] 1/9 queries
  robust!23 [============>.........................................] 2/9 queries
  robust!23 [==================>...................................] 3/9 queries
  robust!23 [========================>.............................] 4/9 queries
  robust!23 [==============================>.......................] 5/9 queries
  robust!23 [====================================>.................] 6/9 queries
    result: 🗸 - Marabou proved no counterexample exists

    result: ✗ - Marabou found a counterexample
      perturbation: [ [ 0.0, 0.0, 0.0, 0.0, 0.0, 0.0, 0.0, 0.0, 0.0, 0.0, 0.0, 0.0, 0.0, 0.0, 0.0, 0.0, 0.0, 0.0, 0.0, 0.0, 0.0, 0.0, 0.0, 0.0, 0.0, 0.0, 0.0, 0.0 ], [ 0.0, 0.0, 0.0, 0.0, 0.0, 0.0, 0.0, 0.0, 0.0, 0.0, 0.0, 0.0, -5.0e-3, 0.0, 0.0, 0.0, -5.0e-3, 0.0, 0.0, 0.0, 0.0, 0.0, 0.0, 0.0, 0.0, 0.0, 0.0, 0.0 ], [ 0.0, 0.0, 0.0, 0.0, 0.0, 0.0, 0.0, 0.0, 0.0, 0.0, 0.0, 0.0, 0.0, 0.0, 0.0, 0.0, 0.0, 0.0, 0.0, 0.0, 0.0, 0.0, 0.0, 0.0, 0.0, 0.0, 0.0, 0.0 ], [ 0.0, 0.0, 0.0, 0.0, 0.0, 0.0, 0.0, 0.0, -5.0e-3, 0.0, 0.0, 0.0, 0.0, 0.0, 0.0, 0.0, -5.0e-3, 0.0, 0.0, 0.0, 0.0, 0.0, 0.0, 0.0, 0.0, 0.0, 0.0, 0.0 ], [ 0.0, 0.0, 0.0, 0.0, 0.0, 0.0, 0.0, 0.0, 0.0, 0.0, 0.0, 0.0, 0.0, 0.0, 0.0, 0.0, 0.0, 0.0, 0.0, 0.0, 0.0, 0.0, 0.0, 0.0, 0.0, 0.0, 0.0, 0.0 ], [ 0.0, 0.0, 0.0, 0.0, 0.0, 0.0, 0.0, 0.0, 0.0, 0.0, 0.0, 0.0, 0.0, 0.0, 0.0, 0.0, 0.0, 0.0, 0.0, 0.0, 0.0, 0.0, 0.0, 0.0, 0.0, 0.0, 0.0, 0.0 ], [ 0.0, 0.0, 0.0, 0.0, 0.0, 0.0, 0.0, 0.0, 0.0, 0.0, 0.0, 0.0, 0.0, 0.0, 0.0, 0.0, 0.0, 0.0, 0.0, 0.0, 0.0, 0.0, 0.0, 0.0, 0.0, 0.0, 0.0, 0.0 ], [ 0.0, 0.0, 0.0, 0.0, 0.0, 0.0, 0.0, 0.0, 0.0, 4.999705882352941e-3, 0.0, 0.0, 0.0, 0.0, 0.0, 4.99966666666663e-3, 4.999647058823506e-3, 4.999745098039224e-3, 5.000019607843135e-3, 4.999823529411764e-3, 4.999705882352941e-3, 0.0, 0.0, 5.00049019607843e-3, 4.999784313725472e-3, 5.000392156862753e-3, 0.0, 0.0 ], [ 0.0, 0.0, 0.0, 0.0, 0.0, 0.0, 0.0, 0.0, 0.0, 3.92156862745098e-3, 0.0, 4.999705882352941e-3, 0.0, 0.0, 5.000078431372495e-3, 4.999843137254877e-3, 5.000078431372539e-3, 5.000137254901977e-3, 4.9997058823529434e-3, 5.00027450980391e-3, 4.999725490196068e-3, 4.999843137254877e-3, 5.000431372548967e-3, 5.0004117647058435e-3, 4.999568627451011e-3, 4.999627450980338e-3, 4.999823529411775e-3, 0.0 ], [ 0.0, 0.0, 0.0, 0.0, 0.0, 0.0, 0.0, 0.0, 0.0, 0.0, 4.999705882352941e-3, 0.0, 0.0, 4.9998039215686735e-3, 5.000019607843102e-3, 5.000333333333326e-3, 5.0004117647058435e-3, 4.999803921568629e-3, 5.000254901960786e-3, 5.00009803921573e-3, 5.00027450980391e-3, 5.000352941176472e-3, 4.999647058823572e-3, 4.999509803921528e-3, 5.000392156862719e-3, 5.000470588235281e-3, 5.000352941176494e-3, 0.0 ], [ 0.0, 0.0, 0.0, 0.0, 0.0, 0.0, 0.0, 0.0, 0.0, 0.0, 0.0, 0.0, 5.000274509803955e-3, 5.000411764705893e-3, 0.0, 0.0, 4.9997843137254885e-3, 5.000372549019618e-3, 5.000392156862753e-3, 4.999980392156854e-3, 5.000078431372539e-3, 4.999960784313731e-3, 5.000411764705888e-3, 5.000019607843102e-3, 5.000215686274506e-3, 4.999607843137303e-3, 4.999941176470595e-3, 0.0 ], [ 0.0, 0.0, 0.0, 0.0, 0.0, 0.0, 0.0, 0.0, 3.92156862745098e-3, 0.0, 0.0, 4.9997450980392355e-3, 5.000352941176472e-3, 0.0, 0.0, 0.0, 0.0, 0.0, 0.0, 0.0, 0.0, 0.0, 0.0, 0.0, 0.0, 4.99984313725491e-3, 4.999588235294135e-3, 0.0 ], [ 0.0, 0.0, 4.999705882352941e-3, 5.000411764705882e-3, 4.999980392156863e-3, 4.999843137254901e-3, 0.0, 0.0, 0.0, 0.0, 5.00035294117645e-3, 4.999921568627483e-3, 4.999529411764653e-3, 0.0, 0.0, 4.999705882352941e-3, 5.000274509803921e-3, 5.000274509803921e-3, 3.92156862745098e-3, 0.0, 0.0, 0.0, 5.000098039215696e-3, 5.000411764705888e-3, 4.999882352941191e-3, 4.999784313725506e-3, 5.000117647058854e-3, 5.0002352941176465e-3 ], [ 0.0, 0.0, 0.0, 0.0, 0.0, 0.0, 0.0, 0.0, 5.0003333333333315e-3, 5.000098039215663e-3, 5.000313725490158e-3, 4.999960784313731e-3, 5.000176470588181e-3, 4.999882352941191e-3, 4.999529411764705e-3, 0.0, 0.0, 0.0, 0.0, 0.0, 5.000137254901972e-3, 4.999509803921528e-3, 4.9996666666666965e-3, 4.9999999999999776e-3, 5.000078431372539e-3, 4.99998039215681e-3, 5.0004117647058435e-3, 4.999980392156859e-3 ], [ 0.0, 0.0, 4.999666666666666e-3, 5.000117647058821e-3, 4.99952941176473e-3, 4.999862745098051e-3, 4.999549019607865e-3, 5.000156862745146e-3, 5.000470588235326e-3, 4.999686274509753e-3, 5.000313725490202e-3, 4.999941176470606e-3, 5.0004509803922015e-3, 5.000058823529371e-3, 5.0e-3, 5.000431372549011e-3, 0.0, 0.0, 0.0, 5.0004509803921685e-3, 5.000333333333348e-3, 5.000352941176472e-3, 4.99968627450982e-3, 5.000196078431415e-3, 5.000372549019596e-3, 5.0004117647058435e-3, 5.000352941176472e-3, 4.999627450980416e-3 ], [ 0.0, 4.999745098039224e-3, 5.00027450980391e-3, 4.999725490196112e-3, 4.999901960784293e-3, 5.00037254901964e-3, 5.000215686274473e-3, 4.999882352941168e-3, 5.000196078431382e-3, 4.999745098039214e-3, 5.000117647058831e-3, 5.0003529411765165e-3, 5.000470588235326e-3, 5.000019607843168e-3, 4.999549019607887e-3, 5.000490196078405e-3, 4.99958823529409e-3, 5.000078431372529e-3, 5.000411764705882e-3, 4.999509803921528e-3, 4.9997647058823815e-3, 5.000254901960786e-3, 5.000372549019596e-3, 4.999823529411753e-3, 4.999843137254877e-3, 5.000294117647034e-3, 4.999509803921528e-3, 4.999647058823528e-3 ], [ 0.0, 4.999529411764697e-3, 4.999568627451011e-3, 5.000058823529416e-3, 4.999568627450944e-3, 5.000313725490202e-3, 5.000333333333315e-3, 5.000274509803944e-3, 4.999803921568607e-3, 4.999803921568607e-3, 4.999941176470606e-3, 4.999588235294135e-3, 5.0004117647058435e-3, 4.999509803921528e-3, 5.000078431372495e-3, 4.999823529411753e-3, 4.999568627451011e-3, 5.000431372548967e-3, 5.00027450980391e-3, 4.999529411764653e-3, 4.9997058823529434e-3, 4.9997058823529434e-3, 4.9997058823529434e-3, 4.999568627451011e-3, 4.99998039215681e-3, 5.000137254901977e-3, 5.000196078431415e-3, 4.999862745098051e-3 ], [ 4.999686274509797e-3, 4.9997058823529434e-3, 5.000176470588225e-3, 5.000294117647034e-3, 4.999843137254877e-3, 4.99968627450982e-3, 5.000431372548967e-3, 5.000000000000044e-3, 4.999568627451011e-3, 4.9999607843136855e-3, 5.000215686274539e-3, 4.9996666666666965e-3, 5.000372549019596e-3, 5.000392156862719e-3, 5.00027450980391e-3, 5.000117647058854e-3, 5.00009803921573e-3, 4.999529411764653e-3, 5.000372549019596e-3, 5.0004117647058435e-3, 5.000137254901977e-3, 4.9997058823529434e-3, 5.000431372548967e-3, 4.999549019607887e-3, 4.99968627450982e-3, 5.0004509803922015e-3, 5.000372549019596e-3, 5.000411764705893e-3 ], [ 5.000019607843135e-3, 4.999980392156854e-3, 5.000019607843168e-3, 5.000000000000044e-3, 5.000137254901977e-3, 4.9997058823529434e-3, 5.000137254901977e-3, 4.999843137254877e-3, 5.00027450980391e-3, 5.000117647058854e-3, 4.99968627450982e-3, 5.0004117647058435e-3, 4.999843137254877e-3, 4.999823529411753e-3, 5.0003137254902245e-3, 4.99998039215681e-3, 5.000254901960831e-3, 4.999960784313719e-3, 4.9997843137254885e-3, 5.0003529411765165e-3, 5.000254901960786e-3, 5.00027450980391e-3, 5.00027450980391e-3, 5.00027450980391e-3, 4.9997058823529434e-3, 4.9996078431372585e-3, 4.99998039215681e-3, 5.00005882352941e-3 ], [ 0.0, 0.0, 5.0003333333333315e-3, 5.000392156862753e-3, 5.000098039215663e-3, 4.99998039215681e-3, 4.999784313725506e-3, 4.999627450980338e-3, 5.000019607843124e-3, 5.000176470588181e-3, 5.000470588235281e-3, 4.9997647058823815e-3, 5.000019607843124e-3, 5.000411764705888e-3, 4.999803921568627e-3, 0.0, 0.0, 0.0, 0.0, 5.000431372548967e-3, 5.000333333333348e-3, 5.000039215686248e-3, 5.000431372549034e-3, 5.0e-3, 5.000294117647101e-3, 5.000137254901977e-3, 5.0e-3, 4.999823529411775e-3 ], [ 0.0, 0.0, 0.0, 0.0, 0.0, 0.0, 0.0, 5.000372549019607e-3, 5.000431372549017e-3, 4.999862745098051e-3, 5.0003333333333315e-3, 5.000372549019607e-3, 0.0, 0.0, 0.0, 0.0, 0.0, 0.0, 0.0, 4.999647058823539e-3, 5.000019607843146e-3, 5.0001764705882475e-3, 5.000196078431371e-3, 4.999686274509815e-3, 4.999882352941174e-3, 4.9999019607843255e-3, 5.0004509803921685e-3, 0.0 ], [ 0.0, 0.0, 0.0, 0.0, 0.0, 0.0, 0.0, 0.0, 0.0, 0.0, 0.0, 0.0, 0.0, 0.0, 0.0, 0.0, 0.0, 0.0, 0.0, 0.0, 0.0, 0.0, 0.0, 0.0, 0.0, 0.0, 0.0, 0.0 ], [ 0.0, 0.0, 0.0, 0.0, 0.0, 0.0, 0.0, 0.0, 0.0, 0.0, 0.0, 0.0, 0.0, 0.0, 0.0, 0.0, 0.0, 0.0, 0.0, 0.0, 0.0, 0.0, 0.0, 0.0, 0.0, 0.0, 0.0, 0.0 ], [ 0.0, 0.0, 0.0, 0.0, 0.0, 0.0, 0.0, 0.0, 0.0, 0.0, 0.0, 0.0, 0.0, 0.0, 0.0, 0.0, 0.0, 0.0, 0.0, 0.0, 0.0, 0.0, 0.0, 0.0, 0.0, 0.0, 0.0, 0.0 ], [ 0.0, 0.0, 0.0, 0.0, 0.0, 0.0, 0.0, 0.0, 0.0, 0.0, 0.0, 0.0, 0.0, 0.0, 0.0, 0.0, 0.0, 0.0, 0.0, 0.0, 0.0, 0.0, 0.0, 0.0, 0.0, 0.0, 0.0, 0.0 ], [ 0.0, 0.0, 0.0, 0.0, 0.0, 0.0, 0.0, 0.0, 0.0, 0.0, 0.0, 0.0, 0.0, 0.0, 0.0, 0.0, 0.0, 0.0, 0.0, 0.0, 0.0, 0.0, 0.0, 0.0, 0.0, 0.0, 0.0, 0.0 ], [ 0.0, 0.0, 0.0, 0.0, 0.0, 0.0, 0.0, 0.0, 0.0, 0.0, 0.0, 0.0, 0.0, 0.0, 0.0, 0.0, 0.0, 0.0, 0.0, 0.0, 0.0, 0.0, 0.0, 0.0, 0.0, 0.0, 0.0, 0.0 ], [ 0.0, 0.0, 0.0, 0.0, 0.0, 0.0, 0.0, 0.0, 0.0, 0.0, 0.0, 0.0, 0.0, 0.0, 0.0, 0.0, 0.0, 0.0, 0.0, 0.0, 0.0, 0.0, 0.0, 0.0, 0.0, 0.0, 0.0, 0.0 ] ]
  robust!24 [......................................................] 0/9 queries
  robust!24 [======>...............................................] 1/9 queries
  robust!24 [============>.........................................] 2/9 queries
  robust!24 [==================>...................................] 3/9 queries
  robust!24 [========================>.............................] 4/9 queries
  robust!24 [==============================>.......................] 5/9 queries
  robust!24 [====================================>.................] 6/9 queries
  robust!24 [==========================================>...........] 7/9 queries
  robust!24 [================================================>.....] 8/9 queries
  robust!24 [======================================================] 9/9 queries
  robust!25 [......................................................] 0/9 queries
  robust!25 [======>...............................................] 1/9 queries
  robust!25 [============>.........................................] 2/9 queries
  robust!25 [==================>...................................] 3/9 queries
    result: 🗸 - Marabou proved no counterexample exists

    result: ✗ - Marabou found a counterexample
      perturbation: [ [ 0.0, 0.0, 0.0, 0.0, 0.0, 0.0, 0.0, 0.0, 0.0, 0.0, 5.000490196078427e-3, 4.999803921568627e-3, 0.0, 0.0, 0.0, -5.0e-3, 0.0, 0.0, 4.999549019607843e-3, 0.0, 0.0, 0.0, 0.0, 3.92156862745098e-3, 0.0, 0.0, 0.0, 0.0 ], [ 0.0, 0.0, 0.0, 0.0, 0.0, 0.0, 0.0, 3.92156862745098e-3, 5.0004509803921685e-3, 4.999588235294129e-3, 4.999960784313719e-3, 5.0e-3, 4.999784313725439e-3, 4.9996470588235505e-3, 4.9996470588235505e-3, 4.999784313725483e-3, 4.999784313725439e-3, 5.000450980392157e-3, 4.9996470588235505e-3, 4.999843137254899e-3, -2.953725490196095e-4, 0.0, 0.0, 0.0, 0.0, 0.0, 0.0, 0.0 ], [ 0.0, 0.0, 0.0, 0.0, 0.0, 0.0, -5.000470588235295e-3, 4.999666666666663e-3, 4.999980392156859e-3, 4.999843137254899e-3, 4.999843137254901e-3, 5.00045098039218e-3, 4.99998039215681e-3, 4.999509803921528e-3, 4.999627450980382e-3, 4.999823529411753e-3, 4.99968627450982e-3, 4.999960784313719e-3, 4.999843137254901e-3, 4.999843137254899e-3, 4.999509803921551e-3, -5.00027450980391e-3, 0.0, 0.0, 0.0, 0.0, 0.0, 0.0 ], [ 0.0, 0.0, 0.0, 0.0, 0.0, 0.0, 4.999686274509815e-3, 5.0004509803921685e-3, -5.000098039215675e-3, 5.0004509803921685e-3, 4.999705882352938e-3, 4.999666666666666e-3, 3.92156862745098e-3, 4.999588235294129e-3, 4.999666666666674e-3, 4.999843137254899e-3, 4.999549019607843e-3, 4.9996862745098035e-3, 4.999862745098051e-3, -5.000254901960786e-3, 5.000470588235292e-3, 4.999666666666663e-3, 4.999823529411764e-3, 0.0, 0.0, 0.0, 0.0, 0.0 ], [ 0.0, 0.0, 0.0, 3.92156862745098e-3, 0.0, 4.999529411764705e-3, -5.000215686274528e-3, -5.000411764705871e-3, 5.0004509803921685e-3, 4.999588235294129e-3, 4.999862745098051e-3, 4.999980392156859e-3, 4.999705882352938e-3, 5.00049019607843e-3, 5.0004509803921685e-3, 4.999568627450978e-3, 4.999843137254899e-3, 4.999686274509815e-3, 4.999862745098051e-3, 4.999588235294129e-3, 4.999745098039214e-3, -5.000294117647062e-3, 4.999627450980391e-3, 0.0, 0.0, 0.0, 0.0, 0.0 ], [ 0.0, 0.0, 0.0, 0.0, 0.0, 4.999745098039214e-3, 4.999803921568651e-3, 5.0004509803921685e-3, 4.999862745098051e-3, 5.000000000000011e-3, 4.999862745098051e-3, 4.999568627450978e-3, 4.999705882352938e-3, 5.000470588235292e-3, 4.9999019607843255e-3, 4.999686274509815e-3, 5.000000000000011e-3, 4.999862745098051e-3, 4.999588235294129e-3, 5.0004509803921685e-3, 4.999882352941174e-3, -5.000137254901949e-3, 4.999705882352938e-3, 0.0, 0.0, 0.0, 0.0, 0.0 ], [ 0.0, 0.0, 0.0, 0.0, 0.0, 4.999686274509815e-3, 4.999941176470585e-3, 4.9997254901960895e-3, 4.999862745098051e-3, 4.999862745098051e-3, 4.9997254901960895e-3, 4.999568627450978e-3, 4.999745098039214e-3, 4.999686274509815e-3, 4.999745098039224e-3, 5.000470588235292e-3, 4.999843137254899e-3, 4.9997254901960895e-3, 4.9997254901960895e-3, 4.999588235294129e-3, 4.999588235294129e-3, 4.999705882352938e-3, 4.999686274509815e-3, 3.92156862745098e-3, 0.0, 0.0, 0.0, 0.0 ], [ 0.0, 0.0, 0.0, 0.0, 4.999980392156863e-3, 4.999941176470585e-3, 4.999901960784337e-3, 4.999549019607854e-3, 4.999705882352938e-3, 4.999862745098051e-3, 4.999882352941174e-3, 4.999745098039214e-3, 4.999588235294129e-3, 4.999745098039214e-3, 4.999980392156859e-3, 4.999549019607854e-3, 4.999607843137253e-3, 4.999607843137253e-3, 5.0004509803921685e-3, 4.999745098039214e-3, 4.999588235294129e-3, 4.99952941176473e-3, 4.999980392156859e-3, 4.999647058823528e-3, 0.0, 0.0, 0.0, 0.0 ], [ 0.0, 0.0, 0.0, 0.0, 4.999803921568627e-3, 5.000470588235303e-3, 4.99984313725491e-3, -5.000039215686292e-3, 5.000000000000011e-3, 4.999705882352938e-3, 5.000000000000011e-3, 5.0004509803921685e-3, 4.999568627450978e-3, 5.00049019607843e-3, 5.000000000000011e-3, 4.999980392156859e-3, 4.9997254901960895e-3, 4.999862745098051e-3, 4.999862745098051e-3, 4.999882352941174e-3, -5.000294117647062e-3, 4.999666666666663e-3, 4.999980392156859e-3, 4.999764705882365e-3, 0.0, 0.0, -5.0e-3, 0.0 ], [ 0.0, 0.0, 0.0, 0.0, -5.000235294117635e-3, 4.999882352941158e-3, 4.999960784313719e-3, 4.999705882352938e-3, 4.999686274509815e-3, 5.000000000000011e-3, 4.999686274509815e-3, 4.999862745098051e-3, 4.9997254901960895e-3, 5.000000000000011e-3, 4.999549019607854e-3, 5.0004509803921685e-3, 5.000000000000011e-3, 4.999705882352938e-3, 4.999588235294129e-3, -5.0001568627451014e-3, -5.000254901960775e-3, 4.999784313725472e-3, 4.999686274509815e-3, 4.999882352941174e-3, 0.0, 0.0, 0.0, 0.0 ], [ 0.0, 0.0, 0.0, 0.0, 5.000000000000011e-3, 4.999627450980416e-3, 5.000470588235259e-3, -5.000058823529416e-3, 4.999686274509815e-3, 4.999705882352938e-3, 4.999823529411775e-3, 4.999862745098051e-3, 4.9999019607843255e-3, 4.99984313725491e-3, -5.000058823529404e-3, 4.9999019607843255e-3, 4.999705882352938e-3, 4.999823529411775e-3, 4.999764705882365e-3, -5.00047058823527e-3, 4.999921568627416e-3, 4.999901960784337e-3, 4.999686274509815e-3, 5.000000000000011e-3, 0.0, -5.0e-3, 0.0, 0.0 ], [ 0.0, 0.0, 0.0, 0.0, -5.0003137254901854e-3, 4.99952941176473e-3, 4.999529411764697e-3, 4.999960784313708e-3, 4.999588235294129e-3, 4.999980392156859e-3, 4.99952941176473e-3, 4.9997254901960895e-3, 4.999588235294129e-3, 4.999823529411775e-3, -5.0003725490195845e-3, 4.999745098039214e-3, 4.999686274509815e-3, 4.999960784313708e-3, 4.999627450980391e-3, -5.000196078431348e-3, -6.74274509803888e-4, 5.000000000000022e-3, 4.999705882352938e-3, 4.999686274509815e-3, 0.0, -5.0e-3, 0.0, 0.0 ], [ 0.0, 0.0, 0.0, 4.999980392156863e-3, 4.99952941176473e-3, 4.999607843137253e-3, 4.999627450980382e-3, -5.0003921568627634e-3, -4.99950980392157e-3, 4.999960784313708e-3, 4.999803921568651e-3, 4.999588235294129e-3, 4.999862745098051e-3, 4.999705882352938e-3, 4.999784313725483e-3, 4.999764705882365e-3, 4.999686274509815e-3, 4.99952941176473e-3, 4.999745098039214e-3, -5.000392156862747e-3, 4.9997058823529885e-3, 4.999784313725483e-3, 4.999627450980391e-3, -5.000039215686292e-3, 0.0, 0.0, 0.0, 0.0 ], [ 0.0, 0.0, 0.0, 4.999529411764705e-3, 4.999803921568651e-3, 4.999647058823528e-3, 4.9996078431372585e-3, -4.999529411764741e-3, -5.000039215686276e-3, 4.999803921568651e-3, 4.999627450980416e-3, 4.999882352941174e-3, 4.999862745098051e-3, 4.999607843137236e-3, 4.999568627450944e-3, 4.999647058823528e-3, 4.999803921568651e-3, 4.99952941176473e-3, 4.999745098039214e-3, -5.0001960784313735e-3, 4.99954901960782e-3, 5.000450980392135e-3, 4.999509803921567e-3, 4.999647058823539e-3, 3.92156862745098e-3, 0.0, 0.0, 0.0 ], [ 0.0, 0.0, 0.0, 4.999803921568627e-3, 4.999509803921551e-3, 4.999607843137253e-3, 4.999784313725439e-3, 4.99954901960782e-3, -5.000294117647059e-3, 4.999666666666663e-3, 4.9995882352941124e-3, 4.999745098039214e-3, 5.000000000000011e-3, 4.999666666666663e-3, 4.999745098039191e-3, 4.999647058823528e-3, 4.999627450980416e-3, 4.999803921568651e-3, 4.999588235294129e-3, 4.999980392156863e-3, 4.999960784313731e-3, 4.99954901960782e-3, 4.9999607843137246e-3, -5.000078431372539e-3, 4.9996862745098035e-3, 0.0, 0.0, 0.0 ], [ 0.0, 0.0, 0.0, 4.999627450980391e-3, 4.999549019607854e-3, 4.999509803921551e-3, 4.999725490196112e-3, 4.999843137254877e-3, -5.000156862745098e-3, 4.99952941176473e-3, 4.9998627450980335e-3, 4.999607843137253e-3, 4.999980392156859e-3, 5.000000000000011e-3, -5.000470588235303e-3, 4.9997843137254885e-3, 5.00045098039218e-3, 4.999960784313708e-3, 4.9997254901960895e-3, 4.999843137254901e-3, -5.000274509803888e-3, 4.99966666666663e-3, 4.9996862745098035e-3, -5.000117647058842e-3, 4.999823529411764e-3, 0.0, 0.0, 0.0 ], [ 0.0, 0.0, 0.0, 4.999607843137253e-3, -5.000392156862747e-3, -5.000333333333326e-3, 4.999980392156854e-3, 4.9996470588235505e-3, 4.999549019607843e-3, 4.999705882352938e-3, 4.9998627450980335e-3, 4.999862745098051e-3, 4.999980392156859e-3, 4.999882352941174e-3, -5.000235294117652e-3, 4.9999019607843255e-3, 4.99984313725491e-3, 5.000000000000011e-3, 4.999568627450978e-3, 4.999529411764705e-3, 4.999980392156843e-3, 5.000490196078449e-3, 4.999980392156863e-3, 4.999980392156843e-3, 4.999980392156863e-3, 0.0, 0.0, 0.0 ], [ 0.0, 0.0, 0.0, 4.9997843137254885e-3, 4.999745098039214e-3, 4.9998627450980335e-3, 4.999627450980382e-3, 4.999627450980416e-3, 4.999647058823528e-3, 4.999705882352938e-3, 4.99976470588236e-3, 4.999705882352938e-3, 4.999607843137253e-3, 4.999549019607865e-3, -5.000235294117652e-3, 4.999745098039214e-3, 4.9996470588235505e-3, 4.999568627450978e-3, 5.000000000000011e-3, 4.999647058823528e-3, 5.000000000000011e-3, 4.999588235294135e-3, 4.9997254901960895e-3, 4.99984313725491e-3, 4.9999607843137246e-3, 0.0, 0.0, 0.0 ], [ 0.0, 0.0, 0.0, -5.000215686274511e-3, -5.0003137254901854e-3, 4.999882352941174e-3, 4.999784313725506e-3, 4.999823529411787e-3, 4.999607843137253e-3, 4.999568627450978e-3, 4.999647058823506e-3, 4.999941176470585e-3, 4.999882352941174e-3, 4.99952941176473e-3, -5.000078431372539e-3, 4.999568627450978e-3, 4.999588235294068e-3, 4.9997647058823485e-3, 4.999686274509815e-3, 4.99952941176473e-3, 5.000000000000011e-3, 5.000470588235303e-3, 4.9998627450980335e-3, -5.000254901960775e-3, -5.000058823529413e-3, 0.0, 0.0, 0.0 ], [ 0.0, 0.0, 0.0, 4.999647058823528e-3, -5.00001960784314e-3, 4.999529411764705e-3, 4.999745098039258e-3, 4.9995882352941124e-3, 4.999529411764705e-3, 4.999588235294129e-3, 4.999509803921562e-3, 4.999509803921551e-3, 4.999862745098051e-3, -4.999999999999989e-3, -5.000196078431348e-3, 4.999686274509815e-3, 4.9996470588235505e-3, 4.9999019607843255e-3, 4.999705882352938e-3, 4.999745098039214e-3, 4.999568627450978e-3, 4.999941176470585e-3, 5.000470588235259e-3, -5.000215686274528e-3, -5.000235294117635e-3, -5.0e-3, 0.0, 0.0 ], [ 0.0, 0.0, 0.0, -5.000235294117635e-3, 4.9997254901960895e-3, 4.9999607843137246e-3, 4.9998627450980005e-3, 4.999666666666663e-3, 4.99992156862745e-3, 4.999980392156859e-3, 4.999862745098045e-3, 5.000490196078427e-3, 5.000000000000011e-3, 4.999882352941158e-3, -5.000450980392146e-3, 5.000490196078427e-3, 4.999588235294068e-3, 4.9999019607843255e-3, 4.999666666666663e-3, 5.0004509803921685e-3, 4.999764705882365e-3, 4.9997647058823485e-3, 4.9998039215686735e-3, -4.999999999999989e-3, -5.000117647058826e-3, 0.0, 0.0, 0.0 ], [ 0.0, 0.0, 0.0, 4.999882352941174e-3, 4.999705882352938e-3, 4.9999607843137246e-3, 4.999843137254877e-3, 4.999843137254899e-3, 4.999686274509815e-3, 4.999549019607854e-3, 4.999627450980426e-3, 4.999980392156843e-3, 4.999568627450978e-3, 4.999509803921562e-3, -5.000117647058826e-3, 4.9995882352941124e-3, 4.9997058823529885e-3, 4.999764705882365e-3, 5.000470588235303e-3, 4.999803921568651e-3, 4.999666666666666e-3, -5.000039215686281e-3, 4.999980392156854e-3, -5.000235294117635e-3, -5.000411764705871e-3, 0.0, 0.0, 0.0 ], [ 0.0, 0.0, 0.0, 5.000470588235292e-3, 5.0004509803921685e-3, 4.999823529411764e-3, 4.999823529411797e-3, 4.999666666666666e-3, 4.999980392156859e-3, 4.999803921568651e-3, 4.999960784313719e-3, 4.999705882352922e-3, 4.999941176470585e-3, 4.999607843137253e-3, -4.999509803921573e-3, 5.000000000000022e-3, 4.999686274509753e-3, 4.999941176470587e-3, 4.999745098039224e-3, 4.999647058823539e-3, 4.999705882352941e-3, 4.99976470588236e-3, 4.99966666666663e-3, -5.00037254901961e-3, -4.999999999999989e-3, 0.0, 0.0, 0.0 ], [ 0.0, 0.0, 0.0, 4.99952941176473e-3, 4.999823529411775e-3, 4.999823529411775e-3, 4.999568627451011e-3, 4.999686274509797e-3, 4.999549019607865e-3, 4.999725490196112e-3, 4.9996470588235505e-3, 5.000490196078427e-3, 4.999960784313708e-3, 4.999568627450989e-3, 4.999568627450989e-3, 4.999549019607865e-3, 4.9997058823529885e-3, 4.999784313725472e-3, 4.9996470588235505e-3, -5.0002941176470785e-3, 4.999901960784337e-3, 4.999745098039224e-3, -5.000156862745079e-3, 4.999862745098051e-3, -5.0001568627451014e-3, 0.0, 0.0, 0.0 ], [ 0.0, 0.0, 0.0, 4.999803921568651e-3, 4.999941176470585e-3, 4.99984313725491e-3, 4.999980392156863e-3, 4.999627450980416e-3, 4.999941176470585e-3, 4.999666666666663e-3, 4.999980392156859e-3, 4.99976470588236e-3, 4.9998039215686735e-3, 4.999509803921562e-3, 5.000000000000044e-3, 4.999627450980426e-3, 4.999941176470585e-3, 4.999803921568651e-3, 4.999901960784337e-3, -5.000235294117652e-3, 4.9997254901960895e-3, 4.9999607843137246e-3, -4.999549019607865e-3, 4.999843137254899e-3, 4.999960784313708e-3, 0.0, 0.0, 0.0 ], [ 0.0, 0.0, 0.0, 4.999960784313708e-3, -5.000098039215675e-3, -5.000313725490202e-3, 4.999843137254901e-3, 0.0, 0.0, 0.0, 0.0, 4.9997843137254885e-3, 4.999941176470585e-3, 0.0, -5.000352941176472e-3, 4.999803921568627e-3, 0.0, 0.0, 0.0, 0.0, 0.0, 0.0, -5.00003921568627e-3, 4.999549019607854e-3, 4.999803921568651e-3, 0.0, 0.0, 0.0 ], [ 0.0, 0.0, 0.0, 4.999941176470587e-3, 4.999509803921567e-3, -4.999999999999989e-3, 4.999549019607843e-3, 0.0, 0.0, 0.0, 0.0, 4.999529411764705e-3, 4.9997843137254885e-3, -4.463294117647059e-3, 0.0, 5.00049019607843e-3, 0.0, 0.0, 0.0, 3.92156862745098e-3, 0.0, 3.92156862745098e-3, 4.999705882352938e-3, 4.99992156862745e-3, 4.999529411764705e-3, 0.0, 0.0, 0.0 ], [ 0.0, 0.0, 0.0, 0.0, 0.0, 0.0, 0.0, 0.0, 0.0, 0.0, 0.0, 4.999705882352941e-3, 0.0, 0.0, -5.000235294117635e-3, 4.999882352941174e-3, 0.0, 0.0, 0.0, 3.92156862745098e-3, 0.0, 0.0, 0.0, 0.0, 0.0, 0.0, 0.0, 0.0 ] ]
  robust!26 [......................................................] 0/9 queries
  robust!26 [======>...............................................] 1/9 queries
  robust!26 [============>.........................................] 2/9 queries
  robust!26 [==================>...................................] 3/9 queries
  robust!26 [========================>.............................] 4/9 queries
  robust!26 [==============================>.......................] 5/9 queries
    result: ✗ - Marabou found a counterexample
      perturbation: [ [ 0.0, 0.0, 0.0, 0.0, 0.0, 0.0, 0.0, 0.0, 0.0, 3.92156862745098e-3, -5.0e-3, -5.0e-3, -4.9997254901960565e-3, -4.999960784313775e-3, -5.000039215686281e-3, 4.999980392156854e-3, -4.999960784313731e-3, -5.0e-3, 0.0, 5.000137254901961e-3, 3.92156862745098e-3, 0.0, 0.0, 0.0, 0.0, 0.0, 0.0, 0.0 ], [ 0.0, 0.0, 0.0, 0.0, 0.0, 0.0, 0.0, 0.0, 0.0, 0.0, 0.0, 4.999960784313708e-3, 0.0, 5.000196078431415e-3, 5.000215686274539e-3, -4.999647058823528e-3, 0.0, -5.000392156862747e-3, 0.0, 0.0, 0.0, 0.0, 0.0, 0.0, 0.0, 0.0, 0.0, 0.0 ], [ 0.0, 0.0, 0.0, 0.0, 3.92156862745098e-3, 0.0, 0.0, 0.0, 0.0, 5.000235294117629e-3, 4.999882352941124e-3, 5.000176470588181e-3, 5.000019607843168e-3, 4.999921568627439e-3, 4.999607843137214e-3, 4.999647058823572e-3, 4.999745098039191e-3, 5.000333333333348e-3, 5.000117647058787e-3, 4.999980392156859e-3, 0.0, 0.0, 0.0, 0.0, 0.0, 0.0, 0.0, 0.0 ], [ 0.0, 0.0, 0.0, 0.0, 0.0, 5.000137254901961e-3, 0.0, 5.000294117647067e-3, 4.999745098039191e-3, 4.99968627450982e-3, 5.000137254901977e-3, -5.000392156862742e-3, 5.00009803921573e-3, 5.000450980392157e-3, 5.00009803921573e-3, 4.999901960784314e-3, 5.000392156862719e-3, 4.999882352941124e-3, 5.0004117647058435e-3, 4.99998039215681e-3, 5.000333333333281e-3, 5.00003921568627e-3, 0.0, 0.0, 0.0, 0.0, 0.0, 0.0 ], [ 0.0, 0.0, 0.0, 0.0, 3.92156862745098e-3, 0.0, 5.0003333333333315e-3, 4.858843137254877e-3, 5.0004509803922015e-3, 5.000196078431348e-3, 5.000490196078449e-3, 5.000431372548967e-3, -5.000156862745123e-3, 5.000019607843168e-3, 5.0001568627451014e-3, -4.9998823529411466e-3, 4.999823529411753e-3, 4.999725490196068e-3, 5.000058823529416e-3, 5.000196078431348e-3, 5.0004509803922015e-3, 5.0004117647058435e-3, 5.0004509803921685e-3, 0.0, 3.92156862745098e-3, 0.0, 0.0, 0.0 ], [ 0.0, 0.0, 0.0, 0.0, 0.0, 0.0, 5.000313725490202e-3, 5.000137254901977e-3, 5.000333333333281e-3, 5.000313725490158e-3, -4.999960784313708e-3, 4.999764705882315e-3, -4.999509803921551e-3, -4.999529411764674e-3, -4.999666666666718e-3, -5.000078431372517e-3, -5.000372549019618e-3, 5.000470588235326e-3, 4.999745098039191e-3, 4.999745098039191e-3, -5.000372549019618e-3, 5.000019607843168e-3, 5.0003921568627634e-3, 0.0, 0.0, 0.0, 0.0, 0.0 ], [ 0.0, 0.0, 0.0, 0.0, 0.0, 0.0, 4.999529411764653e-3, 4.9998627450980005e-3, 5.000313725490158e-3, 5.000039215686292e-3, 5.000039215686292e-3, 5.000313725490158e-3, -5.000392156862742e-3, 5.0001568627451014e-3, 5.000000000000044e-3, 5.000176470588225e-3, 4.999882352941124e-3, 4.999882352941124e-3, 4.999745098039191e-3, 5.000313725490158e-3, 5.000470588235326e-3, 5.000019607843168e-3, 4.999588235294135e-3, 0.0, 0.0, 0.0, 0.0, 0.0 ], [ 0.0, 0.0, 0.0, 0.0, 0.0, 0.0, 4.999941176470562e-3, 5.000431372548967e-3, 4.999588235294135e-3, 5.0004509803922015e-3, 5.000313725490158e-3, 5.000313725490158e-3, 5.000470588235326e-3, 4.999745098039191e-3, 4.999627450980382e-3, 4.999764705882315e-3, 5.000039215686292e-3, 5.000019607843168e-3, 4.999588235294135e-3, 5.000019607843168e-3, 5.000019607843168e-3, 5.0004509803922015e-3, 5.0004509803922015e-3, 4.999823529411764e-3, 0.0, 0.0, 0.0, 0.0 ], [ 0.0, 0.0, 0.0, 0.0, 0.0, 0.0, 5.000313725490158e-3, 5.0004117647058435e-3, 5.000000000000044e-3, 5.000176470588225e-3, 5.000058823529416e-3, 5.000215686274473e-3, 4.999784313725439e-3, 5.000196078431348e-3, 5.000058823529416e-3, 5.0003529411765165e-3, 5.000215686274473e-3, 5.000215686274473e-3, 4.999627450980382e-3, 4.9996078431372585e-3, 5.000294117647034e-3, 5.000294117647034e-3, 4.999568627451011e-3, 5.000196078431371e-3, 0.0, 0.0, 0.0, 0.0 ], [ 0.0, 0.0, 0.0, 0.0, 0.0, 4.999627450980391e-3, 4.999549019607887e-3, 4.99998039215681e-3, 4.9998627450980005e-3, 4.999588235294135e-3, 4.999627450980382e-3, 5.000215686274473e-3, 5.000058823529416e-3, 4.999882352941124e-3, 5.000039215686292e-3, 4.999647058823506e-3, 4.999921568627483e-3, 4.999921568627483e-3, 4.999784313725439e-3, 5.000254901960786e-3, 5.000196078431415e-3, 4.999568627451011e-3, 5.000117647058854e-3, 4.999549019607854e-3, 0.0, 0.0, 0.0, 0.0 ], [ 0.0, 0.0, 0.0, 0.0, 0.0, 5.000254901960781e-3, 4.9999607843136855e-3, 4.999529411764653e-3, 5.000196078431415e-3, 4.9998627450980005e-3, 5.000000000000044e-3, 5.000176470588225e-3, -5.000235294117685e-3, 4.999882352941124e-3, 5.000215686274473e-3, 4.999901960784359e-3, 5.000196078431348e-3, 5.000313725490158e-3, 5.000019607843168e-3, 4.999529411764653e-3, 5.0e-3, 5.0004117647058435e-3, 5.000392156862719e-3, 5.000372549019629e-3, 0.0, 0.0, 0.0, 0.0 ], [ 0.0, 0.0, 0.0, 0.0, 0.0, 4.999549019607865e-3, 4.999529411764653e-3, 4.999803921568629e-3, 4.999921568627439e-3, 5.0001568627451014e-3, 4.999843137254877e-3, 4.999764705882315e-3, 5.000058823529416e-3, 4.999588235294135e-3, 5.000470588235326e-3, 5.000294117647034e-3, 5.000470588235326e-3, 5.000176470588225e-3, 5.000137254901977e-3, 5.000254901960786e-3, 4.99968627450982e-3, 5.00027450980391e-3, 4.9999607843136855e-3, 5.00037254901964e-3, 0.0, 0.0, 0.0, 0.0 ], [ 0.0, 0.0, 0.0, 0.0, 0.0, 5.000156862745146e-3, -4.999745098039214e-3, 4.999784313725506e-3, 4.999627450980382e-3, 4.9996078431372585e-3, 5.0004117647058435e-3, 4.999627450980382e-3, 4.999764705882315e-3, 5.000294117647034e-3, 4.999588235294135e-3, 4.999784313725439e-3, 4.9996078431372585e-3, 5.000333333333281e-3, 5.0001568627451014e-3, 5.000215686274539e-3, 4.999627450980426e-3, 5.000078431372495e-3, 5.000392156862719e-3, 4.99968627450982e-3, 0.0, 0.0, 0.0, 0.0 ], [ 0.0, 0.0, 0.0, 0.0, 0.0, 4.999627450980382e-3, -5.00001960784319e-3, -4.999960784313752e-3, 5.00045098039218e-3, 5.000058823529416e-3, 5.000117647058854e-3, 5.000058823529416e-3, 5.000313725490158e-3, 5.000137254901977e-3, 5.000058823529416e-3, 4.999745098039191e-3, 4.9996078431372585e-3, 5.000039215686292e-3, 5.000470588235326e-3, 5.000333333333348e-3, 5.000254901960781e-3, 5.000470588235281e-3, 4.999823529411753e-3, -5.000235294117619e-3, 5.0002352941176465e-3, 0.0, 0.0, 0.0 ], [ 0.0, 0.0, 0.0, -5.0e-3, 0.0, 5.000235294117663e-3, 5.0004117647058435e-3, 0.0, 0.0, 5.000078431372539e-3, 5.000392156862719e-3, 4.999921568627483e-3, 4.999745098039191e-3, 4.999843137254877e-3, 4.999921568627483e-3, 5.000039215686292e-3, 4.999882352941124e-3, 4.999901960784359e-3, 4.9996078431372585e-3, 4.9997647058823815e-3, 0.0, 5.0004117647058435e-3, 4.999509803921528e-3, 5.0004117647058435e-3, 5.000470588235303e-3, 0.0, 0.0, 0.0 ], [ 0.0, 0.0, 0.0, -5.0e-3, 0.0, 5.0001568627451014e-3, 4.999823529411753e-3, -4.999960784313752e-3, 0.0, 5.000254901960831e-3, 4.99968627450982e-3, 4.999764705882315e-3, 5.000333333333281e-3, 5.000294117647034e-3, 5.000313725490158e-3, 4.999764705882315e-3, 4.999901960784359e-3, 5.000294117647034e-3, 4.999882352941124e-3, 5.000352941176472e-3, 0.0, 4.999901960784293e-3, 5.000333333333348e-3, 5.000137254901977e-3, 5.000156862745146e-3, 0.0, 0.0, 0.0 ], [ 0.0, 0.0, 0.0, -5.0e-3, 4.9999607843137246e-3, 4.999843137254877e-3, 4.999647058823572e-3, 4.999823529411753e-3, 0.0, 4.999764705882315e-3, 4.999843137254877e-3, 5.000039215686292e-3, 4.9996078431372585e-3, 5.000019607843168e-3, 5.000000000000044e-3, 4.999588235294135e-3, 5.000490196078449e-3, 4.999882352941124e-3, 5.000019607843168e-3, 4.999607843137214e-3, 0.0, 4.999784313725472e-3, 5.0e-3, 5.000137254901977e-3, 4.9998039215686735e-3, 0.0, 0.0, 0.0 ], [ 0.0, 0.0, 0.0, 0.0, 4.999803921568627e-3, 5.0004117647058435e-3, 5.000490196078405e-3, 5.000000000000044e-3, 0.0, 4.9999607843136855e-3, 4.9998627450980005e-3, 4.999764705882315e-3, -4.9996862745098425e-3, 4.999568627451011e-3, 4.999647058823506e-3, 5.000039215686292e-3, 5.000176470588225e-3, 4.999921568627483e-3, 5.0003529411765165e-3, 4.999862745098067e-3, -5.0e-3, 5.000137254901972e-3, 5.0e-3, 5.000000000000044e-3, 4.999509803921573e-3, 0.0, 0.0, 0.0 ], [ 0.0, 0.0, 0.0, 0.0, 5.000019607843135e-3, 5.0004117647058435e-3, 4.999941176470562e-3, -4.999999999999956e-3, 0.0, 4.999745098039258e-3, 5.000039215686292e-3, 5.000313725490158e-3, 4.999901960784359e-3, 4.999568627451011e-3, 5.000470588235326e-3, 5.000470588235326e-3, 4.999901960784359e-3, 5.000313725490158e-3, 5.000078431372539e-3, 4.9997647058823815e-3, -4.999941176470606e-3, 5.000137254901972e-3, 5.0e-3, 5.0004117647058435e-3, 5.0003529411765165e-3, 0.0, 0.0, 0.0 ], [ 0.0, 0.0, 0.0, 0.0, 4.99952941176473e-3, 5.000117647058854e-3, 5.00009803921573e-3, -5.000392156862742e-3, 5.000137254901972e-3, 4.9997647058823815e-3, 5.0003529411765165e-3, 5.000333333333281e-3, 5.000470588235326e-3, 5.00027450980391e-3, 5.000431372548967e-3, 4.999745098039191e-3, 4.999901960784359e-3, 4.999764705882315e-3, 4.999921568627483e-3, 4.999843137254877e-3, -5.00003921568627e-3, 4.999705882352938e-3, 5.0e-3, 4.9999607843136855e-3, 5.0002941176470785e-3, 0.0, 0.0, 0.0 ], [ 0.0, 0.0, 0.0, 0.0, 4.99952941176473e-3, 4.999745098039258e-3, 5.000254901960786e-3, 4.9996078431372585e-3, 4.999882352941168e-3, 5.000254901960786e-3, 4.999627450980382e-3, 5.000333333333281e-3, 4.999588235294135e-3, 5.000000000000044e-3, 4.999745098039191e-3, 5.0004509803922015e-3, 5.000313725490158e-3, 4.999764705882315e-3, 4.999627450980382e-3, 4.9996078431372585e-3, -5.000411764705865e-3, 4.999960784313719e-3, 5.0e-3, 5.000058823529371e-3, 5.00023529411764e-3, 0.0, 0.0, 0.0 ], [ 0.0, 0.0, 0.0, 0.0, 4.999666666666663e-3, 5.0003137254902245e-3, 4.9999607843136855e-3, 4.999745098039191e-3, 4.999647058823506e-3, 5.000294117647034e-3, 5.000470588235326e-3, 5.000470588235326e-3, 5.0004509803922015e-3, 5.000431372548967e-3, 5.000196078431348e-3, 4.999745098039191e-3, 5.000470588235326e-3, 4.999901960784359e-3, 5.000196078431348e-3, 4.9996078431372585e-3, -4.999999999999956e-3, 4.999901960784293e-3, 4.999882352941191e-3, 4.999784313725506e-3, 4.999862745098045e-3, 0.0, 0.0, 0.0 ], [ 0.0, 0.0, 0.0, 0.0, -5.0003725490195845e-3, 5.0003137254902245e-3, 4.99968627450982e-3, -4.999568627451033e-3, 5.000333333333281e-3, 4.999882352941124e-3, 5.000470588235326e-3, 5.000039215686292e-3, 5.000470588235326e-3, 4.9998627450980005e-3, 5.000176470588225e-3, 5.0004509803922015e-3, 5.000470588235326e-3, 4.999764705882315e-3, 5.000470588235326e-3, 4.9996078431372585e-3, 5.000019607843168e-3, -5.000019607843146e-3, 4.999784313725506e-3, 5.000078431372495e-3, 5.000431372549011e-3, 0.0, 0.0, 0.0 ], [ 0.0, 0.0, 0.0, 0.0, -4.999999999999989e-3, 4.99958823529409e-3, 5.000254901960786e-3, -5.000450980392113e-3, 5.000333333333281e-3, 5.000176470588225e-3, 4.999745098039191e-3, 4.999745098039191e-3, 4.9996078431372585e-3, 4.9998627450980005e-3, 5.000039215686292e-3, 5.0004509803922015e-3, 5.000470588235326e-3, 5.000470588235326e-3, 5.000039215686292e-3, 4.9996078431372585e-3, 4.999764705882315e-3, -5.000254901960809e-3, 4.999784313725506e-3, 5.000058823529371e-3, 4.999509803921562e-3, 0.0, 0.0, 0.0 ], [ 0.0, 0.0, 0.0, 0.0, -5.0e-3, 4.999725490196068e-3, 5.000392156862719e-3, -4.9997254901960895e-3, 4.999843137254877e-3, 5.0004509803922015e-3, 4.999901960784359e-3, 5.000470588235326e-3, 4.999901960784359e-3, 5.000176470588225e-3, 4.999745098039191e-3, 4.999745098039191e-3, 4.999764705882315e-3, 5.000196078431348e-3, 5.000196078431348e-3, 5.000470588235326e-3, 5.000137254901977e-3, 4.9997058823529434e-3, -5.000490196078472e-3, 4.999803921568629e-3, -4.999843137254921e-3, 0.0, 0.0, 0.0 ], [ 0.0, 0.0, 0.0, 0.0, 0.0, 5.00037254901964e-3, -5.000039215686314e-3, -4.999509803921551e-3, 4.999588235294068e-3, 5.000470588235281e-3, 5.000000000000044e-3, 5.000431372548967e-3, 4.999568627451011e-3, 4.9997058823529434e-3, 5.000000000000044e-3, 4.999568627451011e-3, 5.000000000000044e-3, 5.000431372548967e-3, 5.000294117647034e-3, 5.000352941176472e-3, 4.9996078431372585e-3, 5.00023529411764e-3, 4.999647058823572e-3, 4.999529411764653e-3, 5.000313725490191e-3, 0.0, 0.0, 0.0 ], [ 0.0, 0.0, 0.0, -5.0e-3, 0.0, 4.999843137254877e-3, 4.999627450980338e-3, -5.000392156862742e-3, 0.0, 0.0, 5.000313725490208e-3, 4.999803921568651e-3, 4.99992156862746e-3, 5.000490196078427e-3, 4.999901960784337e-3, 4.999901960784337e-3, 4.999882352941158e-3, 5.000078431372573e-3, 5.000196078431371e-3, 0.0, -5.0e-3, 4.999882352941174e-3, 5.000058823529371e-3, 4.9996666666666965e-3, -5.000431372549011e-3, 0.0, 0.0, 0.0 ], [ 0.0, 0.0, 0.0, 0.0, 0.0, 4.999803921568627e-3, 4.999588235294129e-3, -4.999607843137256e-3, 0.0, 0.0, 0.0, 0.0, 0.0, 0.0, 0.0, 0.0, 0.0, 0.0, 0.0, 0.0, 0.0, -5.0e-3, -5.0000196078431374e-3, 5.000078431372548e-3, -5.0e-3, 0.0, 0.0, 0.0 ] ]
  robust!27 [......................................................] 0/9 queries
  robust!27 [======>...............................................] 1/9 queries
  robust!27 [============>.........................................] 2/9 queries
  robust!27 [==================>...................................] 3/9 queries
  robust!27 [========================>.............................] 4/9 queries
  robust!27 [==============================>.......................] 5/9 queries
  robust!27 [====================================>.................] 6/9 queries
  robust!27 [==========================================>...........] 7/9 queries
  robust!27 [================================================>.....] 8/9 queries
  robust!27 [======================================================] 9/9 queries
  robust!28 [......................................................] 0/9 queries
  robust!28 [======>...............................................] 1/9 queries
  robust!28 [============>.........................................] 2/9 queries
  robust!28 [==================>...................................] 3/9 queries
  robust!28 [========================>.............................] 4/9 queries
  robust!28 [==============================>.......................] 5/9 queries
  robust!28 [====================================>.................] 6/9 queries
  robust!28 [==========================================>...........] 7/9 queries
  robust!28 [================================================>.....] 8/9 queries
  robust!28 [======================================================] 9/9 queries
  robust!29 [......................................................] 0/9 queries
  robust!29 [======>...............................................] 1/9 queries
  robust!29 [============>.........................................] 2/9 queries
  robust!29 [==================>...................................] 3/9 queries
  robust!29 [========================>.............................] 4/9 queries
    result: 🗸 - Marabou proved no counterexample exists
    result: 🗸 - Marabou proved no counterexample exists

    result: ✗ - Marabou found a counterexample
      perturbation: [ [ 0.0, 0.0, 0.0, 0.0, 0.0, 0.0, 3.92156862745098e-3, 3.92156862745098e-3, 3.92156862745098e-3, 5.000274509803921e-3, -5.00043137254902e-3, -5.0e-3, 5.000000000000011e-3, 5.000156862745146e-3, 4.99984313725491e-3, 5.000254901960831e-3, -5.000254901960786e-3, -5.0e-3, 5.000137254901961e-3, 5.000274509803921e-3, 0.0, 3.92156862745098e-3, 0.0, 0.0, 0.0, 0.0, 0.0, 0.0 ], [ 0.0, 0.0, 0.0, 0.0, 0.0, 0.0, 0.0, 3.92156862745098e-3, 5.000137254901961e-3, 0.0, 0.0, 5.000372549019607e-3, -5.000196078431371e-3, 5.00009803921573e-3, 4.9996666666666965e-3, -4.999941176470629e-3, -5.000411764705865e-3, -5.0e-3, 0.0, 0.0, 0.0, 3.92156862745098e-3, 0.0, 0.0, 0.0, 0.0, 0.0, 0.0 ], [ 0.0, 0.0, 0.0, 0.0, 0.0, 0.0, 0.0, 5.000137254901961e-3, 0.0, 5.000235294117629e-3, 5.000333333333281e-3, -5.00031372549018e-3, 5.000431372548967e-3, 5.000431372548967e-3, 5.000333333333348e-3, 5.000137254901977e-3, 4.9996078431372585e-3, 5.000137254901977e-3, 4.999627450980426e-3, 4.999509803921567e-3, 0.0, 5.000137254901961e-3, 0.0, 0.0, 0.0, 0.0, 0.0, 0.0 ], [ 0.0, 0.0, 0.0, 0.0, 0.0, 0.0, 5.000274509803921e-3, 0.0, 4.999980392156859e-3, 5.00027450980391e-3, -5.0002745098039324e-3, -5.000411764705865e-3, 4.999588235294135e-3, 5.000333333333281e-3, 5.000078431372539e-3, -4.999549019607799e-3, 5.0001568627451014e-3, 5.000019607843168e-3, 4.999725490196068e-3, 4.999764705882315e-3, 5.000274509803921e-3, 0.0, 0.0, 0.0, 0.0, 0.0, 0.0, 0.0 ], [ 0.0, 0.0, 0.0, 0.0, 0.0, 0.0, 0.0, -5.0e-3, 4.999921568627483e-3, 4.999725490196068e-3, 4.9996078431372585e-3, -4.999823529411775e-3, -4.9996862745098425e-3, 5.000431372548967e-3, -4.999764705882404e-3, -5.000098039215641e-3, 4.999882352941124e-3, 5.000470588235326e-3, 4.999764705882315e-3, 4.999725490196068e-3, -5.000137254901966e-3, 0.0, 0.0, 0.0, 0.0, 0.0, 0.0, 0.0 ], [ 0.0, 0.0, 0.0, 0.0, 0.0, 0.0, 0.0, -5.0e-3, 4.9996078431372585e-3, 5.000294117647034e-3, -4.9999803921568315e-3, -5.0002745098039324e-3, -5.000117647058876e-3, -4.999705882352966e-3, -4.999647058823484e-3, -4.999823529411775e-3, 4.9996078431372585e-3, 5.000019607843168e-3, 5.000470588235326e-3, 5.000019607843168e-3, -5.0003333333333705e-3, 0.0, 0.0, 0.0, 0.0, 0.0, 0.0, 0.0 ], [ 0.0, 0.0, 0.0, 0.0, 0.0, 0.0, 0.0, 4.99992156862745e-3, 4.999588235294135e-3, 5.00027450980391e-3, 5.0001568627451014e-3, 5.0001568627451014e-3, 5.0004509803922015e-3, 4.999588235294135e-3, 4.99966666666663e-3, 4.999882352941124e-3, 5.000039215686292e-3, 5.0001568627451014e-3, 5.000196078431348e-3, 4.999725490196068e-3, 5.0001568627451014e-3, 0.0, 0.0, 0.0, 0.0, 0.0, 0.0, 0.0 ], [ 0.0, 0.0, 0.0, 0.0, 0.0, 0.0, 0.0, 5.000254901960781e-3, 4.999725490196068e-3, 5.000137254901977e-3, 4.9997058823529434e-3, 5.0004509803922015e-3, 5.000019607843168e-3, 5.000019607843168e-3, 4.999784313725439e-3, 5.0004509803922015e-3, 5.000313725490158e-3, 5.000176470588225e-3, 5.000470588235326e-3, 4.999568627451011e-3, 5.000000000000044e-3, 0.0, 0.0, 0.0, 0.0, 0.0, 0.0, 0.0 ], [ 0.0, 0.0, 0.0, 0.0, 0.0, 0.0, 0.0, 4.999882352941158e-3, 5.0001568627451014e-3, 4.999568627451011e-3, 5.000117647058854e-3, 5.0004509803922015e-3, 5.0004509803922015e-3, 5.000019607843168e-3, 5.000176470588225e-3, 4.999882352941124e-3, 5.000470588235326e-3, 4.999764705882315e-3, 5.000294117647034e-3, 4.999843137254877e-3, 5.000000000000044e-3, 5.000392156862744e-3, 0.0, 0.0, 0.0, 0.0, 0.0, 0.0 ], [ 0.0, 0.0, 0.0, 0.0, 0.0, 0.0, 0.0, 5.00023529411764e-3, 5.000019607843168e-3, 4.999588235294135e-3, 4.999568627451011e-3, 4.999588235294135e-3, 4.999882352941124e-3, 5.000313725490158e-3, 4.9996078431372585e-3, 5.000313725490158e-3, 4.9996078431372585e-3, 4.999901960784359e-3, 4.999901960784359e-3, 4.9997058823529434e-3, 4.9997058823529434e-3, 5.00049019607843e-3, 0.0, 0.0, 0.0, 0.0, 0.0, 0.0 ], [ 0.0, 0.0, 0.0, 0.0, 0.0, 0.0, 0.0, 5.000196078431393e-3, 5.000019607843168e-3, 5.000215686274473e-3, 4.9998039215686735e-3, 5.000431372548967e-3, 5.000176470588225e-3, 5.0004509803922015e-3, 5.000176470588225e-3, 5.000313725490158e-3, 5.000039215686292e-3, 4.999901960784359e-3, 4.999980392156854e-3, 5.000117647058854e-3, 5.00027450980391e-3, 4.999588235294129e-3, 0.0, 0.0, 0.0, 0.0, 0.0, 0.0 ], [ 0.0, 0.0, 0.0, 0.0, 0.0, 0.0, 0.0, 5.000156862745146e-3, 5.000019607843168e-3, 4.9998039215686735e-3, 5.0003921568627634e-3, 5.000431372548967e-3, 5.000176470588225e-3, 4.999882352941124e-3, 5.000176470588225e-3, 5.000313725490158e-3, 5.000039215686292e-3, 5.000039215686292e-3, 4.9999999999999776e-3, 4.999509803921528e-3, 5.000431372548967e-3, 4.999549019607854e-3, 0.0, 0.0, 0.0, 0.0, 0.0, 0.0 ], [ 0.0, 0.0, 0.0, 0.0, 0.0, 0.0, 0.0, 4.99954901960782e-3, 5.000019607843168e-3, 4.999568627450944e-3, 5.00013725490191e-3, 5.000000000000044e-3, 5.000176470588225e-3, 5.000019607843168e-3, 5.000313725490158e-3, 5.000176470588225e-3, 5.000470588235326e-3, 5.000039215686292e-3, 5.0004117647058765e-3, 4.999549019607887e-3, 5.0001568627451014e-3, 5.000490196078427e-3, 0.0, 0.0, 0.0, 0.0, 0.0, 0.0 ], [ 0.0, 0.0, 0.0, 0.0, 0.0, 0.0, 0.0, -5.000470588235303e-3, 5.0001568627451014e-3, 5.000392156862753e-3, 5.000019607843102e-3, 5.000137254901977e-3, 5.000176470588225e-3, 5.000019607843168e-3, 5.0004509803922015e-3, 4.9996078431372585e-3, 5.000470588235326e-3, 5.000176470588225e-3, 4.999901960784337e-3, 5.0004509803922015e-3, 4.999725490196068e-3, 5.000313725490191e-3, 0.0, 0.0, 0.0, 0.0, 0.0, 0.0 ], [ 0.0, 0.0, 0.0, 0.0, 0.0, 0.0, 0.0, -5.000058823529393e-3, 4.999725490196068e-3, 4.999686274509797e-3, 5.000117647058787e-3, 4.999568627451011e-3, 4.999882352941124e-3, 5.000019607843168e-3, 5.000019607843168e-3, 5.000039215686292e-3, 5.000470588235326e-3, 5.0004509803922015e-3, 4.999666666666663e-3, 4.999980392156854e-3, 4.999568627451011e-3, 5.0004117647058765e-3, 0.0, 0.0, 0.0, 0.0, 0.0, 0.0 ], [ 0.0, 0.0, 0.0, -5.0e-3, 0.0, 0.0, 0.0, 4.999921568627483e-3, 4.999725490196068e-3, 4.9997450980392355e-3, 5.000470588235326e-3, 5.000431372548967e-3, 5.000019607843168e-3, 5.0004509803922015e-3, 4.999588235294135e-3, 5.000470588235326e-3, 5.000039215686292e-3, 5.000019607843168e-3, 5.000137254901955e-3, 4.999588235294068e-3, -4.999999999999956e-3, 5.000098039215708e-3, 0.0, 0.0, 0.0, 0.0, 0.0, 0.0 ], [ 0.0, 0.0, 0.0, 0.0, 0.0, 0.0, 0.0, 5.000196078431348e-3, 4.999588235294135e-3, 5.000058823529416e-3, 5.0001568627451014e-3, 5.000000000000044e-3, 5.000019607843168e-3, 5.000019607843168e-3, 4.999725490196068e-3, 5.000470588235326e-3, 5.000019607843168e-3, 4.999882352941124e-3, 4.999823529411797e-3, 4.99954901960782e-3, 5.000431372548967e-3, 4.999803921568607e-3, 0.0, 0.0, 0.0, 0.0, 0.0, 0.0 ], [ 0.0, 0.0, 0.0, 0.0, 0.0, 0.0, 0.0, 5.000078431372539e-3, 5.0001568627451014e-3, 5.00027450980391e-3, 5.000019607843168e-3, 4.9997058823529434e-3, 4.999588235294135e-3, 5.000019607843168e-3, 5.000431372548967e-3, 5.000039215686292e-3, 5.000019607843168e-3, 4.999588235294135e-3, 5.000196078431348e-3, 5.000392156862719e-3, -5.0004313725489895e-3, 5.000372549019629e-3, 0.0, 0.0, 0.0, 0.0, 0.0, 0.0 ], [ 0.0, 0.0, 0.0, 0.0, 0.0, 0.0, 0.0, 5.000058823529416e-3, 4.999568627451011e-3, 4.999725490196068e-3, 4.999882352941124e-3, 5.00027450980391e-3, 5.000019607843168e-3, 4.999725490196068e-3, 5.000431372548967e-3, 5.000039215686292e-3, 4.999588235294135e-3, 5.000294117647034e-3, 5.000196078431348e-3, 5.00027450980391e-3, -5.000294117647056e-3, 4.999666666666674e-3, 0.0, 0.0, 0.0, 0.0, 0.0, 0.0 ], [ 0.0, 0.0, 0.0, 0.0, 0.0, 0.0, 0.0, 4.9999999999999776e-3, 4.999588235294135e-3, 5.0001568627451014e-3, 5.000176470588225e-3, 4.999549019607887e-3, 5.0004509803922015e-3, 5.000294117647034e-3, 4.999568627451011e-3, 4.999764705882315e-3, 5.000019607843168e-3, 4.999568627451011e-3, 4.999901960784359e-3, 4.999882352941124e-3, 4.9999607843136855e-3, 5.000274509803955e-3, 0.0, 0.0, 0.0, 0.0, 0.0, 0.0 ], [ 0.0, 0.0, 0.0, 0.0, 0.0, 0.0, 0.0, 0.0, 4.999960784313719e-3, 5.0004117647058435e-3, 5.000470588235326e-3, 4.9996666666666965e-3, 5.000313725490158e-3, 5.000137254901977e-3, 5.00027450980391e-3, 4.999764705882315e-3, 4.999588235294135e-3, 4.999843137254877e-3, 4.999764705882315e-3, 4.999568627451011e-3, 4.999725490196101e-3, 4.999823529411764e-3, 0.0, 0.0, 0.0, 0.0, 0.0, 0.0 ], [ 0.0, 0.0, 0.0, 0.0, 0.0, 0.0, 0.0, 0.0, 5.000333333333281e-3, 5.00027450980391e-3, 4.999901960784359e-3, 5.000078431372495e-3, 4.9996078431372585e-3, 5.000254901960786e-3, 5.000000000000044e-3, 5.000470588235326e-3, 4.999588235294135e-3, 4.999823529411753e-3, 4.999764705882315e-3, 4.999843137254877e-3, 5.000156862745079e-3, 0.0, 0.0, 0.0, 0.0, 0.0, 0.0, 0.0 ], [ 0.0, 0.0, 0.0, 0.0, 0.0, 0.0, 0.0, 4.999980392156863e-3, 5.000254901960786e-3, 5.0004117647058435e-3, 5.000470588235326e-3, 5.000058823529371e-3, 5.000039215686292e-3, 5.000235294117663e-3, 5.000431372548967e-3, 4.9996078431372585e-3, 5.000176470588225e-3, 4.999803921568629e-3, 4.9996078431372585e-3, 4.999725490196068e-3, 5.0004509803922015e-3, 0.0, 0.0, 0.0, 0.0, 0.0, 0.0, 0.0 ], [ 0.0, 0.0, 0.0, 0.0, 0.0, 0.0, 0.0, 5.000372549019618e-3, 4.999843137254877e-3, 4.999823529411753e-3, 5.000333333333281e-3, 5.000470588235281e-3, 4.9996078431372585e-3, 4.999921568627439e-3, 4.999588235294135e-3, 4.999882352941124e-3, 4.9996078431372585e-3, 4.999784313725506e-3, 4.999725490196068e-3, 4.999588235294135e-3, 4.999823529411753e-3, 5.000392156862744e-3, 0.0, 0.0, 0.0, 0.0, 0.0, 0.0 ], [ 0.0, 0.0, 0.0, 0.0, 0.0, 0.0, 0.0, -4.999666666666674e-3, 4.999843137254877e-3, 5.00009803921573e-3, 5.000196078431348e-3, 5.000470588235281e-3, 4.999901960784359e-3, 5.000470588235281e-3, 5.000019607843168e-3, 4.999588235294135e-3, 5.000470588235326e-3, 4.999627450980338e-3, 4.9997058823529434e-3, 4.999725490196068e-3, 4.9997058823529434e-3, 4.999941176470585e-3, -5.0e-3, 0.0, 0.0, 0.0, 0.0, 0.0 ], [ 0.0, 0.0, 0.0, 0.0, 0.0, 0.0, 0.0, -5.000235294117685e-3, 4.999549019607887e-3, 5.000392156862719e-3, 4.999882352941124e-3, 5.000019607843124e-3, 5.000333333333281e-3, 5.000058823529371e-3, 5.000039215686292e-3, 5.000039215686292e-3, 5.000294117647034e-3, 5.000333333333348e-3, 5.000137254901977e-3, 4.999725490196068e-3, 5.000137254901977e-3, 5.0002941176470785e-3, 0.0, 0.0, 0.0, 0.0, 0.0, 0.0 ], [ 0.0, 0.0, 0.0, 0.0, 0.0, 0.0, 4.999803921568627e-3, 4.9999607843136855e-3, 5.000392156862719e-3, 4.999803921568629e-3, 5.000254901960786e-3, 4.999607843137214e-3, 4.9999607843136855e-3, 5.0e-3, 5.000137254901977e-3, 4.999843137254877e-3, 4.999843137254877e-3, 5.000156862745056e-3, 4.999803921568629e-3, 4.999549019607887e-3, 5.0004117647058435e-3, 5.000176470588225e-3, 0.0, 0.0, 0.0, 0.0, 0.0, 0.0 ], [ 0.0, 0.0, 0.0, 0.0, 0.0, 0.0, 0.0, 0.0, 4.999941176470587e-3, 5.0002745098039324e-3, 5.000000000000011e-3, 5.000411764705882e-3, 5.000078431372529e-3, 4.999901960784337e-3, 5.000098039215708e-3, 4.999980392156854e-3, 4.999941176470587e-3, 0.0, 5.000058823529393e-3, 4.999607843137253e-3, 4.999803921568627e-3, -5.0e-3, -5.0e-3, -5.0e-3, 0.0, 0.0, 0.0, 0.0 ] ]
  robust!30 [......................................................] 0/9 queries
  robust!30 [======>...............................................] 1/9 queries
  robust!30 [============>.........................................] 2/9 queries
  robust!30 [==================>...................................] 3/9 queries
  robust!30 [========================>.............................] 4/9 queries
  robust!30 [==============================>.......................] 5/9 queries
  robust!30 [====================================>.................] 6/9 queries
  robust!30 [==========================================>...........] 7/9 queries
  robust!30 [================================================>.....] 8/9 queries
  robust!30 [======================================================] 9/9 queries
  robust!31 [......................................................] 0/9 queries
  robust!31 [======>...............................................] 1/9 queries
  robust!31 [============>.........................................] 2/9 queries
  robust!31 [==================>...................................] 3/9 queries
  robust!31 [========================>.............................] 4/9 queries
  robust!31 [==============================>.......................] 5/9 queries
  robust!31 [====================================>.................] 6/9 queries
  robust!31 [==========================================>...........] 7/9 queries
  robust!31 [================================================>.....] 8/9 queries
  robust!31 [======================================================] 9/9 queries
  robust!32 [......................................................] 0/9 queries
  robust!32 [======>...............................................] 1/9 queries
  robust!32 [============>.........................................] 2/9 queries
  robust!32 [==================>...................................] 3/9 queries
  robust!32 [========================>.............................] 4/9 queries
  robust!32 [==============================>.......................] 5/9 queries
  robust!32 [====================================>.................] 6/9 queries
  robust!32 [==========================================>...........] 7/9 queries
  robust!32 [================================================>.....] 8/9 queries
  robust!32 [======================================================] 9/9 queries
  robust!33 [......................................................] 0/9 queries
  robust!33 [======>...............................................] 1/9 queries
  robust!33 [============>.........................................] 2/9 queries
  robust!33 [==================>...................................] 3/9 queries
  robust!33 [========================>.............................] 4/9 queries
  robust!33 [==============================>.......................] 5/9 queries
  robust!33 [====================================>.................] 6/9 queries
  robust!33 [==========================================>...........] 7/9 queries
  robust!33 [================================================>.....] 8/9 queries
  robust!33 [======================================================] 9/9 queries
  robust!34 [......................................................] 0/9 queries
  robust!34 [======>...............................................] 1/9 queries
  robust!34 [============>.........................................] 2/9 queries
  robust!34 [==================>...................................] 3/9 queries
  robust!34 [========================>.............................] 4/9 queries
  robust!34 [==============================>.......................] 5/9 queries
  robust!34 [====================================>.................] 6/9 queries
  robust!34 [==========================================>...........] 7/9 queries
  robust!34 [================================================>.....] 8/9 queries
  robust!34 [======================================================] 9/9 queries
  robust!35 [......................................................] 0/9 queries
  robust!35 [======>...............................................] 1/9 queries
  robust!35 [============>.........................................] 2/9 queries
  robust!35 [==================>...................................] 3/9 queries
  robust!35 [========================>.............................] 4/9 queries
  robust!35 [==============================>.......................] 5/9 queries
  robust!35 [====================================>.................] 6/9 queries
  robust!35 [==========================================>...........] 7/9 queries
  robust!35 [================================================>.....] 8/9 queries
  robust!35 [======================================================] 9/9 queries
  robust!36 [......................................................] 0/9 queries
  robust!36 [======>...............................................] 1/9 queries
  robust!36 [============>.........................................] 2/9 queries
  robust!36 [==================>...................................] 3/9 queries
  robust!36 [========================>.............................] 4/9 queries
  robust!36 [==============================>.......................] 5/9 queries
  robust!36 [====================================>.................] 6/9 queries
  robust!36 [==========================================>...........] 7/9 queries
  robust!36 [================================================>.....] 8/9 queries
  robust!36 [======================================================] 9/9 queries
  robust!37 [......................................................] 0/9 queries
  robust!37 [======>...............................................] 1/9 queries
  robust!37 [============>.........................................] 2/9 queries
  robust!37 [==================>...................................] 3/9 queries
  robust!37 [========================>.............................] 4/9 queries
  robust!37 [==============================>.......................] 5/9 queries
  robust!37 [====================================>.................] 6/9 queries
  robust!37 [==========================================>...........] 7/9 queries
  robust!37 [================================================>.....] 8/9 queries
  robust!37 [======================================================] 9/9 queries
  robust!38 [......................................................] 0/9 queries
  robust!38 [======>...............................................] 1/9 queries
  robust!38 [============>.........................................] 2/9 queries
  robust!38 [==================>...................................] 3/9 queries
  robust!38 [========================>.............................] 4/9 queries
  robust!38 [==============================>.......................] 5/9 queries
  robust!38 [====================================>.................] 6/9 queries
  robust!38 [==========================================>...........] 7/9 queries
  robust!38 [================================================>.....] 8/9 queries
  robust!38 [======================================================] 9/9 queries
  robust!39 [......................................................] 0/9 queries
  robust!39 [======>...............................................] 1/9 queries
  robust!39 [============>.........................................] 2/9 queries
  robust!39 [==================>...................................] 3/9 queries
  robust!39 [========================>.............................] 4/9 queries
  robust!39 [==============================>.......................] 5/9 queries
  robust!39 [====================================>.................] 6/9 queries
  robust!39 [==========================================>...........] 7/9 queries
  robust!39 [================================================>.....] 8/9 queries
  robust!39 [======================================================] 9/9 queries
  robust!40 [......................................................] 0/9 queries
  robust!40 [======>...............................................] 1/9 queries
    result: 🗸 - Marabou proved no counterexample exists
    result: 🗸 - Marabou proved no counterexample exists
    result: 🗸 - Marabou proved no counterexample exists
    result: 🗸 - Marabou proved no counterexample exists
    result: 🗸 - Marabou proved no counterexample exists
    result: 🗸 - Marabou proved no counterexample exists
    result: 🗸 - Marabou proved no counterexample exists
    result: 🗸 - Marabou proved no counterexample exists
    result: 🗸 - Marabou proved no counterexample exists
    result: 🗸 - Marabou proved no counterexample exists

    result: ✗ - Marabou found a counterexample
      perturbation: [ [ 0.0, 0.0, 0.0, 0.0, 0.0, 0.0, 0.0, 0.0, 5.000137254901961e-3, 0.0, 0.0, 0.0, 5.000392156862753e-3, 5.000176470588225e-3, 5.000058823529416e-3, 4.999901960784359e-3, 5.00005882352946e-3, 0.0, 0.0, 5.000137254901961e-3, 5.000137254901961e-3, 0.0, 0.0, 0.0, 0.0, 0.0, 0.0, 0.0 ], [ 0.0, 0.0, 0.0, 0.0, 3.92156862745098e-3, 0.0, 5.000274509803921e-3, 0.0, 0.0, 0.0, 0.0, 4.999705882352941e-3, 5.000431372549034e-3, 4.999862745098067e-3, 4.9997254901960235e-3, 5.000431372549034e-3, 5.000431372549034e-3, 4.999647058823528e-3, 0.0, 0.0, 0.0, 0.0, 5.000411764705882e-3, 5.000137254901961e-3, 0.0, 0.0, 0.0, 0.0 ], [ 0.0, 0.0, 0.0, 3.92156862745098e-3, 5.000137254901961e-3, 0.0, 0.0, 0.0, 0.0, 5.000372549019618e-3, 4.999686274509753e-3, 4.999627450980338e-3, 5.0004117647058435e-3, 4.9996666666666965e-3, 4.999607843137214e-3, 5.000333333333348e-3, 5.000254901960786e-3, 5.000156862745056e-3, 4.999882352941124e-3, 4.99984313725491e-3, 4.999647058823528e-3, 0.0, 0.0, 0.0, 0.0, 0.0, 0.0, 0.0 ], [ 0.0, 0.0, 0.0, 0.0, 0.0, 0.0, 5.000117647058821e-3, 4.999529411764697e-3, 5.00027450980391e-3, 4.999647058823572e-3, 4.999941176470562e-3, 5.000117647058854e-3, 4.999941176470562e-3, 4.99968627450982e-3, 5.000352941176472e-3, 5.000333333333348e-3, 5.000333333333348e-3, 4.99998039215681e-3, 5.000235294117663e-3, 5.000078431372495e-3, 5.000235294117663e-3, 4.999882352941124e-3, 4.99992156862746e-3, 0.0, 5.000137254901961e-3, 0.0, 0.0, 0.0 ], [ 0.0, 0.0, 0.0, 5.000411764705882e-3, 0.0, 4.999509803921551e-3, 5.000352941176472e-3, 4.9996666666666965e-3, 5.0004117647058435e-3, 4.999568627451011e-3, 5.000000000000044e-3, 4.99998039215681e-3, 5.00027450980391e-3, 5.000254901960786e-3, 4.999882352941124e-3, 5.000117647058854e-3, 5.000137254901977e-3, 5.000137254901977e-3, 4.9998627450980005e-3, 5.000137254901977e-3, 5.00027450980391e-3, 5.000392156862719e-3, 4.999784313725506e-3, 4.999568627450978e-3, 0.0, 3.92156862745098e-3, 0.0, 0.0 ], [ 0.0, 0.0, 0.0, 0.0, 0.0, 4.999823529411797e-3, 4.9996666666666965e-3, 5.000000000000044e-3, 4.999568627451011e-3, 4.99998039215681e-3, 4.999568627451011e-3, 5.000431372548967e-3, 4.9998627450980005e-3, 4.99998039215681e-3, 5.000215686274473e-3, 5.000137254901977e-3, 4.999568627451011e-3, 4.999568627451011e-3, 5.0004117647058435e-3, 4.999843137254877e-3, 5.00027450980391e-3, 4.9998627450980005e-3, 5.000235294117663e-3, 4.999509803921573e-3, 0.0, 0.0, 0.0, 0.0 ], [ 0.0, 0.0, 0.0, 0.0, 0.0, 4.9998627450980005e-3, 4.999843137254877e-3, 5.000117647058854e-3, 4.999725490196068e-3, 5.000431372548967e-3, 4.999568627451011e-3, 5.000000000000044e-3, 5.000431372548967e-3, 4.99998039215681e-3, 5.000392156862719e-3, 5.000137254901977e-3, 4.9997058823529434e-3, 4.9997058823529434e-3, 5.00027450980391e-3, 5.000000000000044e-3, 5.000431372548967e-3, 5.00027450980391e-3, 4.99998039215681e-3, 5.000235294117663e-3, 4.999980392156863e-3, 0.0, 0.0, 0.0 ], [ 0.0, 0.0, 0.0, 0.0, 5.0001764705882475e-3, 5.000235294117663e-3, 5.00027450980391e-3, 4.99968627450982e-3, 4.999568627451011e-3, 5.000431372548967e-3, 5.00027450980391e-3, 5.000137254901977e-3, 5.000000000000044e-3, 5.000117647058854e-3, 4.999843137254877e-3, 4.999843137254877e-3, 5.000137254901977e-3, 4.9997058823529434e-3, 5.000137254901977e-3, 5.000137254901977e-3, 4.999568627451011e-3, 4.999529411764653e-3, 5.000254901960786e-3, 4.999921568627439e-3, 5.000294117647067e-3, 0.0, 0.0, 0.0 ], [ 0.0, 0.0, 0.0, 0.0, 4.999509803921562e-3, 4.999941176470562e-3, 4.9997058823529434e-3, 5.000392156862719e-3, 5.000137254901977e-3, 5.000431372548967e-3, 5.000294117647034e-3, 5.000431372548967e-3, 5.000431372548967e-3, 4.999529411764653e-3, 4.99954901960782e-3, 5.000137254901977e-3, 4.9997058823529434e-3, 4.9997058823529434e-3, 4.9997058823529434e-3, 4.9997058823529434e-3, 5.000000000000044e-3, 5.000215686274539e-3, 4.999509803921528e-3, 4.999509803921528e-3, 5.000235294117596e-3, 0.0, 0.0, 0.0 ], [ 0.0, 0.0, 0.0, 0.0, 4.9998627450980005e-3, 4.999843137254877e-3, 5.000117647058854e-3, 5.000039215686248e-3, 4.999823529411753e-3, 5.000431372548967e-3, 5.0001568627451014e-3, 5.000000000000044e-3, 4.9998627450980005e-3, 4.999529411764653e-3, 4.99998039215681e-3, 5.000137254901977e-3, 5.0004117647058435e-3, 5.000137254901977e-3, 5.000294117647034e-3, 4.9998627450980005e-3, 4.999568627451011e-3, 4.9997647058823815e-3, 5.000490196078405e-3, 4.99968627450982e-3, 5.000058823529371e-3, 0.0, 0.0, 0.0 ], [ 0.0, 0.0, 0.0, 0.0, 5.0004117647058435e-3, 5.000431372548967e-3, 5.000235294117663e-3, 5.000176470588181e-3, 4.999784313725506e-3, 4.999823529411753e-3, 5.000000000000044e-3, 4.9997058823529434e-3, 5.000000000000044e-3, 4.999823529411753e-3, 4.999549019607887e-3, 4.9997058823529434e-3, 5.0004117647058435e-3, 4.999843137254877e-3, 5.000137254901977e-3, 5.00009803921573e-3, 5.000215686274539e-3, 4.999901960784314e-3, 4.999921568627439e-3, 5.000431372548967e-3, 5.0004117647058435e-3, 0.0, 0.0, 0.0 ], [ 0.0, 0.0, 0.0, 5.000333333333315e-3, 4.999803921568629e-3, 4.999568627451011e-3, 4.9999607843136855e-3, 5.0003137254902245e-3, 5.000333333333348e-3, 5.0004117647058435e-3, 4.999843137254877e-3, 4.999843137254877e-3, 4.999568627451011e-3, 4.9999607843136855e-3, 4.999568627451011e-3, 5.0004117647058435e-3, 4.999549019607887e-3, 5.0004117647058435e-3, 5.00027450980391e-3, 4.999941176470562e-3, 5.000078431372495e-3, 5.000019607843124e-3, 4.999509803921528e-3, 4.999568627451011e-3, 5.000196078431415e-3, 4.99992156862746e-3, 0.0, 0.0 ], [ 0.0, 0.0, 0.0, 5.000372549019629e-3, 4.9998627450980005e-3, 4.999549019607887e-3, 5.000333333333348e-3, 4.9997254901960235e-3, 4.99998039215681e-3, 4.999529411764653e-3, 4.9997058823529434e-3, 5.000431372548967e-3, 5.000294117647034e-3, 4.999803921568629e-3, 5.00037254901964e-3, 5.00027450980391e-3, 4.999549019607887e-3, 4.9997058823529434e-3, 4.9998627450980005e-3, 5.000490196078405e-3, 5.000117647058787e-3, 5.0e-3, 5.000039215686248e-3, 4.999882352941124e-3, 4.999627450980382e-3, 4.999627450980391e-3, 0.0, 0.0 ], [ 0.0, 0.0, 0.0, 0.0, 0.0, 5.000098039215685e-3, 5.000019607843135e-3, 4.999549019607843e-3, 4.99984313725491e-3, 5.000431372549034e-3, 5.0001568627451014e-3, 5.000000000000044e-3, 4.999568627451011e-3, 5.000254901960786e-3, 5.000235294117663e-3, 5.00027450980391e-3, 4.99998039215681e-3, 5.00027450980391e-3, 5.000313725490158e-3, 5.000294117647101e-3, 4.999627450980426e-3, 0.0, 4.999607843137253e-3, 0.0, 0.0, 0.0, 0.0, 0.0 ], [ 0.0, 0.0, 0.0, 0.0, 0.0, 0.0, 0.0, 0.0, 5.000215686274517e-3, 5.000352941176472e-3, 4.999882352941124e-3, 4.99968627450982e-3, 5.000431372548967e-3, 5.000392156862719e-3, 4.9999607843136855e-3, 4.999843137254877e-3, 4.999843137254877e-3, 4.9997058823529434e-3, 5.000294117647034e-3, 5.000078431372495e-3, 4.999568627450944e-3, 0.0, 0.0, 0.0, 0.0, 4.999705882352941e-3, 0.0, 0.0 ], [ 0.0, 0.0, 0.0, 0.0, 3.92156862745098e-3, 4.999705882352941e-3, 4.999843137254901e-3, 0.0, 5.000313725490202e-3, 4.999509803921528e-3, 5.000137254901977e-3, 4.99998039215681e-3, 4.9998627450980005e-3, 4.999509803921528e-3, 4.999882352941124e-3, 4.99968627450982e-3, 4.999549019607887e-3, 4.9997058823529434e-3, 4.999843137254877e-3, 4.999509803921528e-3, 4.999823529411797e-3, 0.0, 5.000137254901961e-3, 5.000137254901961e-3, 0.0, 0.0, 0.0, 0.0 ], [ 0.0, 0.0, 0.0, 0.0, 0.0, 0.0, 3.92156862745098e-3, 0.0, 4.99976470588236e-3, 5.000078431372495e-3, 4.9997058823529434e-3, 4.999568627451011e-3, 4.999725490196068e-3, 5.000372549019596e-3, 5.000196078431348e-3, 5.000254901960786e-3, 4.999549019607887e-3, 4.999568627451011e-3, 4.9997058823529434e-3, 4.999509803921528e-3, 5.00037254901964e-3, 0.0, 0.0, 0.0, 0.0, 0.0, 0.0, 0.0 ], [ 0.0, 0.0, 0.0, 0.0, 0.0, 0.0, 5.000137254901961e-3, 0.0, 4.999627450980426e-3, 5.000215686274539e-3, 5.000137254901977e-3, 5.000294117647034e-3, 5.000000000000044e-3, 5.000372549019596e-3, 5.00009803921573e-3, 4.999549019607887e-3, 5.000392156862719e-3, 4.99998039215681e-3, 5.00027450980391e-3, 4.999941176470562e-3, 5.0003529411765165e-3, 0.0, 0.0, 0.0, 0.0, 0.0, 0.0, 0.0 ], [ 0.0, 0.0, 0.0, 0.0, 0.0, 0.0, 5.000137254901961e-3, 0.0, 5.0004901960783825e-3, 5.000215686274539e-3, 5.000137254901977e-3, 4.999568627451011e-3, 4.99998039215681e-3, 4.999941176470562e-3, 4.999823529411753e-3, 5.0004117647058435e-3, 5.000254901960786e-3, 5.0004117647058435e-3, 4.9997058823529434e-3, 4.999647058823572e-3, 4.99954901960782e-3, 0.0, 0.0, 0.0, 0.0, 0.0, 0.0, 0.0 ], [ 0.0, 0.0, 0.0, 0.0, 0.0, 0.0, 4.999705882352941e-3, 0.0, 4.999509803921562e-3, 5.000215686274539e-3, 4.9998627450980005e-3, 5.000137254901977e-3, 5.0004117647058435e-3, 4.999941176470562e-3, 5.000058823529416e-3, 5.000254901960786e-3, 4.999823529411753e-3, 4.99968627450982e-3, 4.9998627450980005e-3, 4.999509803921528e-3, 5.000490196078449e-3, 0.0, 0.0, 0.0, 0.0, 0.0, 0.0, 0.0 ], [ 0.0, 0.0, 0.0, 0.0, 0.0, 0.0, 4.999705882352941e-3, 0.0, 4.999686274509797e-3, 5.000078431372495e-3, 5.0001568627451014e-3, 4.9997058823529434e-3, 4.9996666666666965e-3, 4.999803921568629e-3, 4.999627450980382e-3, 4.99998039215681e-3, 4.999549019607887e-3, 4.999529411764653e-3, 5.000137254901977e-3, 4.9996666666666965e-3, 5.000176470588225e-3, 0.0, 0.0, 0.0, 0.0, 0.0, 0.0, 0.0 ], [ 0.0, 0.0, 0.0, 0.0, 0.0, 0.0, 4.999705882352941e-3, 0.0, 5.000137254901955e-3, 4.999509803921528e-3, 4.9998627450980005e-3, 5.000392156862719e-3, 4.999568627451011e-3, 5.0004117647058435e-3, 5.000392156862719e-3, 4.999549019607887e-3, 5.0004117647058435e-3, 5.00027450980391e-3, 5.00027450980391e-3, 4.9996666666666965e-3, 5.000431372548967e-3, 0.0, 0.0, 0.0, 0.0, 0.0, 0.0, 0.0 ], [ 0.0, 0.0, 0.0, 0.0, 0.0, 0.0, 4.999705882352941e-3, 0.0, 4.99984313725491e-3, 4.999941176470562e-3, 4.9998627450980005e-3, 5.000117647058854e-3, 4.999882352941124e-3, 4.999803921568629e-3, 5.00009803921573e-3, 4.999843137254877e-3, 4.99968627450982e-3, 4.999843137254877e-3, 5.000019607843168e-3, 5.000392156862719e-3, 4.999568627451011e-3, 0.0, 0.0, 0.0, 0.0, 0.0, 0.0, 0.0 ], [ 0.0, 0.0, 0.0, 0.0, 0.0, 0.0, 4.999705882352941e-3, 0.0, 5.000215686274517e-3, 5.000235294117663e-3, 5.0001568627451014e-3, 5.000000000000044e-3, 4.999725490196068e-3, 5.000078431372495e-3, 4.999784313725439e-3, 4.999549019607887e-3, 5.000254901960786e-3, 4.999549019607887e-3, 4.9996078431372585e-3, 4.999823529411753e-3, 4.999568627451011e-3, 0.0, 0.0, 3.92156862745098e-3, 0.0, 0.0, 0.0, 0.0 ], [ 0.0, 0.0, 0.0, 0.0, 0.0, 0.0, 5.000137254901961e-3, 0.0, 4.999784313725483e-3, 5.000235294117663e-3, 5.0004509803922015e-3, 5.000000000000044e-3, 4.9997058823529434e-3, 5.000352941176472e-3, 4.9998627450980005e-3, 5.000117647058854e-3, 4.99998039215681e-3, 5.000254901960786e-3, 4.999588235294135e-3, 4.99968627450982e-3, 4.99998039215681e-3, 0.0, 0.0, 3.92156862745098e-3, 0.0, 0.0, 0.0, 0.0 ], [ 0.0, 0.0, 0.0, 0.0, 0.0, 0.0, 4.999549019607843e-3, 0.0, 4.999509803921562e-3, 5.000392156862719e-3, 4.9996078431372585e-3, 4.999745098039191e-3, 4.9998627450980005e-3, 4.9996666666666965e-3, 4.999725490196068e-3, 5.0001568627451014e-3, 4.9998627450980005e-3, 5.000000000000044e-3, 4.999882352941124e-3, 4.999843137254877e-3, 4.999647058823506e-3, 0.0, 0.0, 3.92156862745098e-3, 0.0, 0.0, 0.0, 0.0 ], [ 0.0, 0.0, 0.0, 0.0, 0.0, 0.0, 4.999549019607843e-3, 0.0, 4.999588235294068e-3, 4.999901960784314e-3, 4.999843137254877e-3, 5.000039215686248e-3, 5.000294117647101e-3, 5.000431372549034e-3, 5.0003137254902245e-3, 5.000450980392157e-3, 5.000156862745056e-3, 5.000156862745056e-3, 5.000117647058854e-3, 5.000215686274539e-3, 4.9996078431372585e-3, 0.0, 0.0, 3.92156862745098e-3, 0.0, 0.0, 0.0, 0.0 ], [ 0.0, 0.0, 0.0, 0.0, 0.0, 0.0, 5.000274509803921e-3, 0.0, 5.000137254901972e-3, 5.000215686274517e-3, 5.000333333333315e-3, 5.000176470588258e-3, 5.000019607843146e-3, 4.9998627450980335e-3, 5.000156862745079e-3, 5.00045098039218e-3, 5.000294117647067e-3, 5.000000000000022e-3, 5.000176470588258e-3, 5.0004117647058765e-3, 4.99984313725491e-3, 0.0, 0.0, 0.0, 0.0, 0.0, 0.0, 0.0 ] ]
  robust!41 [......................................................] 0/9 queries
  robust!41 [======>...............................................] 1/9 queries
  robust!41 [============>.........................................] 2/9 queries
  robust!41 [==================>...................................] 3/9 queries
  robust!41 [========================>.............................] 4/9 queries
  robust!41 [==============================>.......................] 5/9 queries
  robust!41 [====================================>.................] 6/9 queries
  robust!41 [==========================================>...........] 7/9 queries
  robust!41 [================================================>.....] 8/9 queries
  robust!41 [======================================================] 9/9 queries
  robust!42 [......................................................] 0/9 queries
  robust!42 [======>...............................................] 1/9 queries
  robust!42 [============>.........................................] 2/9 queries
  robust!42 [==================>...................................] 3/9 queries
  robust!42 [========================>.............................] 4/9 queries
    result: 🗸 - Marabou proved no counterexample exists

    result: ✗ - Marabou found a counterexample
      perturbation: [ [ 0.0, 0.0, 0.0, 0.0, 0.0, 0.0, 0.0, 0.0, 4.9997843137254885e-3, 4.9996862745098035e-3, 4.999843137254901e-3, 4.999843137254901e-3, -5.000156862745098e-3, 4.999705882352941e-3, 5.000274509803921e-3, 5.000274509803921e-3, 4.999705882352941e-3, 5.000411764705882e-3, 4.999647058823528e-3, 0.0, 0.0, 5.000137254901961e-3, 0.0, 0.0, 0.0, 0.0, 0.0, 0.0 ], [ 0.0, 0.0, 0.0, 0.0, 0.0, 0.0, 0.0, 0.0, 5.0004509803922015e-3, 5.000431372548967e-3, 5.000294117647034e-3, 5.000058823529371e-3, -5.000235294117619e-3, 5.000490196078405e-3, 5.000352941176472e-3, 5.000215686274539e-3, -4.999549019607799e-3, 5.000039215686292e-3, 4.9997058823529434e-3, 4.999509803921551e-3, 0.0, 4.999705882352941e-3, 0.0, 0.0, 0.0, 0.0, 0.0, 0.0 ], [ 0.0, 0.0, 0.0, 0.0, 0.0, 0.0, 0.0, 4.999843137254901e-3, 4.999882352941124e-3, 5.0001568627451014e-3, 5.000313725490158e-3, 5.000470588235326e-3, 5.000176470588225e-3, 4.999901960784359e-3, 4.999764705882315e-3, 4.999764705882315e-3, 5.000470588235326e-3, 5.0003529411765165e-3, 5.000313725490158e-3, 5.000098039215696e-3, 0.0, 3.92156862745098e-3, 0.0, 0.0, 0.0, 0.0, 0.0, 0.0 ], [ 0.0, 0.0, 0.0, 0.0, 0.0, 0.0, 0.0, 5.000196078431371e-3, 4.9998627450980005e-3, 4.999882352941124e-3, 4.999745098039191e-3, 4.999764705882315e-3, 4.999745098039191e-3, 5.000333333333281e-3, 4.999764705882315e-3, 5.000058823529416e-3, 5.000470588235326e-3, 4.999509803921573e-3, 5.000019607843168e-3, 4.999705882352922e-3, 0.0, 5.000137254901961e-3, 0.0, 0.0, 0.0, 0.0, 0.0, 0.0 ], [ 0.0, 0.0, 0.0, 0.0, 0.0, 0.0, 0.0, 5.000137254901972e-3, 5.00027450980391e-3, 4.9996078431372585e-3, 5.000039215686292e-3, 5.000058823529416e-3, 5.000039215686292e-3, 4.999901960784359e-3, 4.999764705882315e-3, 4.999627450980382e-3, 4.999764705882315e-3, 4.999960784313731e-3, 4.999882352941124e-3, 5.00005882352946e-3, 0.0, 3.92156862745098e-3, 0.0, 0.0, 0.0, 0.0, 0.0, 0.0 ], [ 0.0, 0.0, 0.0, 0.0, 0.0, 0.0, 0.0, 4.999647058823539e-3, 5.0004117647058435e-3, 4.9996078431372585e-3, 5.000039215686292e-3, 4.999627450980382e-3, 4.9996078431372585e-3, 5.000470588235326e-3, 4.999627450980382e-3, 4.999627450980382e-3, 5.000196078431348e-3, 5.000098039215663e-3, 5.000039215686292e-3, 5.000274509803955e-3, 0.0, 0.0, 0.0, 0.0, 0.0, 0.0, 0.0, 0.0 ], [ 0.0, 0.0, 0.0, 0.0, 0.0, 0.0, 0.0, 4.999705882352922e-3, 4.999843137254877e-3, 5.000039215686292e-3, 4.9996078431372585e-3, 4.999784313725439e-3, 5.000039215686292e-3, 4.999901960784359e-3, 5.000490196078449e-3, 4.999627450980382e-3, 5.000490196078449e-3, 4.99966666666663e-3, 4.999764705882315e-3, 4.999647058823506e-3, 0.0, 0.0, 0.0, 0.0, 0.0, 0.0, 0.0, 0.0 ], [ 0.0, 0.0, 0.0, 0.0, 0.0, 0.0, 0.0, 4.99976470588236e-3, 4.9997058823529434e-3, 4.999901960784359e-3, 4.999882352941124e-3, 5.0003529411765165e-3, 4.9996078431372585e-3, 5.000333333333281e-3, 5.0003529411765165e-3, 5.000196078431348e-3, 4.999921568627483e-3, 5.000235294117596e-3, 4.999627450980382e-3, 5.0004509803922015e-3, 0.0, 0.0, 0.0, 0.0, 0.0, 0.0, 0.0, 0.0 ], [ 0.0, 0.0, 0.0, 0.0, 0.0, 0.0, 0.0, 4.999686274509753e-3, 4.999568627451011e-3, 4.999901960784359e-3, 5.000019607843168e-3, 5.0003529411765165e-3, 4.9996078431372585e-3, 5.000196078431348e-3, 5.000215686274473e-3, 5.000333333333281e-3, 4.999921568627483e-3, 4.9998039215686735e-3, 5.000490196078449e-3, 5.000431372548967e-3, 0.0, 0.0, 0.0, 0.0, 0.0, 0.0, 0.0, 0.0 ], [ 0.0, 0.0, 0.0, 0.0, 0.0, 0.0, 0.0, 4.999784313725439e-3, 5.000431372548967e-3, 5.000058823529416e-3, 5.000313725490158e-3, 5.0003529411765165e-3, 5.000470588235326e-3, 4.999764705882315e-3, 5.0003529411765165e-3, 5.000196078431348e-3, 4.999784313725439e-3, 4.999941176470606e-3, 4.999784313725439e-3, 5.000117647058854e-3, 0.0, 0.0, 0.0, 0.0, 0.0, 0.0, 0.0, 0.0 ], [ 0.0, 0.0, 0.0, 0.0, 0.0, 0.0, 0.0, 5.000019607843168e-3, 5.0001568627451014e-3, 5.000333333333281e-3, 4.999901960784359e-3, 4.999921568627483e-3, 5.000196078431348e-3, 5.000333333333281e-3, 5.000490196078449e-3, 4.999627450980382e-3, 4.999784313725439e-3, 4.999509803921573e-3, 5.000215686274473e-3, 5.000196078431348e-3, 5.000372549019607e-3, 0.0, 0.0, 0.0, 0.0, 0.0, 0.0, 0.0 ], [ 0.0, 0.0, 0.0, 0.0, 0.0, 0.0, 0.0, 4.999529411764653e-3, 5.000313725490158e-3, 5.000176470588225e-3, 5.000470588235326e-3, 4.999764705882315e-3, 4.999627450980382e-3, 5.000333333333281e-3, 5.000058823529416e-3, 5.000196078431348e-3, 5.0003529411765165e-3, 4.999647058823506e-3, 4.999647058823506e-3, 5.000176470588225e-3, 5.000294117647056e-3, 0.0, 0.0, 0.0, 0.0, 0.0, 0.0, 0.0 ], [ 0.0, 0.0, 0.0, 0.0, 0.0, 0.0, 0.0, 4.999921568627439e-3, 5.000176470588225e-3, 4.9996078431372585e-3, 4.999901960784359e-3, 5.000039215686292e-3, 5.000058823529416e-3, 4.999764705882315e-3, 5.000058823529416e-3, 5.000196078431348e-3, 4.999921568627483e-3, 5.000215686274473e-3, 4.999647058823506e-3, 4.999882352941124e-3, 5.000392156862742e-3, 0.0, 0.0, 0.0, 0.0, 0.0, 0.0, 0.0 ], [ 0.0, 0.0, 0.0, 0.0, 0.0, 0.0, 4.999529411764705e-3, 4.9997647058823815e-3, 5.000313725490158e-3, 5.000313725490158e-3, 4.999901960784359e-3, 5.000176470588225e-3, 4.999764705882315e-3, 5.000196078431348e-3, 5.000333333333281e-3, 4.999627450980382e-3, 5.000058823529416e-3, 4.999921568627483e-3, 5.000215686274473e-3, 4.999725490196068e-3, 5.000196078431382e-3, 0.0, 0.0, 0.0, 0.0, 0.0, 0.0, 0.0 ], [ 0.0, 0.0, 0.0, 0.0, 0.0, 0.0, 4.999568627450978e-3, 5.0003137254902245e-3, 5.0001568627451014e-3, 5.000294117647034e-3, 5.000313725490158e-3, 5.000313725490158e-3, 4.9996078431372585e-3, 5.000431372548967e-3, 5.000431372548967e-3, 4.9996078431372585e-3, 5.000313725490158e-3, 4.999882352941124e-3, 4.999764705882315e-3, 5.000137254901977e-3, 5.000254901960764e-3, 0.0, 0.0, 0.0, 0.0, 0.0, 0.0, 0.0 ], [ 0.0, 0.0, 0.0, 0.0, 0.0, 0.0, 5.000176470588258e-3, 4.999901960784314e-3, 5.000019607843168e-3, 5.000294117647034e-3, 4.999901960784359e-3, 4.999745098039191e-3, 5.0004509803922015e-3, 4.999529411764653e-3, 4.9999607843136855e-3, 4.9996078431372585e-3, 4.999901960784359e-3, 4.9996078431372585e-3, 5.000058823529416e-3, 5.000431372548967e-3, 5.000019607843102e-3, 0.0, 0.0, 0.0, 0.0, 0.0, 0.0, 0.0 ], [ 0.0, 0.0, 0.0, 0.0, 0.0, 0.0, 5.000431372549e-3, 5.000039215686248e-3, 4.999882352941124e-3, 4.999882352941124e-3, 5.000058823529416e-3, 5.000176470588225e-3, 5.000333333333281e-3, 4.999843137254877e-3, 5.000313725490158e-3, 4.999764705882315e-3, 5.000470588235326e-3, 5.000196078431348e-3, 4.999509803921573e-3, 5.000019607843168e-3, 4.999529411764697e-3, 0.0, 0.0, 0.0, 0.0, 0.0, 0.0, 0.0 ], [ 0.0, 0.0, 0.0, 0.0, 0.0, 0.0, 5.00005882352946e-3, 5.000058823529371e-3, 5.000196078431348e-3, 4.999882352941124e-3, 5.000058823529416e-3, 4.999882352941124e-3, 4.999921568627483e-3, 5.000470588235326e-3, 4.999745098039191e-3, 4.999627450980382e-3, 4.999745098039191e-3, 4.999764705882315e-3, 4.999921568627483e-3, 4.999588235294135e-3, 5.000176470588225e-3, 0.0, 0.0, 0.0, 0.0, 0.0, 0.0, 0.0 ], [ 0.0, 0.0, 0.0, 0.0, 0.0, 0.0, 5.000078431372539e-3, 5.0004117647058435e-3, 4.999882352941124e-3, 4.999588235294135e-3, 4.9996078431372585e-3, 5.0004509803922015e-3, 5.000333333333281e-3, 4.999901960784359e-3, 5.000019607843168e-3, 5.000333333333281e-3, 5.000176470588225e-3, 4.999901960784359e-3, 4.999921568627483e-3, 5.0004509803922015e-3, -4.999745098039214e-3, 0.0, 0.0, 0.0, 0.0, 0.0, 0.0, 0.0 ], [ 0.0, 0.0, 0.0, 0.0, 0.0, 0.0, 5.0001568627451014e-3, 5.00027450980391e-3, 5.000313725490158e-3, 4.999882352941124e-3, 4.999882352941124e-3, 4.999882352941124e-3, 5.000470588235326e-3, 5.000039215686292e-3, 4.999882352941124e-3, 5.000196078431348e-3, 5.000313725490158e-3, 4.999882352941124e-3, 5.000058823529416e-3, 4.9996078431372585e-3, 4.9996666666666965e-3, 0.0, 0.0, 0.0, 0.0, 0.0, 0.0, 0.0 ], [ 0.0, 0.0, 0.0, 0.0, 0.0, 0.0, 4.9996078431372585e-3, 5.000137254901977e-3, 5.000137254901977e-3, 4.999588235294135e-3, 5.0004509803922015e-3, 4.999745098039191e-3, 4.9996078431372585e-3, 5.000313725490158e-3, 4.999882352941124e-3, 5.000470588235326e-3, 4.999745098039191e-3, 5.000019607843168e-3, 5.000019607843168e-3, 4.999745098039191e-3, 5.000372549019596e-3, 0.0, 0.0, 0.0, 0.0, 0.0, 0.0, 0.0 ], [ 0.0, 0.0, 0.0, 0.0, 0.0, 0.0, 4.999725490196068e-3, 5.0001568627451014e-3, 4.999725490196068e-3, 4.999725490196068e-3, 5.000019607843168e-3, 4.999745098039191e-3, 5.000176470588225e-3, 4.999882352941124e-3, 5.000313725490158e-3, 4.9996078431372585e-3, 5.000039215686292e-3, 4.9996078431372585e-3, 4.999901960784359e-3, 4.999901960784359e-3, 4.999941176470562e-3, 5.000137254901961e-3, 0.0, 0.0, 0.0, 0.0, 0.0, 0.0 ], [ 0.0, 0.0, 0.0, 0.0, 0.0, 0.0, 5.000000000000044e-3, 5.000019607843168e-3, 5.000294117647034e-3, 4.999725490196068e-3, 4.999588235294135e-3, 5.0004509803922015e-3, 4.999745098039191e-3, 5.000313725490158e-3, 4.999745098039191e-3, 4.999745098039191e-3, 4.9996078431372585e-3, 5.000470588235326e-3, 5.000470588235326e-3, 4.999764705882315e-3, 5.000078431372495e-3, 4.999980392156863e-3, 0.0, 0.0, 0.0, 0.0, 0.0, 0.0 ], [ 0.0, 0.0, 0.0, 0.0, 0.0, 0.0, 4.999725490196068e-3, 4.999725490196068e-3, 5.000294117647034e-3, 4.999725490196068e-3, 4.999725490196068e-3, 5.000019607843168e-3, 4.999882352941124e-3, 5.0004509803922015e-3, 4.999882352941124e-3, 4.999882352941124e-3, 4.9996078431372585e-3, 5.000470588235326e-3, 5.000039215686292e-3, 4.999901960784359e-3, 4.999647058823572e-3, 4.999843137254901e-3, 0.0, 0.0, 0.0, 0.0, 0.0, 0.0 ], [ 0.0, 0.0, 0.0, 0.0, 0.0, 0.0, 5.000294117647034e-3, 5.000431372548967e-3, 4.9998627450980005e-3, 5.000294117647034e-3, 5.000431372548967e-3, 4.999725490196068e-3, 5.000019607843168e-3, 4.999588235294135e-3, 4.999588235294135e-3, 5.000019607843168e-3, 5.0004509803922015e-3, 5.000313725490158e-3, 4.999745098039191e-3, 4.9996078431372585e-3, 5.0004509803922015e-3, 4.999843137254901e-3, 0.0, 0.0, 0.0, 0.0, 0.0, 0.0 ], [ 0.0, 0.0, 0.0, 0.0, 0.0, 0.0, 4.9998627450980005e-3, 4.9998627450980005e-3, 5.0001568627451014e-3, 5.0001568627451014e-3, 5.000313725490158e-3, 5.0004509803922015e-3, 5.000176470588225e-3, 4.9996078431372585e-3, 5.000039215686292e-3, 5.000470588235326e-3, 5.000039215686292e-3, 4.999901960784359e-3, 5.000039215686292e-3, 5.000470588235326e-3, 5.0004509803922015e-3, 5.000254901960784e-3, 0.0, 0.0, 0.0, 0.0, 0.0, 0.0 ], [ 0.0, 0.0, 0.0, 0.0, 0.0, 0.0, 5.0003137254902245e-3, 4.99958823529409e-3, 5.000450980392157e-3, 5.000450980392157e-3, 5.000333333333348e-3, 5.000039215686248e-3, 5.000039215686248e-3, 5.000058823529371e-3, 5.000058823529371e-3, 4.999627450980338e-3, 5.000196078431415e-3, 4.9997647058823815e-3, 4.999921568627439e-3, 4.999725490196068e-3, 5.0e-3, 5.000372549019607e-3, 0.0, 0.0, 0.0, 0.0, 0.0, 0.0 ], [ 0.0, 0.0, 0.0, 0.0, 0.0, 0.0, 4.999549019607843e-3, 5.00005882352941e-3, 5.000313725490208e-3, 4.999568627450978e-3, 5.000411764705893e-3, 5.000254901960781e-3, 5.000235294117629e-3, 4.999627450980416e-3, 4.999627450980416e-3, 4.9997647058823485e-3, 4.999784313725472e-3, 4.999823529411775e-3, 4.999882352941174e-3, 4.99992156862745e-3, 4.999647058823528e-3, 0.0, 0.0, 0.0, 0.0, 0.0, 0.0, 0.0 ] ]
  robust!43 [......................................................] 0/9 queries
  robust!43 [======>...............................................] 1/9 queries
  robust!43 [============>.........................................] 2/9 queries
  robust!43 [==================>...................................] 3/9 queries
  robust!43 [========================>.............................] 4/9 queries
  robust!43 [==============================>.......................] 5/9 queries
  robust!43 [====================================>.................] 6/9 queries
  robust!43 [==========================================>...........] 7/9 queries
  robust!43 [================================================>.....] 8/9 queries
  robust!43 [======================================================] 9/9 queries
  robust!44 [......................................................] 0/9 queries
  robust!44 [======>...............................................] 1/9 queries
  robust!44 [============>.........................................] 2/9 queries
  robust!44 [==================>...................................] 3/9 queries
  robust!44 [========================>.............................] 4/9 queries
  robust!44 [==============================>.......................] 5/9 queries
  robust!44 [====================================>.................] 6/9 queries
  robust!44 [==========================================>...........] 7/9 queries
  robust!44 [================================================>.....] 8/9 queries
  robust!44 [======================================================] 9/9 queries
  robust!45 [......................................................] 0/9 queries
  robust!45 [======>...............................................] 1/9 queries
  robust!45 [============>.........................................] 2/9 queries
  robust!45 [==================>...................................] 3/9 queries
  robust!45 [========================>.............................] 4/9 queries
  robust!45 [==============================>.......................] 5/9 queries
  robust!45 [====================================>.................] 6/9 queries
    result: 🗸 - Marabou proved no counterexample exists
    result: 🗸 - Marabou proved no counterexample exists

    result: ✗ - Marabou found a counterexample
      perturbation: [ [ 0.0, 0.0, 0.0, 0.0, 0.0, 0.0, 0.0, 0.0, 0.0, 0.0, 0.0, 0.0, 0.0, 0.0, 0.0, 0.0, 0.0, 0.0, 0.0, 0.0, 0.0, 0.0, 0.0, 0.0, 0.0, 0.0, 0.0, 0.0 ], [ 0.0, 0.0, 0.0, 0.0, 0.0, 0.0, 0.0, 0.0, 0.0, 0.0, 0.0, 0.0, 0.0, 0.0, 0.0, 0.0, 0.0, 0.0, 0.0, 0.0, 0.0, 0.0, 0.0, 0.0, 0.0, 0.0, 0.0, 0.0 ], [ 0.0, 0.0, 0.0, 0.0, 0.0, 0.0, 0.0, 0.0, 0.0, 0.0, 0.0, 0.0, 0.0, 0.0, 0.0, 0.0, 0.0, 0.0, 0.0, 0.0, 0.0, 0.0, 0.0, 0.0, 0.0, 0.0, 0.0, 0.0 ], [ 0.0, 0.0, 0.0, 0.0, 0.0, 0.0, 0.0, 0.0, 0.0, 0.0, 0.0, 0.0, 0.0, 0.0, 0.0, 0.0, 0.0, 0.0, 0.0, 0.0, 0.0, 0.0, 0.0, 0.0, 0.0, 0.0, 0.0, 0.0 ], [ 0.0, 0.0, 0.0, 0.0, 0.0, 0.0, 0.0, 0.0, 0.0, 0.0, 0.0, 0.0, 0.0, 0.0, 0.0, 0.0, 0.0, 0.0, 0.0, 0.0, 0.0, 0.0, 0.0, 0.0, 0.0, 0.0, 0.0, 0.0 ], [ 0.0, 0.0, 0.0, 0.0, 0.0, 0.0, 0.0, 0.0, 0.0, 0.0, 0.0, 0.0, 0.0, 0.0, 0.0, 0.0, 0.0, 0.0, 0.0, 0.0, 0.0, 0.0, 0.0, 0.0, 0.0, 0.0, 0.0, 0.0 ], [ 0.0, 0.0, 0.0, 0.0, 0.0, 0.0, 0.0, 0.0, 0.0, 0.0, 0.0, 0.0, 5.000137254901961e-3, 0.0, 0.0, 0.0, 0.0, 0.0, 5.000039215686286e-3, 4.99984313725491e-3, 5.000490196078427e-3, 0.0, 0.0, 0.0, 0.0, 0.0, 0.0, 0.0 ], [ 0.0, 0.0, 0.0, 0.0, 0.0, 0.0, 0.0, 0.0, 0.0, 0.0, 0.0, 0.0, 0.0, 5.000137254901961e-3, 0.0, 0.0, 0.0, 5.000196078431371e-3, 4.9998627450980335e-3, 4.999588235294129e-3, 4.999686274509797e-3, 5.000117647058787e-3, 4.9999019607843255e-3, 0.0, 0.0, 5.000137254901961e-3, 0.0, 0.0 ], [ 0.0, 0.0, 0.0, 0.0, 0.0, 0.0, 0.0, 0.0, 0.0, 0.0, 0.0, 0.0, 0.0, 5.000137254901961e-3, 0.0, 0.0, 0.0, 4.999784313725472e-3, 5.000470588235303e-3, 5.0002745098039324e-3, 5.000117647058821e-3, 4.999784313725472e-3, 4.9998039215686735e-3, 5.000019607843146e-3, 4.999843137254901e-3, 0.0, 0.0, 0.0 ], [ 0.0, 0.0, 0.0, 0.0, 0.0, 0.0, 0.0, 0.0, 0.0, 0.0, 0.0, 0.0, 0.0, 0.0, 0.0, 0.0, 4.999803921568651e-3, 4.9997450980392355e-3, 4.999784313725472e-3, 4.999627450980416e-3, 5.000156862745079e-3, 4.999647058823539e-3, 5.000117647058821e-3, 4.99976470588236e-3, 5.000117647058787e-3, 5.000176470588258e-3, 0.0, 0.0 ], [ 0.0, 0.0, 0.0, 0.0, 0.0, 0.0, 0.0, 0.0, 0.0, 0.0, 0.0, 0.0, 0.0, 0.0, 0.0, 0.0, 5.000274509803955e-3, 5.000078431372529e-3, 4.9999019607843255e-3, 5.000098039215696e-3, 5.000490196078427e-3, 5.000019607843146e-3, 4.99984313725491e-3, 4.999647058823539e-3, 5.000313725490191e-3, 4.999725490196068e-3, 0.0, 0.0 ], [ 0.0, 0.0, 0.0, 0.0, 0.0, 0.0, 0.0, 0.0, 0.0, 0.0, 0.0, 5.000137254901961e-3, 0.0, 0.0, 0.0, 5.000313725490191e-3, 5.0e-3, 5.000274509803955e-3, 5.000392156862753e-3, 4.9998627450980335e-3, 5.000000000000022e-3, 5.000313725490191e-3, 4.9998627450980335e-3, 5.000313725490191e-3, 4.999627450980416e-3, 5.000215686274517e-3, 5.00005882352941e-3, 0.0 ], [ 0.0, 0.0, 0.0, 0.0, 0.0, 0.0, -5.0e-3, 0.0, 0.0, 0.0, 0.0, 0.0, 5.000137254901961e-3, 4.999823529411764e-3, 5.0002745098039324e-3, 4.999941176470585e-3, 4.999529411764686e-3, 5.000215686274517e-3, 4.999627450980416e-3, 5.000313725490191e-3, 5.000392156862753e-3, 5.00023529411764e-3, 5.000078431372529e-3, -5.0002941176470785e-3, 5.00013725490191e-3, 5.00023529411764e-3, 5.000352941176469e-3, 0.0 ], [ 0.0, 0.0, 0.0, 0.0, 0.0, 0.0, 0.0, 0.0, 0.0, 0.0, 0.0, 5.000215686274508e-3, 4.999568627450978e-3, 5.000254901960781e-3, 4.999803921568651e-3, 4.999960784313708e-3, 4.999803921568651e-3, 4.999803921568651e-3, 5.000254901960781e-3, 4.999941176470585e-3, 5.000333333333315e-3, 5.000019607843146e-3, 5.000333333333315e-3, 5.000176470588258e-3, 4.999921568627416e-3, 4.99976470588236e-3, 5.000333333333315e-3, 0.0 ], [ 0.0, 0.0, 0.0, 0.0, 0.0, 0.0, 0.0, 0.0, 0.0, 0.0, 4.9997254901960895e-3, 4.999960784313708e-3, 4.999568627450978e-3, 4.999784313725472e-3, 5.000490196078427e-3, 4.999647058823539e-3, 4.999960784313708e-3, 4.999960784313708e-3, 5.000313725490191e-3, 5.000000000000022e-3, -4.999843137254921e-3, 4.99984313725491e-3, -5.000313725490202e-3, 4.99984313725491e-3, 5.000470588235303e-3, 4.999627450980416e-3, 5.00023529411764e-3, 0.0 ], [ 0.0, 0.0, 0.0, 0.0, 0.0, 0.0, 0.0, 4.999980392156863e-3, 4.999568627450978e-3, 4.999588235294129e-3, 4.999960784313708e-3, 5.000176470588258e-3, 5.0002745098039324e-3, 5.000411764705893e-3, 4.999745098039214e-3, 4.9997254901960895e-3, 4.999647058823539e-3, 4.999784313725472e-3, 4.999941176470585e-3, 5.000156862745079e-3, -5.000313725490202e-3, 5.000313725490191e-3, 5.000333333333315e-3, 5.000333333333315e-3, 5.000098039215696e-3, 5.000117647058821e-3, 5.000019607843146e-3, 4.999980392156863e-3 ], [ 0.0, 0.0, 0.0, 0.0, -5.0e-3, 4.999980392156863e-3, 4.999529411764705e-3, 5.000196078431371e-3, 4.999960784313708e-3, 5.000411764705893e-3, 5.000039215686286e-3, 5.000117647058821e-3, 4.999882352941174e-3, 5.000039215686286e-3, 4.999588235294129e-3, 4.999882352941174e-3, 4.999568627450978e-3, 5.000490196078427e-3, 5.000156862745079e-3, 5.000313725490191e-3, 4.999627450980416e-3, 4.999784313725472e-3, 4.999803921568651e-3, -5.000352941176461e-3, 4.999627450980416e-3, -4.999666666666685e-3, 4.99984313725491e-3, 5.000352941176469e-3 ], [ 0.0, 0.0, 0.0, 5.000352941176469e-3, 5.000352941176469e-3, 5.00005882352941e-3, 5.000431372549017e-3, 4.999568627450978e-3, 4.9997254901960895e-3, 5.000431372549017e-3, 5.000352941176469e-3, 4.999588235294129e-3, 5.000411764705893e-3, 4.999803921568651e-3, 5.000490196078427e-3, 5.000019607843146e-3, 5.000000000000022e-3, 5.000156862745079e-3, 5.000392156862753e-3, 4.99984313725491e-3, 4.999647058823539e-3, 5.000176470588258e-3, 5.000000000000022e-3, 4.9998627450980335e-3, 5.000019607843146e-3, -4.999686274509809e-3, 5.000392156862753e-3, 5.000352941176469e-3 ], [ 0.0, 4.9999019607843255e-3, 5.000254901960781e-3, 5.000431372549017e-3, 4.999588235294129e-3, 5.000039215686286e-3, 4.999568627450978e-3, 5.000411764705893e-3, 5.0002745098039324e-3, 4.999588235294129e-3, 4.9997254901960895e-3, 4.999568627450978e-3, 5.000019607843146e-3, 4.999705882352922e-3, 4.999549019607865e-3, 5.000392156862753e-3, 4.999549019607865e-3, -4.999686274509809e-3, 5.000156862745079e-3, 5.000392156862753e-3, 4.9998627450980335e-3, 5.000019607843146e-3, 5.000176470588258e-3, 4.999627450980416e-3, 4.999784313725472e-3, -5.000058823529416e-3, 5.000470588235303e-3, 4.999509803921567e-3 ], [ 0.0, -5.000490196078433e-3, -5.000098039215675e-3, 4.999745098039214e-3, 4.9999019607843255e-3, 4.999745098039214e-3, 4.999882352941174e-3, 4.999882352941174e-3, 4.999588235294129e-3, 5.0002745098039324e-3, 4.999803921568651e-3, 5.000254901960781e-3, 4.999803921568651e-3, 5.000470588235303e-3, 4.999647058823539e-3, 5.000117647058821e-3, 5.000411764705893e-3, 5.000431372549017e-3, 4.999588235294129e-3, 4.999568627450978e-3, 4.9997254901960895e-3, 4.999588235294129e-3, 4.999568627450978e-3, 5.0002745098039324e-3, 4.999568627450978e-3, 5.0002745098039324e-3, 5.000254901960781e-3, 4.9996862745098035e-3 ], [ 5.000333333333315e-3, 4.999705882352922e-3, 4.999823529411764e-3, 4.9996862745098035e-3, -4.99986274509804e-3, 5.000137254901961e-3, 0.0, 0.0, 0.0, 0.0, 0.0, 0.0, 0.0, 5.000137254901961e-3, 4.999843137254901e-3, 4.999980392156863e-3, 4.9996862745098035e-3, 4.999529411764705e-3, 4.999823529411764e-3, 4.9996862745098035e-3, 4.999823529411764e-3, 4.9996862745098035e-3, 4.999843137254901e-3, 5.000137254901961e-3, 4.999843137254901e-3, 5.000137254901961e-3, 4.999509803921567e-3, 4.999823529411764e-3 ], [ 4.99984313725491e-3, 4.999725490196068e-3, 4.999647058823506e-3, 4.999823529411797e-3, 4.9997058823529434e-3, 4.9997058823529434e-3, 4.999549019607887e-3, 4.999549019607887e-3, 5.0004117647058435e-3, 5.000019607843168e-3, 5.000490196078449e-3, 5.000117647058787e-3, 5.0002941176470785e-3, 5.000372549019629e-3, 5.000392156862753e-3, 4.999549019607865e-3, 5.000000000000022e-3, 5.000156862745079e-3, 5.000156862745079e-3, 4.99984313725491e-3, 5.00023529411764e-3, 5.000078431372529e-3, 4.999607843137303e-3, 5.000274509803955e-3, 4.999647058823506e-3, 5.0003529411765165e-3, 4.9997647058823815e-3, 5.000156862745079e-3 ], [ 0.0, 0.0, 4.9999019607843255e-3, 5.000431372549017e-3, -5.000196078431348e-3, 5.000470588235303e-3, 5.000156862745079e-3, 5.000078431372529e-3, 4.999901960784293e-3, 5.000450980392135e-3, 5.000431372549011e-3, 4.999823529411797e-3, 4.9998039215686735e-3, 4.999647058823506e-3, 5.0003529411765165e-3, 5.000490196078449e-3, 5.000490196078449e-3, 5.000196078431348e-3, 5.000196078431348e-3, 5.000490196078449e-3, 5.000490196078449e-3, 5.0003529411765165e-3, 4.999960784313731e-3, 5.00013725490191e-3, 4.9997450980392355e-3, 4.99976470588236e-3, 4.9998627450980335e-3, 0.0 ], [ 0.0, 0.0, 0.0, 0.0, 0.0, 0.0, 0.0, 0.0, 0.0, 0.0, 0.0, 0.0, 0.0, 0.0, 0.0, 0.0, 0.0, 0.0, 0.0, 0.0, 0.0, 0.0, 0.0, 0.0, 0.0, 0.0, 0.0, 0.0 ], [ 0.0, 0.0, 0.0, -5.0e-3, 0.0, 0.0, 0.0, 0.0, 0.0, 0.0, 0.0, 0.0, 0.0, 0.0, 0.0, 0.0, 0.0, 0.0, 0.0, 0.0, 0.0, 0.0, 0.0, 0.0, 0.0, 0.0, 0.0, 0.0 ], [ 0.0, 0.0, 0.0, -5.0e-3, 0.0, 0.0, 0.0, 0.0, 0.0, 0.0, 0.0, 0.0, 0.0, 0.0, 0.0, 0.0, 0.0, 0.0, 0.0, 0.0, 0.0, 0.0, 0.0, 0.0, 0.0, 0.0, 0.0, 0.0 ], [ 0.0, 0.0, 0.0, 0.0, 0.0, 0.0, 0.0, 0.0, 0.0, 0.0, 0.0, 0.0, 0.0, 0.0, 0.0, 0.0, 0.0, 0.0, 0.0, 0.0, 0.0, 0.0, 0.0, 0.0, 0.0, 0.0, 0.0, 0.0 ], [ 0.0, 0.0, 0.0, 0.0, 0.0, 0.0, 0.0, 0.0, -5.0e-3, 0.0, -5.0e-3, 0.0, 0.0, 0.0, 0.0, 0.0, 0.0, 0.0, 0.0, 0.0, 0.0, 0.0, 0.0, 0.0, 0.0, 0.0, 0.0, 0.0 ] ]
  robust!46 [......................................................] 0/9 queries
  robust!46 [======>...............................................] 1/9 queries
  robust!46 [============>.........................................] 2/9 queries
  robust!46 [==================>...................................] 3/9 queries
  robust!46 [========================>.............................] 4/9 queries
  robust!46 [==============================>.......................] 5/9 queries
  robust!46 [====================================>.................] 6/9 queries
  robust!46 [==========================================>...........] 7/9 queries
  robust!46 [================================================>.....] 8/9 queries
  robust!46 [======================================================] 9/9 queries
  robust!47 [......................................................] 0/9 queries
  robust!47 [======>...............................................] 1/9 queries
  robust!47 [============>.........................................] 2/9 queries
  robust!47 [==================>...................................] 3/9 queries
  robust!47 [========================>.............................] 4/9 queries
  robust!47 [==============================>.......................] 5/9 queries
  robust!47 [====================================>.................] 6/9 queries
  robust!47 [==========================================>...........] 7/9 queries
  robust!47 [================================================>.....] 8/9 queries
  robust!47 [======================================================] 9/9 queries
  robust!48 [......................................................] 0/9 queries
  robust!48 [======>...............................................] 1/9 queries
  robust!48 [============>.........................................] 2/9 queries
  robust!48 [==================>...................................] 3/9 queries
  robust!48 [========================>.............................] 4/9 queries
    result: 🗸 - Marabou proved no counterexample exists
    result: 🗸 - Marabou proved no counterexample exists

    result: ✗ - Marabou found a counterexample
      perturbation: [ [ -5.0e-3, 0.0, -5.0e-3, 0.0, 0.0, 0.0, 0.0, 0.0, 0.0, 0.0, 0.0, -5.0e-3, -5.0e-3, -5.000215686274511e-3, -5.0e-3, -5.000196078431348e-3, 4.999705882352922e-3, -5.0e-3, 0.0, 0.0, 0.0, -5.0e-3, 0.0, 0.0, 0.0, 0.0, 0.0, -5.0e-3 ], [ -5.0e-3, 0.0, 0.0, 0.0, 0.0, 0.0, 0.0, 0.0, 0.0, 0.0, 3.92156862745098e-3, 5.000254901960831e-3, -5.00031372549018e-3, 5.000196078431415e-3, 5.000372549019596e-3, -5.00001960784319e-3, -5.000058823529393e-3, 5.00035294117645e-3, 5.00045098039218e-3, 0.0, 0.0, 0.0, 0.0, 0.0, 0.0, 0.0, 0.0, -5.0e-3 ], [ -5.0e-3, 0.0, 0.0, 0.0, 0.0, 0.0, -5.0e-3, -5.0e-3, 0.0, 5.000098039215685e-3, 4.9998627450980005e-3, 0.0, 5.000058823529371e-3, 5.0004117647058435e-3, 5.000078431372539e-3, 4.999901960784337e-3, 4.999823529411775e-3, 4.999607843137236e-3, 5.00023529411764e-3, 4.999725490196101e-3, 0.0, 0.0, 3.92156862745098e-3, 0.0, 0.0, 0.0, -5.0e-3, 0.0 ], [ -5.0e-3, 0.0, -5.0e-3, -5.0e-3, 0.0, 0.0, 0.0, 0.0, -4.999666666666669e-3, 4.999588235294135e-3, -4.999568627450989e-3, -4.999960784313708e-3, -4.999882352941168e-3, 5.000450980392135e-3, -4.9998823529411795e-3, -5.000039215686292e-3, -4.999666666666685e-3, 5.000333333333315e-3, 4.999901960784337e-3, 5.0004901960783825e-3, 5.000431372549017e-3, 0.0, 3.92156862745098e-3, 0.0, 0.0, 0.0, 0.0, 0.0 ], [ -5.0e-3, 0.0, 0.0, 0.0, 0.0, 5.000137254901961e-3, 0.0, -5.00007843137255e-3, -5.000235294117685e-3, 4.999529411764697e-3, 4.999823529411787e-3, -5.000078431372539e-3, -5.000313725490202e-3, -4.999901960784293e-3, -4.9996078431372585e-3, -4.999803921568618e-3, 5.000058823529393e-3, 4.99984313725491e-3, 4.99984313725491e-3, 4.999549019607865e-3, -4.999607843137247e-3, 0.0, 0.0, 5.000137254901961e-3, 0.0, 0.0, -5.0e-3, 0.0 ], [ 0.0, 0.0, 0.0, 0.0, 3.92156862745098e-3, 5.000137254901961e-3, -5.0e-3, -4.999745098039219e-3, -4.999843137254899e-3, 5.000392156862753e-3, -5.00001960784314e-3, -4.9999999999999776e-3, -5.000000000000022e-3, -4.9997843137254945e-3, -4.999941176470606e-3, -5.000078431372539e-3, 5.000333333333315e-3, -4.999980392156854e-3, -5.000411764705888e-3, 5.000333333333315e-3, -5.0004705882353145e-3, -5.000294117647062e-3, 0.0, 5.000274509803921e-3, 0.0, 0.0, 0.0, 0.0 ], [ -5.0e-3, 0.0, -5.0e-3, 0.0, 0.0, 0.0, 0.0, -4.999960784313731e-3, 4.999784313725439e-3, 4.999549019607854e-3, 5.000117647058831e-3, 4.999725490196112e-3, -5.000352941176461e-3, -5.000235294117652e-3, 5.000431372549e-3, -4.999686274509809e-3, 5.000470588235303e-3, 4.999882352941158e-3, 4.999745098039224e-3, 4.999745098039224e-3, 5.000098039215708e-3, 5.000411764705893e-3, 0.0, -5.00043137254902e-3, 0.0, 0.0, 0.0, 0.0 ], [ 0.0, 0.0, 0.0, 0.0, 3.92156862745098e-3, 0.0, 0.0, 4.999784313725439e-3, 4.9998627450980335e-3, 4.99992156862746e-3, 4.999549019607865e-3, 5.000176470588258e-3, 5.000333333333315e-3, 5.000176470588258e-3, -5.00015686274509e-3, 5.000274509803955e-3, 4.999607843137303e-3, 5.000156862745079e-3, 4.999882352941158e-3, 5.000294117647067e-3, -4.999901960784293e-3, 5.000117647058821e-3, 0.0, -5.00043137254902e-3, 0.0, 0.0, 0.0, 0.0 ], [ 0.0, 0.0, 0.0, 0.0, 3.92156862745098e-3, 0.0, 5.000333333333315e-3, 4.999509803921562e-3, 5.000058823529393e-3, 4.999901960784337e-3, 5.000470588235303e-3, 4.9998627450980335e-3, 5.000019607843146e-3, -5.0002941176470785e-3, -5.000137254901966e-3, -4.99954901960782e-3, 5.000294117647034e-3, 4.999784313725439e-3, 4.9998627450980335e-3, -5.0002745098038995e-3, -5.00015686274509e-3, 5.000019607843146e-3, 0.0, 0.0, 0.0, 0.0, 0.0, 0.0 ], [ 0.0, 0.0, 0.0, 0.0, -5.0e-3, 0.0, 4.999509803921551e-3, 4.999666666666674e-3, 5.000313725490191e-3, 5.000019607843146e-3, 5.000294117647067e-3, 4.999705882352922e-3, 4.999823529411787e-3, 4.999823529411787e-3, 5.000117647058831e-3, -5.0003725490195845e-3, 4.999666666666674e-3, 4.999823529411753e-3, 5.00005882352946e-3, -5.000098039215663e-3, 5.0004117647058765e-3, 4.9996470588235505e-3, 5.000411764705882e-3, 0.0, 3.92156862745098e-3, 0.0, 0.0, 0.0 ], [ 0.0, 0.0, 0.0, 0.0, 0.0, 0.0, 5.0002745098039324e-3, 5.000274509803944e-3, 4.999627450980416e-3, 5.000176470588258e-3, 5.000156862745079e-3, 5.000294117647067e-3, 5.0004117647058765e-3, 4.999960784313719e-3, 5.0004117647058765e-3, 5.00045098039218e-3, 5.000294117647067e-3, 5.00009803921573e-3, 5.000470588235326e-3, -5.000019607843157e-3, -5.0003725490195845e-3, 4.999941176470595e-3, 4.999745098039214e-3, 0.0, 3.92156862745098e-3, 0.0, 0.0, 0.0 ], [ 0.0, 0.0, 0.0, 0.0, 0.0, 0.0, 4.9997647058823485e-3, 4.999803921568607e-3, 4.999568627450989e-3, 5.000117647058831e-3, 5.000117647058831e-3, 4.999705882352922e-3, 4.999980392156843e-3, 4.999529411764686e-3, 5.000117647058831e-3, -4.9999999999999776e-3, 5.00045098039218e-3, 4.999784313725506e-3, 4.999666666666663e-3, -5.000196078431327e-3, 4.999882352941158e-3, 4.999823529411787e-3, 5.000078431372573e-3, 0.0, 0.0, -5.0e-3, 0.0, 0.0 ], [ 0.0, 0.0, 0.0, 0.0, 0.0, -5.0e-3, 4.999705882352922e-3, -5.000411764705888e-3, 5.000333333333315e-3, 5.000058823529393e-3, 5.00003921568627e-3, 5.000294117647067e-3, 4.999549019607865e-3, 4.999705882352922e-3, 4.999980392156843e-3, 4.999686274509797e-3, 4.999803921568607e-3, 4.999882352941124e-3, 0.0, -5.000470588235303e-3, 4.999921568627416e-3, 4.9997647058823485e-3, 5.000294117647067e-3, -5.0e-3, 0.0, 0.0, 0.0, 0.0 ], [ 0.0, 0.0, 0.0, 0.0, 0.0, 5.000098039215685e-3, 4.999784313725483e-3, -5.0002745098038995e-3, 5.0004117647058765e-3, 5.000117647058831e-3, 5.000431372549e-3, 4.999607843137236e-3, 5.00045098039218e-3, 5.000137254901955e-3, 5.000431372549e-3, 4.999745098039224e-3, 4.999627450980426e-3, 4.999509803921562e-3, 0.0, -4.999647058823506e-3, 5.000058823529416e-3, -5.000254901960775e-3, 4.999784313725483e-3, 5.000254901960784e-3, 0.0, 0.0, 0.0, 0.0 ], [ 0.0, 0.0, 0.0, 0.0, 0.0, 4.999784313725472e-3, 4.999568627450989e-3, -4.999843137254921e-3, 5.000156862745079e-3, 5.000294117647067e-3, 5.000274509803944e-3, 4.999823529411787e-3, 4.999568627450989e-3, 5.000313725490191e-3, 5.000156862745079e-3, 4.9997647058823485e-3, 5.000313725490202e-3, 5.000196078431371e-3, 0.0, 0.0, -4.999529411764674e-3, 5.000098039215708e-3, 4.999529411764686e-3, 4.9999019607843255e-3, -5.0e-3, 0.0, 0.0, 0.0 ], [ 0.0, 0.0, 0.0, -5.0e-3, 5.000411764705882e-3, -4.999901960784293e-3, 5.0004117647058765e-3, -4.999607843137247e-3, 4.999705882352922e-3, 4.999882352941158e-3, 4.9995882352941124e-3, 4.999725490196101e-3, 4.999705882352922e-3, 4.999686274509797e-3, 5.000000000000022e-3, 4.999901960784337e-3, 4.999882352941168e-3, 5.000019607843135e-3, 0.0, 0.0, -4.999803921568607e-3, 4.999843137254921e-3, -5.0002941176470785e-3, 4.999549019607854e-3, -5.0e-3, 0.0, 0.0, 0.0 ], [ 0.0, 0.0, 0.0, -5.0e-3, 5.000431372549017e-3, -4.9999411764705395e-3, 5.000274509803944e-3, -5.000176470588214e-3, -4.999901960784293e-3, 5.000098039215708e-3, 4.999666666666674e-3, 5.000274509803944e-3, 5.000294117647067e-3, 5.00045098039218e-3, 4.999725490196101e-3, 5.000470588235303e-3, 5.000450980392135e-3, 5.000372549019618e-3, 0.0, 0.0, -4.99954901960782e-3, 5.00037254901964e-3, 4.999666666666674e-3, 5.000313725490191e-3, 0.0, 0.0, 0.0, 0.0 ], [ 0.0, 0.0, 0.0, -5.0e-3, 4.999686274509815e-3, -5.000058823529404e-3, -5.000117647058842e-3, -5.0004705882353145e-3, 4.999509803921562e-3, 4.999980392156843e-3, 5.0004117647058765e-3, 4.999941176470595e-3, 5.000392156862753e-3, 4.9998627450980335e-3, 5.000470588235303e-3, 4.999784313725472e-3, 5.000078431372529e-3, 4.999941176470585e-3, 0.0, 0.0, -4.999843137254905e-3, 5.000215686274473e-3, 5.000117647058831e-3, 5.000470588235303e-3, 0.0, -5.0e-3, -5.0e-3, -5.0e-3 ], [ 0.0, -5.0e-3, 0.0, -5.0e-3, 4.999823529411775e-3, -4.999823529411731e-3, -4.9999999999999776e-3, -4.999607843137247e-3, 5.00023529411764e-3, 4.999509803921562e-3, 4.999705882352922e-3, 5.000137254901955e-3, 4.999529411764686e-3, 5.000117647058831e-3, 5.000254901960764e-3, 5.000470588235303e-3, 5.00023529411764e-3, 4.9997647058823485e-3, 0.0, 0.0, -5.000450980392157e-3, 5.000235294117596e-3, 5.000078431372529e-3, 4.99984313725491e-3, -5.0e-3, -5.0e-3, -5.0e-3, -5.0e-3 ], [ 0.0, 0.0, -5.0e-3, -5.0e-3, 5.000411764705893e-3, 4.999607843137303e-3, 5.0004117647058765e-3, -4.999784313725483e-3, 4.999666666666674e-3, 5.00005882352946e-3, 5.0004901960783825e-3, 5.000294117647067e-3, 4.999666666666674e-3, 5.0004117647058765e-3, 5.000254901960764e-3, -5.000058823529404e-3, 5.000254901960764e-3, 4.999901960784337e-3, 0.0, 0.0, 0.0, 4.9998627450980005e-3, 4.999607843137303e-3, 4.999666666666674e-3, -5.0000196078431374e-3, -5.0e-3, 0.0, 0.0 ], [ 0.0, 0.0, 0.0, 0.0, 4.99992156862745e-3, 5.00023529411764e-3, 5.000196078431382e-3, -5.000431372549011e-3, 5.000137254901955e-3, 4.999568627450989e-3, 5.000039215686225e-3, 4.999529411764686e-3, 5.000156862745079e-3, 5.00005882352946e-3, 4.999725490196101e-3, 4.999921568627416e-3, 5.000196078431393e-3, 5.000058823529393e-3, 0.0, 0.0, 0.0, 4.999529411764697e-3, 4.999862745098045e-3, 4.999980392156843e-3, 4.999941176470587e-3, 0.0, 0.0, 0.0 ], [ 0.0, 0.0, 0.0, 0.0, 4.999666666666666e-3, 4.999803921568607e-3, 5.000137254901955e-3, -4.999627450980371e-3, 5.000098039215708e-3, 5.000137254901955e-3, 5.00035294117645e-3, 4.999627450980426e-3, 5.000274509803944e-3, 4.999686274509797e-3, 4.999509803921562e-3, 4.999901960784337e-3, 5.000019607843102e-3, 5.0004117647058765e-3, 0.0, 0.0, -5.0e-3, 5.000254901960764e-3, 4.9997058823529885e-3, 4.99984313725491e-3, 5.000039215686286e-3, 0.0, 0.0, 0.0 ], [ 0.0, 0.0, 0.0, 0.0, 5.000470588235292e-3, -5.00035294117645e-3, 4.9995882352941124e-3, -5.000176470588214e-3, 4.999686274509797e-3, 4.999980392156843e-3, 4.999509803921562e-3, 5.000078431372529e-3, 4.9996470588235505e-3, 5.000000000000022e-3, 5.000098039215708e-3, 4.999980392156843e-3, 5.000372549019629e-3, 5.00035294117645e-3, 0.0, 0.0, 0.0, 5.000078431372573e-3, 4.999960784313731e-3, 5.000137254901955e-3, 4.99952941176473e-3, -5.0e-3, 0.0, 0.0 ], [ -5.0e-3, 0.0, 0.0, 0.0, 4.999647058823539e-3, -5.000196078431393e-3, 5.000000000000022e-3, -5.0003921568626975e-3, 4.999882352941168e-3, 4.99976470588236e-3, 5.000215686274517e-3, 4.99976470588236e-3, 5.000196078431393e-3, 4.999607843137303e-3, 4.999921568627416e-3, 4.999823529411787e-3, 5.000098039215708e-3, 5.000196078431393e-3, 4.999705882352941e-3, 0.0, 0.0, 4.999882352941174e-3, -4.999882352941213e-3, 4.999980392156843e-3, 4.999509803921551e-3, 0.0, 0.0, -5.0e-3 ], [ 0.0, -5.0e-3, 0.0, 0.0, 5.000176470588258e-3, -4.999764705882337e-3, 5.00005882352946e-3, -5.0004705882353145e-3, 4.999509803921562e-3, 4.999509803921562e-3, -4.9999215686274716e-3, 4.999509803921562e-3, 5.000392156862753e-3, 4.999823529411787e-3, 4.9996470588235505e-3, 4.999666666666674e-3, 5.000392156862753e-3, 4.999529411764686e-3, 0.0, 0.0, 0.0, -5.000117647058826e-3, -4.999764705882404e-3, 4.999823529411787e-3, 5.000156862745079e-3, 0.0, 0.0, 0.0 ], [ -5.0e-3, 0.0, 0.0, 0.0, -5.0e-3, -4.9999999999999776e-3, -5.000352941176472e-3, -5.0e-3, 0.0, 0.0, 0.0, 0.0, 0.0, 0.0, 0.0, 0.0, 0.0, 0.0, 0.0, 0.0, 0.0, -5.000313725490197e-3, -5.000176470588214e-3, 5.000058823529393e-3, 4.999705882352938e-3, -5.0e-3, 0.0, 0.0 ], [ 0.0, -5.0e-3, 0.0, 0.0, 3.92156862745098e-3, 4.999529411764697e-3, 5.000078431372548e-3, 0.0, 0.0, 0.0, 0.0, 0.0, 0.0, 0.0, 0.0, -5.0e-3, -5.0e-3, 0.0, -5.0e-3, 0.0, 0.0, 0.0, 0.0, 0.0, 0.0, -5.0e-3, 0.0, 0.0 ], [ 0.0, 0.0, 0.0, 0.0, 0.0, 5.000372549019618e-3, 0.0, 0.0, 3.92156862745098e-3, 3.92156862745098e-3, 3.92156862745098e-3, 3.92156862745098e-3, 0.0, 0.0, -5.0e-3, 3.92156862745098e-3, 3.92156862745098e-3, 3.92156862745098e-3, 0.0, 0.0, 0.0, -4.99986274509804e-3, -4.99986274509804e-3, 0.0, -5.0e-3, -5.0e-3, -5.0e-3, 0.0 ] ]
  robust!49 [......................................................] 0/9 queries
  robust!49 [======>...............................................] 1/9 queries
  robust!49 [============>.........................................] 2/9 queries
  robust!49 [==================>...................................] 3/9 queries
  robust!49 [========================>.............................] 4/9 queries
    result: ✗ - Marabou found a counterexample
      perturbation: [ [ 0.0, 0.0, 0.0, 0.0, 0.0, 0.0, 0.0, 0.0, 5.000274509803921e-3, 4.999980392156863e-3, 0.0, 0.0, 0.0, 0.0, 0.0, 0.0, 0.0, 0.0, 0.0, 0.0, 0.0, 0.0, 3.92156862745098e-3, 0.0, 3.92156862745098e-3, 0.0, 0.0, 0.0 ], [ 0.0, 0.0, 0.0, 0.0, 0.0, 0.0, 0.0, 5.000352941176494e-3, 4.9997058823529885e-3, 4.999529411764697e-3, 4.999980392156843e-3, 5.000235294117629e-3, 4.999529411764705e-3, 3.92156862745098e-3, 0.0, 0.0, 0.0, 4.9999019607843255e-3, 5.000372549019629e-3, 4.999862745098045e-3, 4.999568627450989e-3, 0.0, 0.0, 5.000137254901961e-3, 0.0, 0.0, 0.0, 0.0 ], [ 0.0, 0.0, 0.0, 0.0, 3.92156862745098e-3, 0.0, 5.000235294117629e-3, 5.000058823529416e-3, 5.000411764705888e-3, 4.9998039215686735e-3, 4.999509803921573e-3, 5.000078431372539e-3, 5.000078431372539e-3, 5.000235294117596e-3, 4.999823529411797e-3, 5.000254901960831e-3, 4.999686274509753e-3, 5.000235294117596e-3, 5.000078431372539e-3, 5.000156862745146e-3, 4.999980392156854e-3, 5.0004901960783825e-3, 0.0, 0.0, 0.0, 0.0, 0.0, 0.0 ], [ 0.0, 0.0, 0.0, 0.0, 0.0, 0.0, 5.000470588235259e-3, 4.9998039215686735e-3, 4.999568627450944e-3, 4.999862745098045e-3, 4.999764705882315e-3, 5.000411764705888e-3, 5.000274509803955e-3, 5.000235294117596e-3, 5.000235294117596e-3, 4.9998039215686735e-3, 4.999568627450944e-3, 5.000411764705888e-3, 4.9997058823529885e-3, 4.99976470588236e-3, 4.999588235294068e-3, 4.999980392156854e-3, 5.000196078431371e-3, 0.0, 5.000137254901961e-3, 0.0, 0.0, 0.0 ], [ 0.0, 0.0, 0.0, 0.0, 0.0, 0.0, 5.000098039215663e-3, 4.999823529411797e-3, 5.0003921568627634e-3, 5.00005882352946e-3, 5.0003921568627634e-3, 5.000019607843168e-3, 4.9999999999999776e-3, 5.000058823529416e-3, 5.000098039215663e-3, 5.00037254901964e-3, 4.999980392156854e-3, 4.999921568627483e-3, 4.9996470588235505e-3, 5.000176470588269e-3, 4.999568627450944e-3, 4.999686274509753e-3, 4.999901960784337e-3, 0.0, 3.92156862745098e-3, 0.0, 0.0, 0.0 ], [ 0.0, 0.0, 0.0, 0.0, 0.0, 5.000098039215685e-3, 5.000235294117596e-3, 5.0003921568627634e-3, 5.00013725490191e-3, 4.999843137254921e-3, 5.000137254901955e-3, 5.000098039215663e-3, 4.999588235294135e-3, 4.99966666666663e-3, 5.000235294117596e-3, 4.999686274509753e-3, 4.999745098039191e-3, 5.00005882352946e-3, 5.00005882352946e-3, 4.999901960784293e-3, 5.0002941176470785e-3, 5.000117647058787e-3, 5.000196078431393e-3, 0.0, 0.0, 0.0, 0.0, 0.0 ], [ 0.0, 0.0, 0.0, 0.0, 0.0, 5.000470588235292e-3, 4.999647058823506e-3, 5.000117647058787e-3, 4.999725490196112e-3, 4.9999999999999776e-3, 5.000156862745146e-3, 4.999980392156843e-3, 4.999745098039191e-3, 5.000000000000044e-3, 4.9997058823529434e-3, 5.000235294117663e-3, 4.999862745098045e-3, 5.0004117647058765e-3, 5.0004901960783825e-3, 5.000039215686225e-3, 4.999529411764697e-3, 5.00013725490191e-3, 5.000274509803955e-3, 0.0, 0.0, 0.0, 0.0, 0.0 ], [ 0.0, 0.0, 0.0, 0.0, 0.0, 5.00003921568627e-3, 5.000490196078449e-3, 4.999686274509753e-3, 5.000058823529416e-3, 5.000411764705888e-3, 5.000411764705888e-3, 4.9999999999999776e-3, 5.0004901960783825e-3, 5.00009803921573e-3, 4.999882352941191e-3, 4.999627450980382e-3, 5.000176470588269e-3, 4.9997058823529885e-3, 5.000450980392135e-3, 4.999823529411797e-3, 5.000411764705888e-3, 4.999588235294068e-3, 4.999941176470606e-3, 0.0, 0.0, 0.0, 0.0, 0.0 ], [ 0.0, 0.0, 0.0, 0.0, 0.0, 5.00035294117645e-3, 4.999941176470606e-3, 4.999823529411797e-3, 4.999764705882315e-3, 4.9997058823529885e-3, 5.000274509803955e-3, 4.999725490196112e-3, 4.9999999999999776e-3, 5.000313725490202e-3, 4.999882352941168e-3, 5.000176470588269e-3, 4.99954901960782e-3, 5.000411764705888e-3, 5.000274509803955e-3, 4.999784313725439e-3, 4.9998039215686735e-3, 4.999843137254921e-3, 5.0003921568627634e-3, 4.999607843137253e-3, 0.0, 0.0, 0.0, 0.0 ], [ 0.0, 0.0, 0.0, 0.0, 0.0, 4.999980392156854e-3, 4.999686274509753e-3, 4.999529411764697e-3, 4.99968627450982e-3, 5.0002941176470785e-3, 5.0002941176470785e-3, 5.000411764705888e-3, 5.000235294117596e-3, 4.9997058823529885e-3, 5.000274509803955e-3, 4.999568627450944e-3, 4.999862745098045e-3, 5.00013725490191e-3, 4.9997450980392355e-3, 5.000176470588225e-3, 4.999764705882315e-3, 4.9999999999999776e-3, 5.000235294117596e-3, 4.999607843137236e-3, 0.0, 0.0, 0.0, 0.0 ], [ 0.0, 0.0, 0.0, 0.0, 0.0, 4.999745098039191e-3, 4.9999999999999776e-3, 5.000254901960831e-3, 4.999529411764653e-3, 4.999960784313731e-3, 5.000313725490202e-3, 4.999862745098045e-3, 5.000450980392135e-3, 5.000117647058787e-3, 5.000254901960831e-3, 4.999647058823506e-3, 5.000156862745146e-3, 5.000176470588269e-3, 4.9996470588235505e-3, 5.000000000000044e-3, 4.9996078431372585e-3, 5.000156862745146e-3, 4.9998039215686735e-3, 5.00005882352946e-3, 0.0, 0.0, 0.0, 0.0 ], [ 0.0, 0.0, 0.0, 0.0, 4.999843137254901e-3, 5.000019607843168e-3, 4.999725490196112e-3, 4.9998039215686735e-3, 5.000078431372495e-3, 5.000117647058787e-3, 5.000450980392135e-3, 5.000411764705888e-3, 5.0003921568627634e-3, 4.999843137254921e-3, 4.9997058823529885e-3, 4.999529411764697e-3, 5.000274509803955e-3, 4.999862745098045e-3, 4.999823529411787e-3, 5.000078431372495e-3, 4.999882352941124e-3, 4.9997058823529885e-3, 5.000098039215663e-3, 4.999843137254921e-3, 0.0, 0.0, 0.0, 0.0 ], [ 0.0, 0.0, 0.0, 0.0, 5.0003333333333315e-3, 5.000117647058854e-3, 5.0002941176470785e-3, 4.999509803921573e-3, 5.000333333333348e-3, 5.000254901960831e-3, 4.999862745098045e-3, 4.999686274509753e-3, 4.999588235294068e-3, 5.000450980392135e-3, 4.999882352941168e-3, 4.9997058823529885e-3, 5.000274509803955e-3, 5.000117647058787e-3, 4.999784313725483e-3, 5.000078431372495e-3, 5.00027450980391e-3, 5.0003921568627634e-3, 4.999686274509753e-3, 5.000470588235326e-3, 0.0, 0.0, 0.0, 0.0 ], [ 0.0, 0.0, 0.0, 0.0, 5.000411764705893e-3, 4.99998039215681e-3, 5.000019607843102e-3, 4.999764705882315e-3, 5.0e-3, 4.999823529411797e-3, 5.000196078431393e-3, 4.999568627450944e-3, 5.000235294117596e-3, 4.999862745098045e-3, 5.00013725490191e-3, 4.9998039215686735e-3, 4.999843137254921e-3, 4.999843137254921e-3, 4.999666666666674e-3, 5.000313725490158e-3, 4.9996666666666965e-3, 5.000196078431348e-3, 4.999960784313731e-3, 4.999745098039191e-3, 0.0, 0.0, 0.0, 0.0 ], [ 0.0, 0.0, 0.0, 0.0, 5.000058823529393e-3, 4.999843137254877e-3, 4.99954901960782e-3, 5.000137254901977e-3, 4.999901960784314e-3, 5.00005882352946e-3, 5.000254901960831e-3, 5.000117647058787e-3, 4.999784313725439e-3, 5.000078431372539e-3, 4.999882352941168e-3, 4.999686274509753e-3, 4.999686274509753e-3, 4.999843137254921e-3, 4.999627450980426e-3, 4.999960784313731e-3, 5.000176470588181e-3, 5.000019607843168e-3, 5.0003921568627634e-3, 5.000313725490158e-3, 5.000117647058823e-3, 0.0, 0.0, 0.0 ], [ 0.0, 0.0, 0.0, 0.0, 5.000156862745079e-3, 5.000000000000044e-3, 5.000117647058787e-3, 5.000372549019596e-3, 5.000392156862719e-3, 4.99976470588236e-3, 5.000254901960831e-3, 5.00013725490191e-3, 5.000254901960831e-3, 4.9999999999999776e-3, 5.000156862745146e-3, 4.9999999999999776e-3, 4.999980392156854e-3, 4.999823529411797e-3, 5.000156862745146e-3, 5.000313725490202e-3, 5.000176470588181e-3, 4.999568627451011e-3, 5.000039215686225e-3, 4.9998627450980005e-3, 5.000294117647056e-3, 0.0, 0.0, 0.0 ], [ 0.0, 0.0, 0.0, 0.0, 5.000117647058831e-3, 4.999764705882315e-3, 4.999862745098045e-3, 4.999784313725506e-3, 5.000254901960831e-3, 4.9997450980392355e-3, 4.999980392156854e-3, 4.999686274509753e-3, 4.999627450980382e-3, 4.999725490196112e-3, 4.999588235294068e-3, 4.999823529411797e-3, 4.999784313725439e-3, 5.000313725490202e-3, 4.9997058823529885e-3, 5.000372549019629e-3, 4.999784313725506e-3, 5.0004117647058435e-3, 4.9997058823529885e-3, 4.9996078431372585e-3, 5.000117647058821e-3, 0.0, 0.0, 0.0 ], [ 0.0, 0.0, 0.0, 0.0, 4.99976470588236e-3, 5.00037254901964e-3, 4.999725490196112e-3, 5.000333333333348e-3, 5.000274509803955e-3, 5.000117647058787e-3, 5.000039215686225e-3, 4.999980392156854e-3, 5.000411764705888e-3, 4.999568627450944e-3, 4.999823529411797e-3, 4.9997058823529885e-3, 4.999980392156854e-3, 5.000019607843102e-3, 4.9997450980392355e-3, 5.000392156862753e-3, 4.999921568627439e-3, 4.99968627450982e-3, 5.000176470588269e-3, 4.999588235294135e-3, 5.000078431372573e-3, 0.0, 0.0, 0.0 ], [ 0.0, 0.0, 0.0, 0.0, 4.9999999999999776e-3, 4.999627450980382e-3, 4.999647058823506e-3, 5.0001568627451014e-3, 5.000450980392135e-3, 4.999843137254921e-3, 5.00013725490191e-3, 5.0003529411765165e-3, 5.000333333333281e-3, 4.999568627450944e-3, 4.999843137254921e-3, 4.999686274509753e-3, 4.999627450980382e-3, 5.000019607843102e-3, 4.999843137254921e-3, 5.0002941176470785e-3, 4.999901960784359e-3, 5.0004117647058435e-3, 5.000470588235259e-3, 5.000000000000044e-3, 4.999705882352922e-3, 0.0, 0.0, 0.0 ], [ 0.0, 0.0, 0.0, 0.0, 5.000450980392135e-3, 5.0003529411765165e-3, 4.999529411764697e-3, 4.999627450980382e-3, 5.0002941176470785e-3, 5.00013725490191e-3, 5.000313725490202e-3, 4.999901960784359e-3, 4.9997058823529885e-3, 4.999882352941168e-3, 4.999568627450944e-3, 4.999588235294068e-3, 4.999529411764697e-3, 5.000313725490202e-3, 5.000274509803955e-3, 4.999882352941168e-3, 4.9998039215686735e-3, 5.000352941176472e-3, 4.999588235294068e-3, 5.000039215686292e-3, 4.999921568627416e-3, 0.0, 0.0, 0.0 ], [ 0.0, 0.0, 0.0, 0.0, 4.9999999999999776e-3, 4.999627450980382e-3, 4.999529411764697e-3, 4.999784313725439e-3, 5.0003921568627634e-3, 5.000117647058787e-3, 4.999901960784293e-3, 5.000313725490158e-3, 5.000450980392135e-3, 5.000313725490202e-3, 5.000098039215663e-3, 4.999843137254921e-3, 5.0003529411765165e-3, 4.999686274509753e-3, 4.999980392156854e-3, 4.999588235294068e-3, 4.999960784313731e-3, 4.999509803921528e-3, 4.9999999999999776e-3, 5.000470588235326e-3, 5.000039215686225e-3, 0.0, 0.0, 0.0 ], [ 0.0, 0.0, 0.0, 0.0, 5.00013725490191e-3, 5.000490196078449e-3, 4.999960784313731e-3, 4.999921568627483e-3, 5.0002941176470785e-3, 5.00013725490191e-3, 5.000117647058787e-3, 5.000058823529416e-3, 5.000117647058787e-3, 5.0003921568627634e-3, 4.999980392156854e-3, 4.999843137254921e-3, 5.000176470588225e-3, 4.999686274509753e-3, 4.999901960784293e-3, 4.999568627450944e-3, 4.99954901960782e-3, 4.999823529411753e-3, 4.999980392156854e-3, 4.999901960784359e-3, 4.999588235294068e-3, 0.0, 0.0, 0.0 ], [ 0.0, 0.0, 0.0, 0.0, 5.0004901960783825e-3, 5.000313725490158e-3, 4.99966666666663e-3, 5.000196078431348e-3, 4.999568627450944e-3, 5.000450980392135e-3, 4.999941176470606e-3, 4.999588235294135e-3, 5.000313725490202e-3, 5.000254901960831e-3, 4.999568627450944e-3, 4.99954901960782e-3, 5.000058823529416e-3, 5.000254901960831e-3, 4.999862745098045e-3, 5.000411764705888e-3, 5.0002941176470785e-3, 5.000294117647034e-3, 4.999843137254921e-3, 4.999509803921573e-3, 5.000313725490202e-3, 0.0, 0.0, 0.0 ], [ 0.0, 0.0, 0.0, 0.0, 4.999509803921562e-3, 4.999745098039191e-3, 4.99966666666663e-3, 4.999921568627483e-3, 4.999568627450944e-3, 4.9997450980392355e-3, 4.999509803921573e-3, 5.000333333333281e-3, 5.000019607843102e-3, 5.00013725490191e-3, 5.000254901960831e-3, 5.000450980392135e-3, 4.99966666666663e-3, 5.000235294117596e-3, 4.9997450980392355e-3, 4.99954901960782e-3, 5.000313725490202e-3, 5.000019607843168e-3, 4.999686274509753e-3, 5.000490196078449e-3, 5.000450980392135e-3, 0.0, 0.0, 0.0 ], [ 0.0, 0.0, 0.0, 0.0, 5.000000000000022e-3, 4.999764705882315e-3, 5.0003529411765165e-3, 5.000333333333281e-3, 4.999588235294068e-3, 4.99954901960782e-3, 5.000196078431348e-3, 4.999862745098045e-3, 5.000176470588269e-3, 4.99954901960782e-3, 4.999843137254921e-3, 4.999588235294068e-3, 4.999509803921573e-3, 4.999686274509753e-3, 4.999568627450944e-3, 4.999588235294068e-3, 5.000313725490202e-3, 5.000196078431348e-3, 4.999941176470606e-3, 5.000294117647034e-3, 5.000254901960764e-3, 0.0, 0.0, 0.0 ], [ 0.0, 0.0, 0.0, 0.0, 4.999666666666666e-3, 4.999627450980382e-3, 5.000196078431348e-3, 5.000058823529416e-3, 4.9999999999999776e-3, 4.99954901960782e-3, 5.0003921568627634e-3, 5.00013725490191e-3, 5.000274509803955e-3, 4.999686274509753e-3, 4.9999999999999776e-3, 4.999843137254921e-3, 5.00037254901964e-3, 5.000235294117596e-3, 4.999980392156854e-3, 4.999588235294068e-3, 4.999823529411797e-3, 5.000137254901977e-3, 5.0003529411765165e-3, 4.999529411764697e-3, 5.000098039215685e-3, 0.0, 0.0, 0.0 ], [ 0.0, 0.0, 0.0, 0.0, 0.0, 4.9998039215686735e-3, 5.000372549019596e-3, 5.000078431372529e-3, 5.0004117647058765e-3, 4.999529411764653e-3, 5.000000000000044e-3, 4.999647058823506e-3, 5.0003529411765165e-3, 4.999588235294135e-3, 5.0001568627451014e-3, 5.000019607843168e-3, 5.0003529411765165e-3, 4.999509803921573e-3, 4.999588235294135e-3, 5.0004117647058435e-3, 4.999941176470595e-3, 5.0001568627451014e-3, 5.000254901960786e-3, 5.00027450980391e-3, 0.0, 0.0, 0.0, 0.0 ], [ 0.0, 0.0, 0.0, 0.0, 0.0, 4.999509803921551e-3, 4.999960784313719e-3, 5.000352941176469e-3, 0.0, 0.0, 5.000411764705882e-3, 5.000078431372548e-3, 5.000352941176469e-3, 5.000117647058823e-3, 0.0, 4.999823529411764e-3, 4.999549019607843e-3, 0.0, 0.0, 0.0, 0.0, 5.000196078431393e-3, 5.000450980392135e-3, 5.00045098039218e-3, 0.0, 0.0, 0.0, 0.0 ] ]
robust:
    verified:  36/50
    falsified: 14/50
    timed-out: 0/50
    errored:   0/50
