capucci_neg_e01.onnx verified against fashionRobustness-solution.vcl (EXERCISE #7's
specification), epsilon 0.02, 50 FashionMNIST test images.
Elapsed 890s. Progress bars stripped; otherwise verbatim.
==============================================================================

  robust!0 [.......................................................] 0/9 queries
  robust!0 [======>................................................] 1/9 queries
  robust!0 [============>..........................................] 2/9 queries
  robust!0 [==================>....................................] 3/9 queries
  robust!0 [========================>..............................] 4/9 queries
  robust!0 [==============================>........................] 5/9 queries
  robust!0 [====================================>..................] 6/9 queries
Verifying properties:

    result: ✗ - Marabou found a counterexample
      perturbation: [ [ 0.0, 0.0, 0.0, 0.0, 0.0, 0.0, 0.0, 0.0, 0.0, 0.0, 0.0, -2.0e-2, 0.0, 0.0, 0.0, 0.0, 0.0, -2.0e-2, 0.0, 0.0, 0.0, 0.0, 0.0, 0.0, -2.0e-2, 0.0, 0.0, 0.0 ], [ 0.0, 0.0, 0.0, 0.0, 0.0, 0.0, 0.0, 0.0, 0.0, -2.0e-2, 0.0, 0.0, 0.0, 0.0, 0.0, 0.0, 0.0, 0.0, 0.0, -2.0e-2, 0.0, 0.0, 0.0, 0.0, 0.0, 0.0, 0.0, 0.0 ], [ 0.0, 0.0, 0.0, 0.0, 0.0, 0.0, -2.0e-2, -2.0e-2, 0.0, 0.0, 0.0, 0.0, 0.0, 0.0, 0.0, 0.0, 0.0, 0.0, 0.0, 0.0, 0.0, 0.0, 0.0, 0.0, 0.0, 0.0, 0.0, 0.0 ], [ 0.0, 0.0, 0.0, 0.0, 0.0, -2.0e-2, 0.0, 0.0, 0.0, 0.0, 0.0, 0.0, 0.0, 0.0, 0.0, 0.0, 0.0, 0.0, 0.0, 0.0, 0.0, 0.0, 0.0, 0.0, 0.0, 0.0, 0.0, 0.0 ], [ 0.0, 0.0, 0.0, 0.0, 0.0, -2.0e-2, 0.0, 0.0, 0.0, 0.0, 0.0, 0.0, 0.0, 0.0, 0.0, 0.0, 0.0, 0.0, 0.0, 0.0, 0.0, 0.0, 0.0, -2.0e-2, 0.0, 0.0, 0.0, 0.0 ], [ 0.0, 0.0, 0.0, 0.0, 0.0, 0.0, 0.0, 0.0, 0.0, 0.0, 0.0, 0.0, 0.0, 0.0, 0.0, 0.0, 0.0, 0.0, 0.0, 0.0, -2.0e-2, -2.0e-2, 0.0, -2.0e-2, 0.0, 0.0, 0.0, 0.0 ], [ 0.0, 0.0, 0.0, 0.0, 0.0, 0.0, 0.0, 0.0, 0.0, 0.0, 0.0, 0.0, 0.0, 0.0, 0.0, 0.0, 0.0, 0.0, 0.0, 0.0, 0.0, -2.0e-2, 0.0, -2.0e-2, -2.0e-2, 0.0, 0.0, 0.0 ], [ 0.0, 0.0, 0.0, 0.0, 0.0, 0.0, 0.0, 0.0, 0.0, 0.0, 0.0, 0.0, 0.0, 0.0, 0.0, 0.0, 0.0, 0.0, 0.0, 1.1764705882352941e-2, -2.000043137254902e-2, 0.0, -2.0e-2, -2.0000019607843138e-2, 0.0, 2.0000039215686286e-2, 0.0, 0.0 ], [ 0.0, 0.0, 0.0, 0.0, -2.0e-2, 0.0, 0.0, 0.0, 0.0, 0.0, 0.0, 0.0, 0.0, 3.92156862745098e-3, 7.84313725490196e-3, 0.0, 2.000035294117647e-2, 1.999976470588235e-2, 2.0000254901960782e-2, 0.0, 0.0, 0.0, 0.0, 0.0, 0.0, 1.9999666666666673e-2, 0.0, -2.0e-2 ], [ 0.0, 0.0, 0.0, 0.0, 0.0, 0.0, 0.0, 0.0, 0.0, 0.0, 0.0, 0.0, 0.0, 3.92156862745098e-3, 0.0, 0.0, 2.0000039215686268e-2, 2.00003137254902e-2, 1.9999549019607866e-2, 0.0, 0.0, 0.0, 0.0, 1.9999509803921567e-2, 1.999988235294116e-2, 2.0000274509803944e-2, 0.0, -2.0e-2 ], [ 0.0, 0.0, 0.0, 0.0, 0.0, 0.0, 0.0, 0.0, 0.0, 0.0, 0.0, 0.0, 0.0, 1.568627450980392e-2, 0.0, 2.0000137254901972e-2, 2.000035294117645e-2, 2.000023529411764e-2, 1.9999588235294068e-2, 1.9999509803921574e-2, 2.0000274509803954e-2, 2.0000392156862765e-2, 1.999976470588236e-2, 1.9999568627450944e-2, 1.9999529411764697e-2, 1.9999607843137302e-2, 0.0, -2.0e-2 ], [ 0.0, 0.0, 0.0, 0.0, 0.0, 0.0, 0.0, 0.0, 0.0, 0.0, 0.0, 0.0, 7.84313725490196e-3, 0.0, 2.0000254901960782e-2, 1.9999901960784293e-2, 1.9999921568627416e-2, 1.9999784313725483e-2, 1.9999980392156853e-2, 2.000007843137254e-2, 2.0000411764705888e-2, 1.999996078431373e-2, 2.0000215686274473e-2, 1.9999725490196112e-2, 1.9999862745098046e-2, 1.999988235294117e-2, 0.0, -2.0e-2 ], [ 0.0, 0.0, 0.0, 0.0, 0.0, 0.0, 3.92156862745098e-3, 0.0, 7.84313725490196e-3, 3.92156862745098e-3, 0.0, 1.1764705882352941e-2, 0.0, 0.0, 2.0000392156862754e-2, 1.9999823529411785e-2, 2.0000274509803944e-2, 1.9999901960784293e-2, 1.9999529411764697e-2, 1.9999999999999976e-2, 1.999970588235299e-2, 1.99998235294118e-2, 1.999996078431373e-2, 2.00003137254902e-2, 2.0000274509803954e-2, 1.9999843137254922e-2, 2.0000254901960782e-2, -2.0e-2 ], [ 0.0, 0.0, 0.0, 0.0, 3.92156862745098e-3, -2.0e-2, -2.0e-2, -2.0e-2, 0.0, 0.0, 1.1764705882352941e-2, 0.0, 0.0, 1.9999607843137236e-2, 2.0000039215686227e-2, 2.0000176470588257e-2, 2.000045098039218e-2, 1.9999999999999976e-2, 1.9999725490196112e-2, 2.0000490196078382e-2, 1.9999862745098046e-2, 2.0000098039215663e-2, 1.9999803921568672e-2, 2.00003137254902e-2, 2.0000411764705888e-2, 2.0000098039215663e-2, 2.0000294117647057e-2, 0.0 ], [ 0.0, 0.0, 0.0, 0.0, 0.0, -2.0e-2, -1.999986274509804e-2, -1.9999725490196078e-2, 3.92156862745098e-3, 0.0, 0.0, 0.0, 1.9999725490196102e-2, 2.0000333333333325e-2, 1.9999549019607866e-2, 1.9999980392156842e-2, 1.9999549019607866e-2, 2.0000117647058786e-2, 1.999976470588236e-2, 1.999988235294117e-2, 1.9999725490196112e-2, 2.0000411764705888e-2, 1.999996078431373e-2, 1.999988235294117e-2, 1.9999843137254922e-2, 2.0000098039215663e-2, 1.9999666666666673e-2, 0.0 ], [ -2.0e-2, 0.0, 7.84313725490196e-3, 7.84313725490196e-3, 3.92156862745098e-3, -1.999986274509804e-2, -2.0e-2, -2.0e-2, 0.0, 0.0, 1.999978431372549e-2, 2.0000411764705878e-2, 1.9999529411764687e-2, 2.0000294117647067e-2, 2.000011764705883e-2, 1.9999529411764687e-2, 2.0000333333333325e-2, 1.999970588235299e-2, 2.0000196078431395e-2, -2.0000431372549057e-2, -2.0000431372549057e-2, 1.999970588235299e-2, 1.9999980392156853e-2, 2.0000176470588268e-2, 1.9999588235294068e-2, 1.999970588235299e-2, 2.0000215686274473e-2, 0.0 ], [ 1.1764705882352941e-2, 0.0, 0.0, 0.0, 0.0, -2.0e-2, -2.0e-2, -2.0000058823529412e-2, -1.999986274509803e-2, -1.999968627450981e-2, -2.0000470588235314e-2, 2.000011764705883e-2, 1.999956862745099e-2, 2.0000392156862754e-2, 2.000035294117645e-2, 2.0000196078431395e-2, 2.00003137254902e-2, 1.9999568627450944e-2, -2.0000176470588202e-2, -2.000033333333337e-2, -2.0000431372549057e-2, 1.9999862745098046e-2, 1.9999568627450944e-2, 2.00003137254902e-2, 2.000047058823526e-2, 2.0000294117647078e-2, 1.99998235294118e-2, 2.000045098039217e-2 ], [ 0.0, 0.0, 2.0000078431372546e-2, 1.9999705882352937e-2, 1.999996078431371e-2, -1.9999784313725493e-2, -1.9999666666666686e-2, -1.9999901960784293e-2, -2.0000215686274518e-2, 1.9999941176470595e-2, -1.999988235294117e-2, 2.0000254901960765e-2, 2.0000098039215708e-2, 2.0000215686274518e-2, 2.000007843137253e-2, 2.0000039215686227e-2, 1.9999627450980426e-2, 2.0000333333333325e-2, 1.9999980392156853e-2, 1.9999607843137302e-2, -1.9999862745098088e-2, 1.999954901960782e-2, 1.999988235294117e-2, 2.000013725490191e-2, 1.9999803921568672e-2, 1.999954901960782e-2, 2.0000470588235324e-2, 2.0000254901960782e-2 ], [ 0.0, 1.9999666666666662e-2, 2.000045098039218e-2, 2.0000176470588257e-2, 2.000011764705883e-2, 1.9999823529411785e-2, 2.000011764705883e-2, -2.0000176470588212e-2, 2.0000392156862754e-2, 2.0000215686274518e-2, 1.999976470588236e-2, 2.0000333333333325e-2, 2.00003137254902e-2, 1.999964705882355e-2, 2.0000215686274518e-2, 1.9999862745098046e-2, 1.9999568627450944e-2, 2.00003137254902e-2, 2.0000156862745144e-2, -1.9999921568627472e-2, -1.9999882352941215e-2, 2.0000117647058786e-2, 1.999988235294117e-2, 2.000047058823526e-2, 1.9999999999999976e-2, -1.9999882352941215e-2, 2.00004509803922e-2, -2.000001960784314e-2 ], [ -2.000019607843135e-2, -1.9999901960784338e-2, 2.000035294117645e-2, 2.0000137254901955e-2, 1.9999725490196102e-2, -2.0000137254901965e-2, 2.000045098039218e-2, 2.000015686274508e-2, 1.9999725490196102e-2, 2.000000000000002e-2, 2.0000411764705878e-2, 2.0000274509803944e-2, 1.9999666666666673e-2, 2.000023529411764e-2, 2.000035294117645e-2, 1.9999725490196112e-2, 1.999970588235299e-2, 1.999996078431373e-2, 2.0000039215686292e-2, 2.0000039215686292e-2, 2.00004509803922e-2, 1.9999588235294134e-2, 1.9999588235294134e-2, 2.0000333333333283e-2, 2.000001960784317e-2, 2.0000470588235324e-2, 1.999962745098038e-2, 2.0000470588235293e-2 ], [ 2.0000098039215687e-2, 1.999964705882355e-2, 2.0000235294117596e-2, 1.999990196078436e-2, 1.999990196078436e-2, 1.999962745098038e-2, 2.0000235294117596e-2, 1.9999999999999976e-2, 1.999976470588236e-2, 2.000023529411764e-2, 1.999964705882355e-2, 2.0000215686274518e-2, 2.0000019607843103e-2, 2.000019607843135e-2, 1.9999882352941124e-2, 1.9999843137254877e-2, 2.000027450980391e-2, 2.0e-2, 1.9999843137254877e-2, 1.9999647058823507e-2, 2.0000313725490226e-2, 2.0000294117647102e-2, 1.9999725490196022e-2, 1.9999725490196022e-2, 2.0000450980392156e-2, 2.000009803921573e-2, 2.0000137254901976e-2, 1.999986274509805e-2 ], [ -2.0e-2, -2.0e-2, 0.0, 1.9999823529411764e-2, 2.0000098039215698e-2, 2.0000274509803944e-2, 2.000025490196083e-2, 2.000019607843135e-2, 2.0000156862745103e-2, 2.0000411764705843e-2, 1.999998039215681e-2, 2.0000411764705843e-2, 2.000027450980391e-2, 2.0000039215686292e-2, 2.0000294117647078e-2, 1.9999627450980415e-2, 1.999954901960784e-2, 0.0, 0.0, 0.0, 2.0000215686274473e-2, 2.000027450980391e-2, 1.999990196078436e-2, 1.9999509803921574e-2, 2.0000117647058786e-2, 1.9999843137254922e-2, 1.9999862745098046e-2, 2.0000254901960782e-2 ], [ 0.0, 0.0, 0.0, 0.0, -1.3075e-2, 0.0, 0.0, 0.0, 0.0, 0.0, -2.0e-2, 0.0, 0.0, -2.0e-2, 0.0, 0.0, 0.0, 0.0, 0.0, 0.0, 0.0, 0.0, 0.0, 0.0, 0.0, 0.0, 0.0, 0.0 ], [ -2.0e-2, -2.0e-2, 0.0, 0.0, 0.0, 0.0, 0.0, 0.0, 0.0, 0.0, 0.0, 0.0, 0.0, 0.0, 0.0, 0.0, 0.0, 0.0, 0.0, 0.0, 0.0, 0.0, 0.0, 0.0, 0.0, 0.0, 0.0, 0.0 ], [ 0.0, -2.0e-2, 0.0, 0.0, 0.0, 0.0, 0.0, 0.0, 0.0, 0.0, 0.0, 0.0, 0.0, 0.0, 0.0, 0.0, 0.0, 0.0, 0.0, 0.0, 0.0, 0.0, 0.0, 0.0, 0.0, 0.0, -2.0e-2, 0.0 ], [ -2.0e-2, -2.0e-2, 0.0, 0.0, 0.0, 0.0, 0.0, 0.0, 0.0, 0.0, 0.0, 0.0, 0.0, 0.0, 0.0, 0.0, 0.0, 0.0, 0.0, 0.0, 0.0, 0.0, 0.0, 0.0, 0.0, 0.0, 0.0, 0.0 ], [ -2.0e-2, -2.0e-2, 0.0, 0.0, 0.0, 0.0, 0.0, 0.0, 0.0, 0.0, 0.0, 0.0, 0.0, 0.0, 0.0, 0.0, 0.0, 0.0, 0.0, 0.0, 0.0, 0.0, 0.0, 0.0, 0.0, 0.0, 0.0, 0.0 ], [ -2.0e-2, 0.0, 0.0, 0.0, 0.0, 0.0, 0.0, 0.0, 0.0, 0.0, 0.0, 0.0, 0.0, 0.0, 0.0, 0.0, 0.0, 0.0, 0.0, 0.0, 0.0, 0.0, 0.0, 0.0, 0.0, 0.0, 0.0, 0.0 ] ]
  robust!1 [.......................................................] 0/9 queries
  robust!1 [======>................................................] 1/9 queries
  robust!1 [============>..........................................] 2/9 queries
  robust!1 [==================>....................................] 3/9 queries
  robust!1 [========================>..............................] 4/9 queries
  robust!1 [==============================>........................] 5/9 queries
  robust!1 [====================================>..................] 6/9 queries
    result: ✗ - Marabou found a counterexample
      perturbation: [ [ 0.0, 0.0, 0.0, 0.0, 0.0, 0.0, -2.0e-2, 0.0, 0.0, 0.0, 2.0000392156862744e-2, 2.0000098039215698e-2, -2.0e-2, -2.0e-2, 0.0, -2.0e-2, 2.000043137254902e-2, 1.9999607843137254e-2, 0.0, 0.0, 0.0, -2.0e-2, -2.0e-2, -2.0e-2, -2.0e-2, 0.0, -2.0e-2, 0.0 ], [ 0.0, 0.0, 0.0, 0.0, -2.0e-2, 0.0, -2.0e-2, -2.0000450980392156e-2, 2.000023529411764e-2, 1.9999843137254877e-2, 1.999950980392153e-2, 2.0000450980392156e-2, -2.0000235294117617e-2, 2.0e-2, 2.0e-2, 0.0, 2.0000450980392156e-2, 2.000033333333335e-2, 1.999962745098034e-2, 1.9999803921568672e-2, -2.0000058823529416e-2, -2.0e-2, 0.0, -2.0e-2, -2.0e-2, 0.0, 0.0, 0.0 ], [ -2.0e-2, 0.0, 0.0, -2.0e-2, -2.0e-2, -2.0e-2, -2.0000098039215708e-2, 1.9999901960784314e-2, 2.0000294117647102e-2, 2.000017647058818e-2, 2.000005882352937e-2, -1.9999784313725462e-2, -1.999966666666665e-2, 1.9999745098039257e-2, 1.999988235294119e-2, -1.9999529411764718e-2, 1.9999784313725507e-2, -2.000007843137256e-2, 1.9999901960784314e-2, 2.0000019607843124e-2, 1.9999725490196022e-2, 2.0000313725490156e-2, -2.0e-2, 0.0, -2.0e-2, -2.0e-2, 0.0, -2.0e-2 ], [ 0.0, 0.0, -2.0e-2, -2.0e-2, -2.0e-2, 2.000000000000002e-2, 0.0, -1.9999647058823528e-2, -2.0000352941176427e-2, -1.9999921568627507e-2, 1.9999647058823573e-2, 2.0000490196078406e-2, 1.9999784313725507e-2, 1.9999784313725507e-2, 2.000021568627454e-2, 1.9999647058823573e-2, -2.000007843137256e-2, 1.9999921568627437e-2, 2.0000352941176473e-2, -1.9999921568627507e-2, -1.9999627450980405e-2, 2.0000294117647102e-2, -2.000021568627456e-2, 0.0, 0.0, -2.0e-2, 0.0, 0.0 ], [ 0.0, 0.0, -2.0e-2, -2.0e-2, -2.0e-2, 2.0000490196078406e-2, -1.9999960784313753e-2, -1.9999784313725462e-2, -1.9999647058823528e-2, 2.0e-2, 2.0e-2, 2.000033333333335e-2, 2.0000352941176473e-2, -1.9999921568627507e-2, -1.999966666666665e-2, 1.999988235294119e-2, 1.9999647058823573e-2, 1.9999784313725507e-2, 2.0000078431372494e-2, 2.000005882352937e-2, -2.0000372549019662e-2, -1.9999784313725462e-2, -1.9999960784313753e-2, 2.0000372549019606e-2, 0.0, -2.0e-2, 0.0, 0.0 ], [ 0.0, 0.0, -2.0e-2, -2.0e-2, 0.0, -1.9999980392156877e-2, -1.9999960784313753e-2, 2.0000352941176473e-2, 2.0e-2, 1.9999725490196112e-2, 1.9999725490196088e-2, 2.0000294117647102e-2, 1.9999647058823573e-2, 2.0e-2, 1.9999607843137215e-2, 1.9999823529411754e-2, 2.000033333333335e-2, 1.9999921568627437e-2, 2.0e-2, 1.9999647058823573e-2, 2.000009803921573e-2, -1.999994117647063e-2, -1.9607843137254943e-2, 1.9999705882352937e-2, 0.0, 0.0, 0.0, 0.0 ], [ 0.0, 0.0, -2.0e-2, -2.0e-2, 0.0, 2.0e-2, 2.0000470588235283e-2, 1.9999921568627437e-2, 2.0e-2, 1.9999529411764704e-2, 0.0, 2.0e-2, 1.999976470588238e-2, 1.9999607843137257e-2, 0.0, 0.0, 1.999968627450982e-2, 2.0e-2, 2.0000392156862744e-2, 1.9999941176470595e-2, 2.0e-2, -1.999994117647063e-2, -1.17647058823529e-2, 1.9999823529411785e-2, 0.0, 0.0, 0.0, 0.0 ], [ -2.0e-2, -2.0e-2, -2.0e-2, -2.0e-2, 2.000041176470588e-2, 0.0, 2.000033333333335e-2, 1.9999901960784314e-2, 2.0e-2, 1.9999647058823507e-2, 0.0, 2.0e-2, 2.0e-2, 0.0, 1.9999921568627416e-2, 1.999996078431372e-2, 1.9999725490196088e-2, 1.999996078431371e-2, 2.000045098039217e-2, 2.0000039215686286e-2, 2.0e-2, -1.9999803921568585e-2, -2.000041176470591e-2, 2.0000117647058786e-2, 0.0, 0.0, 0.0, -2.0e-2 ], [ -2.0e-2, 0.0, -2.0e-2, 0.0, 2.000019607843137e-2, 0.0, 2.0000196078431415e-2, 2.0000313725490226e-2, 2.0e-2, 2.0000000000000046e-2, 0.0, 2.0e-2, 1.999976470588235e-2, 0.0, 2.0000039215686286e-2, 1.999992156862745e-2, 1.999962745098039e-2, 0.0, 2.0000215686274508e-2, 2.0000392156862744e-2, 0.0, 2.0000196078431415e-2, 1.9999588235294092e-2, 2.0000156862745103e-2, 0.0, 0.0, 0.0, -2.0e-2 ], [ 0.0, 0.0, -2.0e-2, 0.0, 2.0000137254901972e-2, 2.0e-2, 2.0000196078431415e-2, 2.0000156862745058e-2, 2.0000156862745058e-2, 2.0000352941176473e-2, 7.84313725490196e-3, 2.0e-2, 1.999994117647059e-2, 0.0, 1.9999666666666697e-2, 2.0e-2, 2.0000196078431415e-2, 1.9999705882352937e-2, 2.0000313725490226e-2, 1.9999588235294134e-2, 2.000017647058818e-2, 2.000033333333335e-2, 2.0000313725490226e-2, 1.999980392156863e-2, 0.0, -2.0e-2, 0.0, -2.0e-2 ], [ 0.0, -2.0e-2, -2.0e-2, 0.0, 2.0000490196078427e-2, 2.0e-2, 1.999976470588238e-2, -1.9607843137254943e-2, 2.0000470588235283e-2, 2.0e-2, 0.0, 0.0, 2.0000176470588247e-2, -1.9999725490196046e-2, 0.0, 0.0, 2.0000254901960786e-2, 2.000045098039218e-2, 2.0000372549019606e-2, 1.999964705882355e-2, 2.0e-2, -1.4562235294117619e-2, 1.9999901960784314e-2, -1.9607843137254943e-2, 0.0, -2.0e-2, -2.0e-2, 0.0 ], [ 0.0, -2.0e-2, -2.0e-2, 0.0, 2.0000431372549e-2, 2.0e-2, 1.999962745098034e-2, -7.843137254901933e-3, 1.9999745098039257e-2, 2.000017647058818e-2, 1.9999627450980426e-2, 2.000047058823526e-2, 2.000027450980391e-2, 0.0, 2.0000294117647033e-2, -2.000031372549018e-2, 2.0e-2, 1.9999784313725507e-2, 1.9999980392156863e-2, 1.9999941176470606e-2, 2.0e-2, -1.9999529411764718e-2, 2.000033333333335e-2, 2.0e-2, 0.0, -2.0e-2, -2.0e-2, 0.0 ], [ 0.0, -2.0e-2, 0.0, 0.0, 1.999964705882355e-2, 0.0, 2.0000490196078406e-2, 0.0, 2.0000019607843124e-2, 2.0000490196078406e-2, 2.0e-2, 2.0e-2, 2.0000470588235283e-2, 1.9999921568627437e-2, 2.000017647058818e-2, 2.000017647058818e-2, 2.0000352941176473e-2, 1.9999725490196022e-2, 0.0, 2.0e-2, 2.0000431372549032e-2, 2.000017647058818e-2, 2.000033333333335e-2, 0.0, 1.1764705882352941e-2, 0.0, -2.0e-2, 0.0 ], [ -2.0e-2, -2.0e-2, -2.0e-2, 0.0, 1.9999588235294068e-2, 2.0e-2, 2.0000490196078406e-2, -2.000041176470591e-2, 1.9999921568627482e-2, 2.000017647058818e-2, 2.0000078431372494e-2, 2.0000372549019596e-2, 1.9999784313725507e-2, 2.000005882352937e-2, 1.9999784313725507e-2, 1.9999784313725507e-2, 1.999962745098034e-2, 1.9999647058823573e-2, -2.0000372549019662e-2, 2.0000235294117662e-2, -2.0000294117647057e-2, 2.0e-2, 2.0000196078431415e-2, 0.0, 1.9999901960784324e-2, 0.0, -2.0e-2, 0.0 ], [ -2.0e-2, -2.0e-2, -2.0e-2, 0.0, -2.0000313725490246e-2, 2.0e-2, 2.0000313725490226e-2, 1.9999666666666697e-2, 1.9999901960784338e-2, 2.0e-2, 2.0000490196078406e-2, 2.0000490196078406e-2, 1.999962745098034e-2, 2.0000196078431415e-2, 2.000005882352937e-2, 2.000005882352937e-2, 2.000005882352937e-2, 1.9999921568627437e-2, 1.9999607843137215e-2, 2.0000352941176473e-2, -1.9999921568627472e-2, 0.0, 2.0000196078431415e-2, 0.0, -1.9999725490196067e-2, -2.0e-2, -2.0e-2, 0.0 ], [ -2.0e-2, -2.0e-2, -2.0e-2, 0.0, -2.000007843137252e-2, 2.0000431372549032e-2, 2.0e-2, 1.9999725490196067e-2, -1.999976470588237e-2, 2.0e-2, 1.9999647058823573e-2, 1.9999921568627437e-2, 2.000005882352937e-2, 1.999962745098034e-2, 2.000005882352937e-2, 2.000005882352937e-2, 2.0000490196078406e-2, 1.999962745098034e-2, 2.0000039215686247e-2, 1.999976470588238e-2, -2.000019607843135e-2, 0.0, 1.999962745098034e-2, -2.000011764705881e-2, -1.9999588235294106e-2, -2.0e-2, -2.0e-2, 0.0 ], [ 0.0, -2.0e-2, -2.0e-2, 0.0, -1.9999980392156832e-2, 2.0000450980392156e-2, 2.0e-2, 1.999990196078436e-2, -2.0000450980392135e-2, 2.0e-2, 2.0000372549019596e-2, 2.0000490196078406e-2, 2.000005882352937e-2, 2.000005882352937e-2, -1.999994117647063e-2, 2.000005882352937e-2, 2.000005882352937e-2, 2.000005882352937e-2, 2.0000470588235283e-2, 1.9999862745098067e-2, 2.0000235294117628e-2, 2.0e-2, 2.0000196078431415e-2, -1.9999980392156877e-2, 1.9999784313725472e-2, -2.0e-2, -2.0e-2, -2.0e-2 ], [ 0.0, -2.0e-2, 0.0, 0.0, 1.9999725490196067e-2, 1.999988235294119e-2, 2.0e-2, 1.9999725490196112e-2, 2.0000450980392135e-2, 2.0e-2, 1.999980392156863e-2, 1.999962745098034e-2, 2.000005882352937e-2, 1.999962745098034e-2, -2.0000372549019662e-2, 1.999962745098034e-2, 2.000005882352937e-2, 1.999976470588238e-2, 2.0000490196078406e-2, 2.0e-2, 1.9999725490196088e-2, 2.0e-2, 1.9999901960784314e-2, 1.9999588235294092e-2, -2.00002745098039e-2, 0.0, -2.0e-2, 0.0 ], [ 0.0, -2.0e-2, 0.0, 0.0, 2.0000000000000046e-2, 2.000017647058818e-2, 2.0e-2, -1.999988235294117e-2, 2.000037254901964e-2, 2.0e-2, 2.0000078431372494e-2, 1.999962745098034e-2, 1.999962745098034e-2, 2.0000196078431415e-2, -2.0000372549019662e-2, 1.999962745098034e-2, 1.999962745098034e-2, 1.9999901960784314e-2, 2.000021568627454e-2, 0.0, 1.9999803921568627e-2, 2.0000078431372494e-2, 1.999988235294119e-2, 1.9999588235294092e-2, -2.0000450980392135e-2, 0.0, -2.0e-2, -2.0e-2 ], [ 0.0, -2.0e-2, 0.0, 0.0, 2.00004509803922e-2, 2.0000470588235283e-2, 2.0e-2, 1.9999980392156842e-2, 2.0000117647058852e-2, 2.0000156862745058e-2, 2.000021568627454e-2, 1.999962745098034e-2, 1.999962745098034e-2, 2.0000196078431415e-2, -2.0000372549019662e-2, 1.999976470588238e-2, 2.0000196078431415e-2, 1.999976470588238e-2, 1.999950980392153e-2, 0.0, 2.0000274509803934e-2, 2.0000431372548966e-2, 1.9999725490196022e-2, 2.0000313725490226e-2, -1.999976470588236e-2, -2.0e-2, 0.0, -2.0e-2 ], [ -2.0e-2, 0.0, 0.0, -2.0e-2, 2.0000176470588226e-2, 2.000017647058818e-2, 0.0, 1.9999823529411785e-2, 1.9999921568627437e-2, 2.0000470588235283e-2, 1.9999921568627437e-2, 1.999962745098034e-2, 1.999962745098034e-2, 2.0000196078431415e-2, 2.000005882352937e-2, 1.999976470588238e-2, 2.0000196078431415e-2, 1.999962745098034e-2, 2.000021568627454e-2, 0.0, 2.0000196078431395e-2, -1.9999764705882404e-2, 2.0000294117647102e-2, 1.9999745098039257e-2, 1.9999901960784293e-2, -2.0e-2, 0.0, 0.0 ], [ -2.0e-2, 0.0, 0.0, -2.0e-2, 2.0000470588235324e-2, 1.9999725490196022e-2, 2.0e-2, -2.0000431372549057e-2, -1.999966666666665e-2, 2.0000490196078406e-2, 2.0000196078431415e-2, 2.000005882352937e-2, 1.999962745098034e-2, 2.0000196078431415e-2, -2.0000372549019662e-2, 2.000033333333335e-2, -1.7162803921568586e-2, 1.999962745098034e-2, 1.9999921568627437e-2, 0.0, 2.0000392156862765e-2, -1.9999921568627472e-2, 2.0e-2, 2.000017647058818e-2, -2.0000254901960765e-2, -2.0e-2, 0.0, -2.0e-2 ], [ -2.0e-2, 0.0, 0.0, -2.0e-2, 2.0000058823529416e-2, 2.0000294117647102e-2, 2.0e-2, 2.0000235294117596e-2, -1.999954901960784e-2, -2.000007843137256e-2, 2.000005882352937e-2, 2.000005882352937e-2, 2.0000490196078406e-2, 2.0000490196078406e-2, -2.000007843137256e-2, 2.000005882352937e-2, 2.0000490196078406e-2, 2.000005882352937e-2, 2.0000490196078406e-2, -1.9999529411764718e-2, 1.999980392156863e-2, 1.9999784313725483e-2, 2.0e-2, 1.9999607843137215e-2, -2.0000137254901955e-2, -2.0e-2, 0.0, -2.0e-2 ], [ -2.0e-2, 0.0, 0.0, -2.0e-2, 2.0000215686274473e-2, -1.999982352941182e-2, 0.0, 2.000041176470589e-2, -1.999966666666665e-2, -1.9999960784313753e-2, 2.000033333333335e-2, -1.999966666666665e-2, 2.000033333333335e-2, 1.999976470588238e-2, -1.9999803921568585e-2, 1.999976470588238e-2, 1.999976470588238e-2, 2.0000470588235283e-2, 1.999976470588238e-2, -3.9215686274509665e-3, -1.999992156862746e-2, -2.0000431372549022e-2, 2.0e-2, 1.9999901960784314e-2, 2.0000274509803954e-2, -2.0e-2, 0.0, -2.0e-2 ], [ 0.0, 0.0, 0.0, 0.0, 1.999990196078436e-2, 2.0000470588235283e-2, -1.9607843137254943e-2, 2.0000254901960782e-2, 1.9999960784313688e-2, 2.0e-2, 2.000009803921573e-2, 2.0000235294117662e-2, 2.0000235294117662e-2, 2.0000235294117662e-2, -2.000019607843137e-2, 1.999980392156863e-2, 2.0000372549019596e-2, 2.0000235294117662e-2, 1.9999960784313688e-2, 0.0, -2.0000431372549057e-2, 2.000019607843137e-2, 2.0e-2, 2.0000196078431415e-2, 1.999990196078436e-2, 0.0, 0.0, 0.0 ], [ 0.0, 0.0, -2.0e-2, 0.0, -2.0000078431372584e-2, 2.0000313725490226e-2, 1.9999607843137215e-2, 1.9999647058823528e-2, 0.0, 0.0, 0.0, 0.0, 0.0, -2.0e-2, 0.0, 0.0, 0.0, 0.0, 0.0, -2.0e-2, -2.0e-2, 2.0000333333333332e-2, 1.9999607843137215e-2, 1.9999745098039257e-2, -2.000023529411764e-2, -2.0e-2, 0.0, 0.0 ], [ 0.0, 0.0, -2.0e-2, 0.0, -1.9999784313725493e-2, 2.0e-2, 1.9999588235294092e-2, 1.9999509803921567e-2, 0.0, 0.0, 0.0, -2.0e-2, 0.0, -2.0e-2, -2.0e-2, 0.0, -2.0e-2, -2.0e-2, -2.0e-2, 0.0, -2.0e-2, 2.0000176470588247e-2, 1.9999588235294092e-2, 2.0e-2, -2.0000058823529406e-2, -2.0e-2, 0.0, 0.0 ], [ -2.0e-2, 0.0, 0.0, 0.0, 1.999986274509805e-2, 1.999956862745101e-2, 2.000001960784317e-2, 2.0000254901960782e-2, 0.0, 1.568627450980392e-2, 3.92156862745098e-3, -1.999986274509804e-2, -1.999986274509804e-2, -1.999986274509804e-2, -1.999986274509804e-2, 7.84313725490196e-3, -1.999986274509804e-2, 7.84313725490196e-3, 7.84313725490196e-3, 1.1764705882352941e-2, -2.0e-2, 1.1764705882352941e-2, 1.9999941176470606e-2, 2.0000470588235324e-2, 2.0000098039215698e-2, 0.0, 0.0, 0.0 ] ]
  robust!2 [.......................................................] 0/9 queries
  robust!2 [======>................................................] 1/9 queries
  robust!2 [============>..........................................] 2/9 queries
  robust!2 [==================>....................................] 3/9 queries
  robust!2 [========================>..............................] 4/9 queries
    result: ✗ - Marabou found a counterexample
      perturbation: [ [ 0.0, 0.0, 0.0, -2.0e-2, -2.0e-2, 0.0, 0.0, -2.0e-2, -2.000043137254902e-2, -2.0e-2, 2.0000098039215698e-2, 1.9999647058823507e-2, 2.000035294117645e-2, 1.9999999999999976e-2, 1.9999529411764687e-2, 2.000035294117645e-2, 2.0000019607843103e-2, 2.0000176470588268e-2, 1.9999509803921574e-2, -2.0e-2, -2.0e-2, 0.0, 0.0, 0.0, 0.0, -2.0e-2, 0.0, 0.0 ], [ 0.0, 0.0, 0.0, 0.0, 0.0, 0.0, 0.0, 0.0, 7.84313725490196e-3, 0.0, 2.00004509803922e-2, 2.0e-2, 2.0e-2, 2.0e-2, 2.0000039215686247e-2, 1.9999725490196022e-2, 2.0e-2, 2.0000313725490226e-2, 0.0, 2.0000215686274504e-2, 0.0, 0.0, 0.0, 0.0, 0.0, 0.0, 0.0, 0.0 ], [ 0.0, 0.0, 0.0, 0.0, 0.0, 0.0, 0.0, 0.0, 0.0, 0.0, 2.000017647058818e-2, 1.999976470588238e-2, 2.000039215686272e-2, 1.9999647058823573e-2, 2.0000352941176473e-2, 2.0000235294117662e-2, 1.9999960784313688e-2, 1.9999529411764652e-2, 2.0e-2, -2.0000039215686282e-2, 0.0, 0.0, 0.0, -2.0e-2, 0.0, 0.0, 0.0, 0.0 ], [ 0.0, 0.0, 0.0, 0.0, 0.0, 0.0, 0.0, 0.0, 0.0, 0.0, 2.0e-2, 1.999962745098034e-2, 2.0000352941176473e-2, 2.0000490196078406e-2, 1.999950980392153e-2, 1.999994117647056e-2, 2.000021568627454e-2, 2.0000235294117662e-2, 2.0e-2, 2.0000450980392135e-2, 0.0, 0.0, 0.0, -2.0e-2, 0.0, 0.0, 0.0, 0.0 ], [ 0.0, 0.0, 0.0, 0.0, 0.0, 0.0, 0.0, 0.0, 0.0, 2.0000078431372546e-2, 2.0e-2, 1.9999784313725507e-2, 2.000021568627454e-2, 2.0000490196078406e-2, 2.000021568627454e-2, 1.999994117647056e-2, 2.0000078431372494e-2, 1.9999666666666697e-2, 2.0000039215686247e-2, 1.999996078431373e-2, 0.0, 0.0, 0.0, 0.0, 0.0, 0.0, 0.0, 0.0 ], [ 0.0, 0.0, 0.0, 0.0, 0.0, 0.0, 0.0, 0.0, 0.0, 2.0000098039215698e-2, 2.0e-2, 1.999994117647056e-2, 2.000005882352937e-2, 2.0000352941176473e-2, 1.999950980392153e-2, 2.0000078431372494e-2, 1.9999647058823573e-2, 2.0000372549019596e-2, 2.000005882352937e-2, 2.0000333333333283e-2, 0.0, 0.0, 0.0, 0.0, 0.0, 0.0, 0.0, -2.0e-2 ], [ 0.0, 0.0, 0.0, 0.0, 0.0, 0.0, 0.0, 0.0, 0.0, 1.9999823529411785e-2, 1.9999588235294092e-2, 2.000039215686272e-2, 1.999962745098034e-2, 2.000033333333335e-2, 2.0000313725490226e-2, 2.0000078431372494e-2, 2.0000078431372494e-2, 1.999994117647056e-2, 2.0000039215686247e-2, 2.000007843137254e-2, 0.0, 0.0, 0.0, 0.0, 0.0, 0.0, 0.0, 0.0 ], [ 0.0, 0.0, 0.0, 0.0, 0.0, 0.0, 0.0, 0.0, 0.0, 1.999996078431373e-2, 2.0000450980392156e-2, 2.0000078431372494e-2, 2.0000352941176473e-2, 2.0000156862745058e-2, 1.9999725490196067e-2, 2.0000019607843124e-2, 2.0000352941176473e-2, 2.0000372549019596e-2, 1.9999725490196022e-2, 1.9999588235294068e-2, 0.0, 0.0, 0.0, 0.0, 0.0, 0.0, 0.0, 0.0 ], [ 0.0, 0.0, 0.0, 0.0, 0.0, 0.0, 0.0, 0.0, 0.0, 2.000027450980391e-2, 1.9999607843137215e-2, 1.999994117647056e-2, 2.000017647058818e-2, 1.999994117647056e-2, 0.0, 2.0e-2, 2.0000490196078406e-2, 1.999950980392153e-2, 2.0e-2, 2.000035294117645e-2, 0.0, 0.0, 0.0, 0.0, 0.0, 0.0, 0.0, -2.0e-2 ], [ 0.0, 0.0, 0.0, 0.0, 0.0, 0.0, 0.0, 0.0, 0.0, 1.999980392156863e-2, 2.000033333333335e-2, 1.999980392156863e-2, 2.0e-2, 1.999954901960782e-2, 0.0, 2.0e-2, 2.0000196078431415e-2, 1.999980392156863e-2, 2.0e-2, 1.999976470588236e-2, 0.0, 0.0, 0.0, 0.0, 0.0, 0.0, 0.0, -2.0e-2 ], [ -2.0e-2, 0.0, 0.0, 0.0, 0.0, 0.0, 0.0, 0.0, 0.0, 2.0000313725490226e-2, 1.999962745098034e-2, 2.0000235294117662e-2, 2.0e-2, 1.9999941176470585e-2, 0.0, 2.0000019607843124e-2, 2.0000431372549032e-2, 2.000039215686272e-2, 2.0e-2, 2.0000450980392135e-2, 0.0, 0.0, 0.0, 0.0, -2.0e-2, 0.0, 0.0, 0.0 ], [ 0.0, 0.0, 0.0, 0.0, 0.0, 0.0, 0.0, 0.0, 0.0, 2.0e-2, 2.0000490196078406e-2, 1.999950980392153e-2, 2.0e-2, 1.9999980392156863e-2, 0.0, 1.9999607843137257e-2, 2.0000019607843124e-2, 2.000009803921573e-2, 2.0e-2, 1.999964705882355e-2, 0.0, 0.0, 0.0, 0.0, 0.0, 0.0, 0.0, 0.0 ], [ 0.0, 0.0, 0.0, 0.0, 0.0, 0.0, 0.0, 0.0, 0.0, 2.0e-2, 2.0000490196078406e-2, 2.0000352941176473e-2, 1.9999725490196022e-2, 0.0, 0.0, 2.0000411764705888e-2, 1.9999725490196022e-2, 1.9999666666666697e-2, 2.0e-2, 2.000011764705883e-2, 0.0, 0.0, 0.0, 0.0, 0.0, 0.0, 0.0, 0.0 ], [ 0.0, -2.0e-2, 0.0, 0.0, 0.0, 0.0, 0.0, 0.0, 0.0, 2.0e-2, 1.9999921568627437e-2, 2.0000196078431415e-2, 1.9999823529411754e-2, 0.0, 0.0, 2.0000490196078382e-2, 1.9999862745098067e-2, 2.000009803921573e-2, 2.0e-2, 2.000011764705883e-2, 0.0, 0.0, 0.0, 0.0, 0.0, 0.0, 0.0, 0.0 ], [ 0.0, -1.2217e-2, 0.0, 0.0, 0.0, 0.0, 0.0, 0.0, 0.0, 2.0e-2, 1.9999647058823573e-2, 2.000017647058818e-2, 1.9999803921568672e-2, 0.0, 0.0, 2.000041176470589e-2, 1.9999588235294092e-2, 2.0000235294117662e-2, 2.0e-2, 2.000011764705883e-2, 0.0, 0.0, 0.0, 0.0, 0.0, 0.0, 0.0, 0.0 ], [ 0.0, 0.0, 0.0, 0.0, 0.0, 0.0, 0.0, 0.0, 0.0, 2.0e-2, 1.9999784313725507e-2, 1.9999745098039257e-2, 2.0000039215686227e-2, 0.0, 0.0, 1.9999686274509803e-2, 2.0e-2, 2.0000078431372494e-2, 2.0e-2, 1.9999862745098032e-2, 0.0, 0.0, 0.0, 0.0, 0.0, 0.0, 0.0, 0.0 ], [ 0.0, 0.0, 0.0, 0.0, 0.0, 0.0, 0.0, 0.0, 0.0, 2.0000078431372494e-2, 1.999976470588238e-2, 1.9999607843137215e-2, 2.0000254901960765e-2, 0.0, 0.0, 2.000041176470588e-2, 2.0e-2, 1.9999784313725507e-2, 2.0e-2, 1.9999607843137236e-2, 0.0, 0.0, 0.0, 0.0, 0.0, 0.0, 0.0, 0.0 ], [ 0.0, 0.0, 0.0, 0.0, 0.0, 0.0, 0.0, 0.0, 0.0, 2.0000000000000046e-2, 1.9999901960784314e-2, 2.0000313725490226e-2, 1.9999862745098046e-2, 0.0, 0.0, 0.0, 2.0e-2, 2.0000078431372494e-2, 2.0e-2, 2.0000294117647067e-2, 0.0, 0.0, 0.0, 0.0, 0.0, 0.0, 0.0, 0.0 ], [ 0.0, 0.0, 0.0, 0.0, 0.0, 0.0, 0.0, 0.0, 0.0, 1.9999862745098046e-2, 2.0000313725490226e-2, 2.000033333333335e-2, 1.9999588235294134e-2, 0.0, 0.0, 0.0, 2.0e-2, 2.000005882352937e-2, 2.0e-2, 2.000031372549019e-2, 0.0, 0.0, 0.0, 0.0, 0.0, 0.0, 0.0, 0.0 ], [ 0.0, 0.0, 0.0, 0.0, 0.0, 0.0, 0.0, 0.0, 0.0, 1.9999607843137236e-2, 2.0000019607843124e-2, 2.0000490196078406e-2, 2.0000019607843124e-2, 0.0, 0.0, 0.0, 2.0000294117647102e-2, 1.999976470588238e-2, 2.0e-2, 2.0000176470588257e-2, 0.0, 0.0, 0.0, 0.0, 0.0, 0.0, 0.0, 0.0 ], [ -2.0e-2, 0.0, 0.0, 0.0, 0.0, 0.0, 0.0, 0.0, 0.0, 1.999962745098039e-2, 2.0000470588235283e-2, 2.000021568627454e-2, 1.999950980392153e-2, 0.0, 0.0, 0.0, 1.9999901960784314e-2, 2.000033333333335e-2, 2.0e-2, 2.000031372549019e-2, 0.0, 0.0, -2.0e-2, 0.0, 0.0, 0.0, 0.0, 0.0 ], [ -2.0e-2, 0.0, 0.0, 0.0, 0.0, 0.0, 0.0, 0.0, 0.0, 0.0, 1.999950980392153e-2, 2.0000490196078406e-2, 1.999976470588238e-2, 2.0000333333333332e-2, 0.0, 0.0, 2.000005882352937e-2, 2.000033333333335e-2, 2.0e-2, 2.0000019607843145e-2, 0.0, 0.0, 0.0, 0.0, 0.0, 0.0, 0.0, 0.0 ], [ 0.0, 0.0, 0.0, 0.0, 0.0, 0.0, 0.0, 0.0, 0.0, 0.0, 2.0000490196078406e-2, 2.0000196078431415e-2, 1.9999745098039257e-2, 1.9999666666666662e-2, 0.0, 0.0, 1.9999843137254877e-2, 2.0000039215686247e-2, 1.999976470588238e-2, 1.9999725490196102e-2, 0.0, 0.0, 0.0, 0.0, 0.0, 0.0, 0.0, 0.0 ], [ 0.0, 0.0, 0.0, 0.0, 0.0, 0.0, 0.0, 0.0, 3.92156862745098e-3, 0.0, 2.000043137254901e-2, 1.9999607843137215e-2, 2.0000313725490226e-2, 1.9999784313725483e-2, 0.0, 0.0, 1.9999588235294134e-2, 2.0000039215686247e-2, 2.000033333333335e-2, 2.0000058823529395e-2, 0.0, 0.0, 0.0, 0.0, 0.0, 0.0, -2.0e-2, 0.0 ], [ 0.0, 0.0, 0.0, 0.0, 0.0, 0.0, 0.0, 0.0, 7.84313725490196e-3, 0.0, 1.999950980392155e-2, 1.999988235294119e-2, 2.0000039215686247e-2, 1.999998039215681e-2, 0.0, 0.0, 1.9999862745098e-2, 2.0000470588235283e-2, 1.999976470588238e-2, 2.0000078431372574e-2, 0.0, 0.0, 0.0, 0.0, 0.0, 0.0, -2.0e-2, 0.0 ], [ 0.0, 0.0, 0.0, 0.0, 0.0, 0.0, 0.0, 0.0, 1.568627450980392e-2, 0.0, 0.0, 2.000021568627454e-2, 2.0000196078431415e-2, 1.9999843137254877e-2, 0.0, 0.0, 1.9999843137254922e-2, 2.0000450980392156e-2, 2.000033333333335e-2, 2.0000294117647067e-2, 0.0, 0.0, 0.0, 0.0, 0.0, 0.0, -2.0e-2, -2.0e-2 ], [ -2.0e-2, -2.0e-2, 0.0, 0.0, 0.0, 0.0, 0.0, 0.0, 3.92156862745098e-3, 0.0, 0.0, 2.0000156862745103e-2, 2.0e-2, 2.0000450980392156e-2, 1.999998039215686e-2, 0.0, 1.999954901960782e-2, 2.0e-2, 2.0000294117647102e-2, 1.9999666666666673e-2, 0.0, 0.0, 0.0, -2.0e-2, 0.0, 0.0, 0.0, 0.0 ], [ 0.0, -2.0e-2, -2.0e-2, -2.0e-2, -2.0e-2, 0.0, 0.0, 0.0, 0.0, -2.0e-2, 0.0, 1.9999725490196102e-2, 2.0000411764705888e-2, 2.0000372549019617e-2, 0.0, 0.0, 1.9999666666666662e-2, 2.000007843137254e-2, 2.000025490196083e-2, 1.999998039215686e-2, 0.0, 0.0, -2.0e-2, -2.0e-2, 0.0, 0.0, 0.0, 0.0 ] ]
  robust!3 [.......................................................] 0/9 queries
  robust!3 [======>................................................] 1/9 queries
  robust!3 [============>..........................................] 2/9 queries
  robust!3 [==================>....................................] 3/9 queries
    result: ✗ - Marabou found a counterexample
      perturbation: [ [ 0.0, 0.0, 0.0, 0.0, 0.0, 0.0, 0.0, 0.0, 0.0, 1.999994117647059e-2, -2.0000058823529406e-2, 2.0000411764705878e-2, 2.0000294117647067e-2, 2.0000294117647067e-2, 1.999976470588235e-2, 2.000019607843138e-2, 1.9999901960784338e-2, 2.000031372549019e-2, 1.999980392156865e-2, 2.000041176470588e-2, 0.0, 0.0, -2.0e-2, 0.0, -2.0e-2, 0.0, -2.0e-2, 0.0 ], [ 0.0, 0.0, 0.0, 0.0, 0.0, 0.0, 0.0, -2.0e-2, 0.0, 2.0000274509803944e-2, 2.0000019607843124e-2, 1.9999784313725507e-2, 1.999956862745101e-2, 1.9999901960784314e-2, 1.9999549019607887e-2, 1.9999941176470606e-2, 2.0000254901960786e-2, 1.9999705882352944e-2, 2.0000039215686227e-2, -2.0000117647058842e-2, -2.0e-2, -2.0e-2, 0.0, 0.0, -2.0e-2, 0.0, 0.0, 0.0 ], [ -2.0e-2, 0.0, 0.0, -2.0e-2, 0.0, 0.0, -2.0e-2, -2.0e-2, 0.0, 2.0000215686274518e-2, 1.9999823529411754e-2, 2.0000117647058852e-2, 1.999956862745101e-2, 1.999968627450982e-2, 1.999968627450982e-2, 1.999974509803919e-2, 2.000021568627454e-2, 2.0000294117647033e-2, 1.99998235294118e-2, 2.0000294117647067e-2, 0.0, -2.0e-2, -2.0e-2, 0.0, -2.0e-2, -2.0e-2, 0.0, 0.0 ], [ 0.0, 0.0, 0.0, 0.0, 0.0, -2.0e-2, 0.0, 0.0, 0.0, -1.9999980392156898e-2, 1.9999882352941124e-2, 2.000021568627454e-2, 1.9999549019607887e-2, 1.9999647058823573e-2, 2.0000254901960786e-2, 1.9999843137254877e-2, 1.9999784313725507e-2, 1.999968627450982e-2, 2.000025490196083e-2, 1.9999705882352937e-2, -2.0e-2, -2.0e-2, -2.0e-2, 0.0, 0.0, 0.0, 0.0, 0.0 ], [ 0.0, 0.0, 0.0, 0.0, 0.0, -2.0e-2, 0.0, 0.0, 0.0, 2.0000392156862754e-2, -2.000025490196081e-2, -1.9999921568627507e-2, 1.9999843137254877e-2, 2.000039215686272e-2, 1.9999843137254877e-2, 1.9999549019607887e-2, -1.999986274509802e-2, 2.0000372549019596e-2, 1.99998235294118e-2, 1.9999960784313726e-2, 0.0, -2.0e-2, 0.0, -2.0e-2, 0.0, 0.0, 0.0, 0.0 ], [ 0.0, 0.0, 0.0, 0.0, 0.0, 0.0, 0.0, 0.0, 0.0, 1.9999823529411785e-2, 2.0000156862745144e-2, 2.0000490196078448e-2, 2.0000058823529416e-2, 1.9999960784313688e-2, -2.0000490196078472e-2, 1.9999647058823573e-2, 2.0000039215686292e-2, 2.0000137254901976e-2, 2.0000490196078382e-2, 1.9999686274509803e-2, -2.0e-2, -2.0e-2, 0.0, -2.0e-2, 0.0, 0.0, 0.0, 0.0 ], [ 0.0, 0.0, 0.0, -2.0e-2, 0.0, 0.0, 0.0, 0.0, 0.0, 1.99996862745098e-2, 1.9999666666666673e-2, 2.0000274509803944e-2, 1.9999705882352923e-2, 2.0000470588235324e-2, 2.000027450980391e-2, 1.9999725490196022e-2, 1.99998235294118e-2, -1.9999960784313774e-2, 2.0000137254901955e-2, 2.0000098039215687e-2, 0.0, -2.0e-2, 0.0, -2.0e-2, -2.0e-2, 0.0, 0.0, 0.0 ], [ 0.0, 0.0, 0.0, 0.0, 0.0, 0.0, 0.0, 0.0, 0.0, 2.0000372549019617e-2, 2.000047058823526e-2, 2.0000352941176493e-2, 2.0000372549019617e-2, 1.9999588235294068e-2, 1.999988235294116e-2, 1.999988235294119e-2, 2.0000333333333325e-2, 2.0000411764705878e-2, 2.0000470588235304e-2, 3.1939803921568624e-3, 0.0, 0.0, -2.0e-2, 0.0, 0.0, 0.0, 0.0, -2.0e-2 ], [ -2.0e-2, 0.0, -2.0e-2, 0.0, 0.0, 0.0, 0.0, 0.0, 0.0, 2.0000058823529395e-2, 2.0000215686274518e-2, 2.000000000000002e-2, 2.0000333333333314e-2, 1.9999588235294068e-2, 2.000015686274508e-2, 1.9999862745098067e-2, 2.000047058823526e-2, 1.9999862745098032e-2, 2.000019607843138e-2, 1.9999529411764704e-2, 0.0, 0.0, -2.0e-2, 0.0, 0.0, 0.0, 0.0, -2.0e-2 ], [ 0.0, 0.0, 0.0, 0.0, 0.0, 0.0, 0.0, 0.0, 0.0, 1.999980392156865e-2, 1.9999901960784293e-2, 1.9999862745098032e-2, 2.000011764705883e-2, 1.9999862745098046e-2, 1.999986274509805e-2, 2.0000294117647102e-2, 1.9999588235294068e-2, 2.0000274509803944e-2, 1.9999901960784338e-2, 1.9999686274509803e-2, 0.0, 0.0, 0.0, 0.0, 0.0, 0.0, 0.0, -2.0e-2 ], [ 0.0, 0.0, -2.0e-2, 0.0, 0.0, 0.0, 0.0, 0.0, 0.0, 1.9999686274509813e-2, 1.999976470588236e-2, 2.0000039215686268e-2, 1.9999862745098032e-2, -1.9999960784313774e-2, -2.0e-2, 2.0000294117647102e-2, 1.999970588235299e-2, 2.000015686274508e-2, 1.999992156862746e-2, 1.96078431372549e-2, 0.0, 0.0, 0.0, 0.0, 0.0, 0.0, 0.0, -2.0e-2 ], [ 0.0, 0.0, 0.0, 0.0, 0.0, 0.0, 0.0, -2.0e-2, 0.0, 1.999998039215686e-2, 1.9999921568627416e-2, -1.9999529411764697e-2, 2.0000294117647067e-2, 2.0000215686274518e-2, 0.0, 1.9999745098039257e-2, 2.0000117647058786e-2, 1.9999901960784338e-2, 1.999964705882354e-2, 7.84313725490196e-3, 0.0, 0.0, 0.0, 0.0, 0.0, 0.0, 0.0, -2.0e-2 ], [ 0.0, 0.0, 0.0, 0.0, 0.0, 0.0, 0.0, -2.0e-2, 0.0, -2.0000392156862747e-2, -1.999964705882355e-2, -2.0000392156862765e-2, 1.9999705882352923e-2, 1.9999666666666673e-2, -2.0e-2, 2.0000352941176473e-2, 1.9999686274509754e-2, 2.0000352941176493e-2, 1.999986274509805e-2, 0.0, 0.0, 0.0, 0.0, -2.0e-2, 0.0, 0.0, 0.0, -2.0e-2 ], [ 0.0, -2.0e-2, 0.0, 0.0, 0.0, 0.0, 0.0, -2.0e-2, -2.0e-2, -1.9999607843137257e-2, -2.000023529411764e-2, 2.0000176470588257e-2, 2.0000392156862754e-2, 1.9999509803921563e-2, 0.0, 1.999962745098034e-2, 2.000043137254901e-2, 2.000039215686274e-2, 2.000000000000001e-2, 0.0, 0.0, -2.0e-2, 0.0, -2.0e-2, 0.0, 0.0, 0.0, 0.0 ], [ -2.0e-2, -2.0e-2, 0.0, 0.0, 0.0, -2.0e-2, -2.0e-2, -2.0e-2, 0.0, 1.1764705882352941e-2, 2.000007843137253e-2, 2.0000352941176493e-2, 1.9999529411764687e-2, 1.9999745098039236e-2, 0.0, 2.0000372549019596e-2, 2.0000411764705888e-2, 2.000041176470589e-2, 2.000019607843137e-2, 0.0, -2.0e-2, -2.0e-2, -2.0e-2, -2.0e-2, 0.0, 0.0, 0.0, 0.0 ], [ -2.0e-2, 0.0, 0.0, 0.0, -2.0e-2, -2.0e-2, -2.0e-2, 0.0, 0.0, 0.0, -2.0000176470588212e-2, 2.0000490196078427e-2, 1.9999803921568606e-2, 1.9999803921568606e-2, 0.0, 2.0000333333333283e-2, 1.9999529411764697e-2, 2.0000254901960782e-2, 1.9999745098039215e-2, 0.0, -2.0e-2, 0.0, -2.0e-2, -2.0e-2, -2.0e-2, -2.0e-2, -2.0e-2, 0.0 ], [ 0.0, 0.0, 0.0, 0.0, 0.0, -2.0e-2, 0.0, 0.0, 0.0, 0.0, -1.9999901960784293e-2, 1.9999725490196102e-2, 2.000007843137253e-2, 2.0000411764705878e-2, 0.0, 2.0000450980392135e-2, 2.000037254901964e-2, 2.0000215686274504e-2, 2.0000137254901972e-2, 0.0, 0.0, 0.0, 0.0, -2.0e-2, 0.0, -2.0e-2, -2.0e-2, 0.0 ], [ 0.0, 0.0, 0.0, 0.0, 0.0, 0.0, 0.0, -2.0e-2, 0.0, 0.0, -2.0000098039215708e-2, -1.9999941176470606e-2, 2.0000235294117596e-2, 1.9999666666666662e-2, -2.0e-2, 2.0000019607843145e-2, 2.0000156862745103e-2, 1.999986274509805e-2, 2.000000000000001e-2, 0.0, 0.0, 0.0, 0.0, 0.0, 0.0, 0.0, 0.0, 0.0 ], [ 0.0, 0.0, 0.0, 0.0, 0.0, 0.0, 0.0, 0.0, 0.0, 0.0, 1.9999725490196067e-2, 1.9999803921568672e-2, 2.0000313725490226e-2, 1.999954901960784e-2, -2.0e-2, 2.000000000000001e-2, 2.000039215686272e-2, 1.999970588235299e-2, -2.0000450980392135e-2, 0.0, 0.0, 0.0, 0.0, 0.0, 0.0, 0.0, 0.0, -2.0e-2 ], [ -2.0e-2, -2.0e-2, 0.0, 0.0, 0.0, 0.0, 0.0, 0.0, 0.0, 3.92156862745098e-3, 2.0000431372548966e-2, -2.0000156862745123e-2, 1.9999843137254877e-2, 0.0, -2.0e-2, 1.9999725490196088e-2, 1.9999921568627437e-2, 1.999998039215681e-2, 1.999954901960782e-2, -2.0e-2, 0.0, 0.0, 0.0, 0.0, 0.0, 0.0, 0.0, -2.0e-2 ], [ -2.0e-2, 0.0, 0.0, 0.0, 0.0, 0.0, 0.0, 0.0, 0.0, 0.0, 1.9999843137254877e-2, 1.9999960784313688e-2, 1.999998039215681e-2, 0.0, -2.0e-2, 2.0000137254901972e-2, 2.0000196078431415e-2, 1.999950980392153e-2, 1.99998235294118e-2, -2.0e-2, 0.0, 0.0, 0.0, 0.0, 0.0, 0.0, 0.0, 0.0 ], [ -2.0e-2, 0.0, 0.0, 0.0, 0.0, 0.0, 0.0, 0.0, 0.0, 0.0, 2.0000431372548966e-2, 1.999980392156863e-2, 1.9999705882352944e-2, 0.0, -2.0e-2, 2.0000294117647057e-2, -1.9999509803921595e-2, -1.9999647058823528e-2, 2.0000176470588268e-2, 0.0, 0.0, 0.0, 0.0, 0.0, 0.0, 0.0, 0.0, 0.0 ], [ -2.0e-2, 0.0, 0.0, 0.0, 0.0, 0.0, 0.0, 0.0, 0.0, 0.0, 2.0000313725490156e-2, 2.0000352941176473e-2, 2.0000156862745103e-2, 0.0, -2.0e-2, 1.9999882352941173e-2, -1.999994117647063e-2, -1.9999509803921595e-2, 2.0000333333333325e-2, 0.0, 0.0, 0.0, 0.0, 0.0, 0.0, 0.0, 0.0, 0.0 ], [ -2.0e-2, 0.0, 0.0, 0.0, 0.0, 0.0, 0.0, 0.0, 0.0, 0.0, 1.9999960784313688e-2, 2.000005882352937e-2, 2.0000294117647033e-2, -2.0e-2, -2.0e-2, 2.000005882352941e-2, 5.616921568627438e-3, -2.0000372549019662e-2, 2.0000215686274518e-2, 0.0, 0.0, 0.0, 0.0, 0.0, 0.0, 0.0, 0.0, 0.0 ], [ 0.0, 0.0, 0.0, 0.0, 0.0, 0.0, -2.0e-2, 0.0, 0.0, 0.0, 1.9999882352941124e-2, 2.0000470588235283e-2, 2.000001960784317e-2, 0.0, -2.0e-2, 2.0000392156862744e-2, 2.000021568627454e-2, -2.0000098039215687e-2, 1.9999705882352923e-2, 0.0, 0.0, 0.0, 0.0, 0.0, 0.0, 0.0, 0.0, 0.0 ], [ 0.0, 0.0, 0.0, 0.0, 0.0, 0.0, 0.0, 0.0, 0.0, 0.0, 2.0000372549019627e-2, 2.0000450980392156e-2, 1.9999882352941124e-2, 0.0, 0.0, 0.0, 2.0000254901960786e-2, -2.0000235294117617e-2, 2.0000078431372574e-2, 0.0, 0.0, 0.0, 0.0, 0.0, 0.0, 0.0, 0.0, 0.0 ], [ -2.0e-2, -2.0e-2, 0.0, 0.0, 0.0, 0.0, 0.0, 0.0, 0.0, 0.0, 1.9999823529411785e-2, 2.0e-2, 2.0000176470588226e-2, 0.0, 0.0, 0.0, 2.0000372549019596e-2, 2.0000019607843124e-2, 2.0000156862745096e-2, 0.0, 0.0, 0.0, 0.0, 0.0, 0.0, 0.0, 0.0, 0.0 ], [ -2.0e-2, 0.0, -2.0e-2, 0.0, 0.0, 0.0, 0.0, 0.0, 0.0, 0.0, 2.0000372549019606e-2, 1.9999941176470606e-2, 2.0000431372549e-2, 0.0, 0.0, 0.0, -1.9999980392156898e-2, 1.5150196078431016e-3, 3.92156862745098e-3, -2.0e-2, -2.0e-2, 0.0, 0.0, 0.0, 0.0, 0.0, 0.0, 0.0 ] ]
  robust!4 [.......................................................] 0/9 queries
  robust!4 [======>................................................] 1/9 queries
  robust!4 [============>..........................................] 2/9 queries
  robust!4 [==================>....................................] 3/9 queries
  robust!4 [========================>..............................] 4/9 queries
  robust!4 [==============================>........................] 5/9 queries
  robust!4 [====================================>..................] 6/9 queries
  robust!4 [==========================================>............] 7/9 queries
  robust!4 [================================================>......] 8/9 queries
  robust!4 [=======================================================] 9/9 queries
  robust!5 [.......................................................] 0/9 queries
  robust!5 [======>................................................] 1/9 queries
  robust!5 [============>..........................................] 2/9 queries
  robust!5 [==================>....................................] 3/9 queries
  robust!5 [========================>..............................] 4/9 queries
    result: 🗸 - Marabou proved no counterexample exists

    result: ✗ - Marabou found a counterexample
      perturbation: [ [ 0.0, 0.0, 0.0, 0.0, -2.0e-2, 0.0, 0.0, -2.0e-2, -2.0e-2, 0.0, 2.0000176470588226e-2, 1.999990196078436e-2, 1.9999921568627482e-2, 2.0000470588235324e-2, 2.0000274509803954e-2, 1.99998235294118e-2, 1.999990196078436e-2, 2.000007843137254e-2, 1.9999784313725438e-2, 1.9999921568627482e-2, -2.0e-2, 0.0, 0.0, 0.0, 0.0, 0.0, 0.0, 0.0 ], [ 0.0, 0.0, 0.0, 0.0, 0.0, 0.0, 0.0, 0.0, 0.0, 1.9999960784313726e-2, 1.999962745098034e-2, 2.0000117647058852e-2, 2.0000117647058852e-2, 1.999980392156863e-2, 1.999994117647056e-2, 2.000039215686272e-2, 1.999968627450982e-2, 2.0000000000000046e-2, 1.999998039215681e-2, 2.0000470588235324e-2, 0.0, 0.0, 0.0, 0.0, 0.0, -2.0e-2, 0.0, 0.0 ], [ 0.0, 0.0, 0.0, 0.0, 0.0, 0.0, 0.0, 0.0, 0.0, 1.9999509803921567e-2, 2.000005882352937e-2, 2.000039215686272e-2, 1.999998039215681e-2, 2.000039215686272e-2, 1.9999725490196067e-2, 2.0000431372548966e-2, 2.000039215686272e-2, 2.0000431372548966e-2, 1.9999784313725438e-2, 1.999966666666663e-2, 0.0, 0.0, 0.0, 0.0, 0.0, 0.0, 0.0, 0.0 ], [ 0.0, 0.0, 0.0, 0.0, -2.0e-2, 0.0, 0.0, 0.0, 0.0, 1.9999705882352923e-2, 2.0000294117647102e-2, 1.999956862745101e-2, 1.9999843137254877e-2, 1.9999529411764652e-2, 1.999974509803919e-2, 1.9999882352941124e-2, 1.9999549019607887e-2, 1.9999705882352944e-2, 2.0000313725490156e-2, 2.0000000000000046e-2, 2.000000000000001e-2, 0.0, 0.0, -2.0e-2, 0.0, 0.0, 0.0, 0.0 ], [ 0.0, 0.0, 0.0, 0.0, 0.0, 0.0, 0.0, 0.0, 0.0, 2.0000000000000046e-2, 1.9999647058823573e-2, 1.999962745098038e-2, 2.0000137254901976e-2, 2.0000254901960786e-2, 1.9999666666666697e-2, 1.9999549019607887e-2, 1.9999843137254877e-2, 2.0000156862745103e-2, 2.0000039215686292e-2, 2.0000078431372494e-2, 1.9999705882352923e-2, 0.0, 0.0, 0.0, 0.0, 0.0, 0.0, 0.0 ], [ 0.0, 0.0, 0.0, 0.0, -2.0e-2, 0.0, 0.0, 0.0, 0.0, 1.9999745098039257e-2, 2.0000176470588226e-2, 1.999974509803919e-2, 1.9999549019607887e-2, 2.000039215686272e-2, 2.0000411764705843e-2, 1.9999823529411754e-2, 1.9999823529411754e-2, 2.0000313725490156e-2, 1.9999509803921574e-2, 1.999994117647056e-2, 2.0000490196078382e-2, 0.0, 0.0, 0.0, -2.0e-2, 0.0, 0.0, 0.0 ], [ 0.0, 0.0, 0.0, 0.0, -2.0e-2, 0.0, 0.0, 0.0, 2.0000215686274508e-2, 2.0000450980392156e-2, 1.999966666666663e-2, 2.0000176470588226e-2, 2.0000411764705843e-2, 1.999998039215681e-2, 1.9999901960784314e-2, 2.0000352941176473e-2, 1.9999529411764652e-2, 2.0000156862745103e-2, 1.9999784313725438e-2, 2.000039215686272e-2, 1.9999509803921563e-2, 0.0, 0.0, 0.0, 0.0, 0.0, 0.0, 0.0 ], [ 0.0, 0.0, 0.0, 0.0, 0.0, 0.0, 0.0, 0.0, 1.999986274509805e-2, 2.0000196078431415e-2, 1.999966666666663e-2, 1.999974509803919e-2, 2.0000294117647033e-2, 2.000009803921573e-2, 2.0000333333333283e-2, 2.0000352941176473e-2, 1.9999784313725507e-2, 2.0000137254901976e-2, 1.9999921568627482e-2, 2.0000117647058852e-2, 1.999996078431372e-2, 0.0, 0.0, 0.0, 0.0, 0.0, 0.0, 0.0 ], [ 0.0, 0.0, 0.0, 0.0, 0.0, 0.0, 0.0, 0.0, 2.0000470588235304e-2, 1.9999921568627437e-2, 2.0000411764705888e-2, 1.999974509803919e-2, 1.9999725490196067e-2, 2.0000313725490226e-2, 0.0, 1.9999705882352944e-2, 2.0000313725490226e-2, 1.9999725490196067e-2, 2.000007843137254e-2, 2.0000411764705843e-2, 1.9999980392156842e-2, 0.0, 0.0, 0.0, 0.0, 0.0, 0.0, 0.0 ], [ 0.0, 0.0, 0.0, 0.0, 0.0, 0.0, 0.0, 0.0, 2.0000215686274518e-2, 1.9999666666666697e-2, 1.999966666666663e-2, 2.0000470588235324e-2, 1.9999823529411754e-2, 1.999994117647056e-2, 0.0, 1.9999862745098046e-2, 2.0000431372549032e-2, 1.9999588235294134e-2, 2.0000058823529416e-2, 1.9999843137254877e-2, 1.999956862745099e-2, 0.0, 0.0, 0.0, 0.0, 0.0, 0.0, 0.0 ], [ 0.0, 0.0, 0.0, 0.0, 0.0, 0.0, 0.0, 0.0, 1.9999686274509754e-2, 2.0000137254901976e-2, 2.000007843137254e-2, 2.000019607843135e-2, 1.9999607843137215e-2, 2.0000019607843103e-2, 0.0, 2.0000137254901972e-2, 2.0e-2, 2.0000294117647033e-2, 2.0000058823529416e-2, 1.999956862745101e-2, 1.9999862745098032e-2, 0.0, 0.0, 0.0, -2.0e-2, 0.0, 0.0, 0.0 ], [ 0.0, 0.0, 0.0, 0.0, 0.0, 0.0, 0.0, 0.0, 1.9999647058823507e-2, 2.000001960784317e-2, 1.9999509803921574e-2, 2.0000470588235324e-2, 2.0000450980392156e-2, 2.0000333333333332e-2, 0.0, 0.0, 1.9999862745098067e-2, 2.0000431372548966e-2, 2.0000352941176518e-2, 2.0000156862745103e-2, 2.000015686274508e-2, 0.0, 0.0, 0.0, 0.0, 0.0, 0.0, 0.0 ], [ 0.0, 0.0, 0.0, 0.0, 0.0, 0.0, 0.0, 0.0, 1.9999803921568672e-2, 1.9999764705882314e-2, 1.9999941176470606e-2, 2.0000156862745103e-2, 1.999980392156863e-2, 0.0, 0.0, 0.0, 2.000005882352937e-2, 2.0000000000000046e-2, 2.0000117647058786e-2, 2.0000156862745103e-2, 2.0000274509803944e-2, 0.0, 0.0, 0.0, 0.0, 0.0, 0.0, 0.0 ], [ 0.0, 0.0, 0.0, 0.0, 0.0, 0.0, 0.0, 0.0, 1.9999568627450944e-2, 1.9999647058823507e-2, 1.9999941176470606e-2, 1.999998039215681e-2, 1.9999862745098046e-2, 0.0, 0.0, 0.0, 2.0000411764705843e-2, 1.9999862745098e-2, 2.0000176470588268e-2, 2.0000352941176518e-2, 2.0000411764705878e-2, 0.0, 0.0, 0.0, 0.0, 0.0, 0.0, 0.0 ], [ 0.0, 0.0, 0.0, 0.0, 0.0, 0.0, 0.0, 0.0, 2.0000176470588268e-2, 2.0000235294117596e-2, 1.9999509803921574e-2, 1.999988235294119e-2, 1.999980392156865e-2, 0.0, 7.84313725490196e-3, 0.0, 1.9999647058823507e-2, 2.0000000000000046e-2, 1.9999803921568606e-2, 2.0000450980392135e-2, 2.0000333333333325e-2, 0.0, 0.0, 0.0, 0.0, 0.0, 0.0, 0.0 ], [ 0.0, 0.0, 0.0, 0.0, 0.0, 0.0, 0.0, 0.0, 1.999976470588236e-2, 1.9999784313725438e-2, 1.9999607843137257e-2, 2.0000019607843124e-2, 1.999992156862745e-2, 0.0, 1.96078431372549e-2, 0.0, 2.0000196078431395e-2, 2.0000411764705843e-2, 1.999984313725491e-2, 1.9999745098039236e-2, 1.9999666666666673e-2, 0.0, 0.0, 0.0, 0.0, 0.0, 0.0, 0.0 ], [ 0.0, 0.0, 0.0, 0.0, 0.0, 0.0, 0.0, 0.0, 2.0000176470588257e-2, 2.0000470588235324e-2, 1.9999588235294134e-2, 1.999998039215681e-2, 1.568627450980392e-2, 0.0, 1.1764705882352941e-2, 0.0, 1.9999549019607855e-2, 1.9999745098039257e-2, 2.0000098039215708e-2, 1.99998235294118e-2, 1.9999941176470595e-2, 0.0, 0.0, 0.0, 0.0, 0.0, 0.0, 0.0 ], [ 0.0, 0.0, 0.0, 0.0, 0.0, 0.0, 0.0, 0.0, 1.1764705882352941e-2, 2.0000333333333283e-2, 1.9999882352941124e-2, 1.999994117647056e-2, 1.999980392156865e-2, 0.0, 1.568627450980392e-2, 0.0, 2.0000372549019606e-2, 2.0000254901960786e-2, 1.999996078431372e-2, 1.999996078431373e-2, 1.9999901960784293e-2, 0.0, 0.0, 0.0, 0.0, 0.0, 0.0, 0.0 ], [ 0.0, 0.0, 0.0, 0.0, 0.0, 0.0, 0.0, 0.0, 0.0, 2.0000490196078448e-2, 2.0000156862745103e-2, 1.9999666666666697e-2, 1.9999686274509754e-2, 0.0, 0.0, 0.0, 0.0, 2.000033333333335e-2, 1.9999588235294068e-2, 1.9999784313725438e-2, 2.000035294117645e-2, 0.0, 0.0, 0.0, 0.0, 0.0, 0.0, 0.0 ], [ 0.0, 0.0, 0.0, 0.0, 0.0, 0.0, 0.0, 0.0, 0.0, 2.0000313725490156e-2, 2.000027450980391e-2, 2.0000117647058852e-2, 2.000039215686272e-2, 0.0, 0.0, 0.0, 0.0, 1.999988235294119e-2, 2.000001960784317e-2, 2.0000431372548966e-2, 2.000047058823526e-2, 0.0, 0.0, 0.0, 0.0, 0.0, 0.0, 0.0 ], [ 0.0, 0.0, 0.0, 0.0, 0.0, 0.0, 0.0, 0.0, 0.0, 1.999976470588236e-2, 1.999994117647056e-2, 2.0000137254901976e-2, 2.0000294117647033e-2, 0.0, 0.0, 0.0, 0.0, 2.0000254901960786e-2, 2.0000254901960786e-2, 1.9999666666666697e-2, 1.9999607843137302e-2, 0.0, 0.0, 0.0, 0.0, 0.0, 0.0, 0.0 ], [ 0.0, 0.0, 0.0, 0.0, 0.0, 0.0, 0.0, 0.0, 0.0, 2.000035294117647e-2, 1.9999529411764652e-2, 2.0000000000000046e-2, 2.000039215686272e-2, 2.0000333333333332e-2, 0.0, 0.0, 0.0, 1.9999862745098e-2, 2.0000254901960786e-2, 2.0000372549019596e-2, 1.9999941176470595e-2, 0.0, 0.0, 0.0, 0.0, 0.0, 0.0, 0.0 ], [ 0.0, 0.0, 0.0, 0.0, 0.0, 0.0, 0.0, 0.0, 0.0, 0.0, 2.0000431372548966e-2, 1.999968627450982e-2, 1.999980392156863e-2, 2.0000039215686268e-2, 0.0, 0.0, 0.0, 2.00004509803922e-2, 1.9999529411764652e-2, 1.9999784313725507e-2, 1.9999921568627416e-2, 0.0, 0.0, 0.0, 0.0, 0.0, 0.0, 0.0 ], [ 0.0, 0.0, 0.0, -2.0e-2, 0.0, 0.0, 0.0, 0.0, 3.92156862745098e-3, 0.0, 1.9999627450980426e-2, 2.000039215686272e-2, 2.000039215686272e-2, 1.999996078431373e-2, 0.0, 0.0, 0.0, 1.999962745098038e-2, 1.9999666666666697e-2, 1.9999921568627437e-2, 2.000005882352946e-2, 0.0, 0.0, 0.0, 0.0, 0.0, -2.0e-2, 0.0 ], [ 0.0, 0.0, -2.0e-2, 0.0, 0.0, 0.0, 0.0, 0.0, 1.1764705882352941e-2, 0.0, 1.9999549019607855e-2, 1.9999960784313688e-2, 1.9999843137254877e-2, 1.9999882352941124e-2, 0.0, 0.0, 0.0, 2.0000098039215663e-2, 1.9999647058823573e-2, 1.999968627450982e-2, 2.0000294117647078e-2, 0.0, 0.0, 0.0, 0.0, 0.0, 0.0, 0.0 ], [ 0.0, 0.0, 0.0, -2.0e-2, 0.0, 0.0, 0.0, 0.0, 3.92156862745098e-3, 0.0, 0.0, 1.9999607843137257e-2, 2.0000137254901976e-2, 1.9999529411764652e-2, 1.9999725490196088e-2, 0.0, 0.0, 2.000013725490191e-2, 1.999976470588238e-2, 1.999980392156863e-2, 1.9999627450980426e-2, 0.0, 0.0, 0.0, 0.0, 0.0, 0.0, -2.0e-2 ], [ 0.0, 0.0, 0.0, -2.0e-2, 0.0, 0.0, 0.0, 0.0, 0.0, 0.0, 0.0, 1.999954901960782e-2, 2.000033333333335e-2, 2.000005882352937e-2, 1.999996078431372e-2, 0.0, 0.0, 1.9999529411764697e-2, 1.999988235294119e-2, 1.999976470588238e-2, 1.999970588235299e-2, 0.0, 0.0, -2.0e-2, -2.0e-2, 0.0, 0.0, 0.0 ], [ 0.0, 0.0, -2.0e-2, -2.0e-2, 0.0, 0.0, 0.0, 0.0, 0.0, -2.0e-2, 0.0, 1.9999607843137254e-2, 1.9999901960784293e-2, 2.000005882352946e-2, 2.0000137254901972e-2, 0.0, 0.0, 2.0000058823529395e-2, -1.9999549019607866e-2, 2.000035294117645e-2, 2.0000254901960782e-2, 0.0, -2.0e-2, -2.0e-2, -2.0e-2, 0.0, 0.0, 0.0 ] ]
  robust!6 [.......................................................] 0/9 queries
  robust!6 [======>................................................] 1/9 queries
  robust!6 [============>..........................................] 2/9 queries
  robust!6 [==================>....................................] 3/9 queries
  robust!6 [========================>..............................] 4/9 queries
  robust!6 [==============================>........................] 5/9 queries
  robust!6 [====================================>..................] 6/9 queries
  robust!6 [==========================================>............] 7/9 queries
  robust!6 [================================================>......] 8/9 queries
  robust!6 [=======================================================] 9/9 queries
  robust!7 [.......................................................] 0/9 queries
  robust!7 [======>................................................] 1/9 queries
  robust!7 [============>..........................................] 2/9 queries
  robust!7 [==================>....................................] 3/9 queries
  robust!7 [========================>..............................] 4/9 queries
  robust!7 [==============================>........................] 5/9 queries
    result: 🗸 - Marabou proved no counterexample exists

    result: ✗ - Marabou found a counterexample
      perturbation: [ [ 0.0, 0.0, -2.0e-2, 0.0, -2.0e-2, -2.0e-2, 0.0, -2.0e-2, -1.999986274509804e-2, -2.000029411764706e-2, -2.0e-2, -2.0e-2, 2.000045098039218e-2, 1.9999862745098046e-2, -1.9999862745098088e-2, 2.000047058823526e-2, -2.00002745098039e-2, -2.0e-2, 0.0, -2.000043137254902e-2, 0.0, 0.0, 0.0, 3.92156862745098e-3, 0.0, -2.0e-2, 0.0, 0.0 ], [ 0.0, -2.0e-2, -2.0e-2, 0.0, 0.0, -2.0e-2, 0.0, 0.0, 0.0, -2.0e-2, -2.0e-2, -1.9999843137254905e-2, 2.0e-2, 2.000001960784317e-2, -1.99995490196078e-2, 1.9999607843137257e-2, 1.9999725490196022e-2, -2.000029411764706e-2, 0.0, 0.0, 3.92156862745098e-3, 0.0, 0.0, 0.0, 0.0, 0.0, 0.0, 0.0 ], [ 0.0, 0.0, 0.0, 0.0, 0.0, 0.0, 0.0, 0.0, 0.0, 1.9999745098039215e-2, 1.9999823529411775e-2, 2.000031372549021e-2, 1.9999705882352937e-2, 2.0000058823529416e-2, 2.000001960784317e-2, 1.9999921568627482e-2, 2.0000019607843145e-2, 1.999996078431371e-2, 2.000007843137253e-2, 2.000041176470588e-2, -2.0e-2, 0.0, 0.0, 0.0, 0.0, 0.0, 0.0, 0.0 ], [ 0.0, 0.0, 0.0, 0.0, 0.0, 0.0, 0.0, 2.000000000000001e-2, 2.0000490196078382e-2, 1.999970588235299e-2, 1.9999725490196102e-2, -2.000007843137254e-2, 1.9999686274509813e-2, 1.999988235294117e-2, 2.0000392156862765e-2, 1.999970588235299e-2, 2.0000294117647057e-2, 1.9999705882352937e-2, 2.000011764705883e-2, 1.9999509803921563e-2, 1.9999686274509813e-2, 2.0000372549019606e-2, 0.0, 0.0, 0.0, 0.0, 0.0, 0.0 ], [ 0.0, 0.0, 0.0, 0.0, 0.0, 0.0, 1.9999901960784293e-2, 1.999980392156865e-2, 2.000011764705883e-2, 1.9999745098039225e-2, 2.0000294117647057e-2, 2.0000490196078427e-2, -2.0000431372549057e-2, 1.999956862745099e-2, 2.0000274509803944e-2, 2.0000254901960765e-2, 1.999964705882355e-2, 2.0000274509803934e-2, -1.7576196078431347e-2, 1.999964705882355e-2, 2.000035294117645e-2, 1.9999529411764687e-2, 2.0000039215686286e-2, 0.0, 0.0, 0.0, 0.0, 0.0 ], [ 0.0, 0.0, 0.0, 0.0, 0.0, 1.999958823529413e-2, 2.0000254901960786e-2, 0.0, 1.9999607843137254e-2, 2.0000333333333332e-2, 0.0, 2.0000098039215687e-2, -1.9999843137254922e-2, 0.0, 2.0000333333333332e-2, 2.000045098039217e-2, 1.9999745098039225e-2, 0.0, 1.9999686274509803e-2, 2.0000019607843134e-2, 1.9999666666666666e-2, 1.999996078431371e-2, 1.9999862745098046e-2, 0.0, 0.0, 0.0, 0.0, -2.0e-2 ], [ 0.0, 0.0, 0.0, 0.0, 0.0, 1.9999588235294113e-2, 1.999962745098039e-2, 1.9999725490196102e-2, 1.9999647058823507e-2, 2.0000274509803954e-2, 1.9999529411764687e-2, 1.999970588235299e-2, 2.000005882352937e-2, 2.000011764705883e-2, 2.00003137254902e-2, 1.99998235294118e-2, 2.0000431372548966e-2, 2.0000235294117628e-2, 1.999984313725491e-2, 1.9999745098039236e-2, 1.9999941176470595e-2, 1.9999627450980415e-2, 2.0000215686274504e-2, 0.0, 0.0, 0.0, 0.0, 0.0 ], [ 0.0, 0.0, 0.0, 0.0, -2.0e-2, 2.0000117647058786e-2, 1.9999823529411775e-2, 2.000043137254902e-2, 2.000019607843138e-2, 2.0000372549019617e-2, 2.000035294117647e-2, 1.999998039215686e-2, 2.000005882352946e-2, 1.999958823529413e-2, 2.0000490196078427e-2, 2.0000333333333314e-2, 1.9999921568627416e-2, 1.999986274509805e-2, 2.000031372549019e-2, 1.9999666666666673e-2, 1.9999941176470595e-2, 1.9999627450980415e-2, 2.0000137254901955e-2, 2.0000372549019606e-2, 0.0, 0.0, 0.0, 0.0 ], [ 0.0, 0.0, 0.0, 0.0, -2.0e-2, 2.000007843137254e-2, 2.000031372549019e-2, 1.9999745098039215e-2, 1.999998039215686e-2, 1.999952941176473e-2, 2.0000254901960782e-2, 2.000045098039217e-2, 2.0000215686274518e-2, 1.999954901960784e-2, 1.9999549019607855e-2, 2.000043137254902e-2, 1.9999941176470595e-2, 2.0000254901960782e-2, 1.999964705882354e-2, 1.999976470588235e-2, 1.999994117647059e-2, 2.0000137254901955e-2, 1.9999607843137302e-2, 2.0000176470588247e-2, -2.0e-2, 0.0, 0.0, 0.0 ], [ 0.0, 0.0, 0.0, -2.0e-2, 0.0, 1.9999980392156853e-2, 1.9999980392156842e-2, 1.9999823529411785e-2, 1.999988235294116e-2, 2.000000000000002e-2, 1.9999882352941173e-2, 2.0000215686274504e-2, 2.0000411764705888e-2, 1.9999745098039215e-2, 1.9999862745098032e-2, 1.9999627450980415e-2, 2.0000274509803954e-2, 1.9999647058823528e-2, 2.000043137254902e-2, 1.9999725490196102e-2, 1.999976470588235e-2, 2.0000117647058786e-2, 2.000043137254901e-2, 2.0000156862745096e-2, 0.0, 0.0, 0.0, 0.0 ], [ 0.0, 0.0, 0.0, 0.0, 0.0, 1.9999980392156842e-2, 1.9999960784313726e-2, 1.9999941176470585e-2, 2.0000274509803944e-2, 1.9999509803921563e-2, 2.0000098039215698e-2, 1.999988235294116e-2, 2.0000235294117596e-2, 1.9999843137254898e-2, 2.0000254901960765e-2, 1.999956862745099e-2, 1.9999647058823507e-2, 1.999956862745098e-2, 1.9999607843137236e-2, 2.0000411764705878e-2, 2.0000098039215708e-2, 1.9999549019607866e-2, 2.000045098039218e-2, 1.999992156862745e-2, 0.0, 0.0, 0.0, 0.0 ], [ 0.0, 0.0, 0.0, -2.0e-2, 1.999958823529413e-2, 2.000001960784317e-2, -1.9999627450980394e-2, 2.0000078431372574e-2, 1.9999549019607866e-2, 1.9999980392156842e-2, 2.0000274509803934e-2, 2.0000352941176493e-2, 1.9999647058823507e-2, 2.0000254901960782e-2, 2.0000098039215708e-2, 1.999956862745099e-2, 1.9999843137254922e-2, 2.0000039215686286e-2, 2.0000333333333314e-2, 2.0000274509803944e-2, 1.99996862745098e-2, 1.9999607843137254e-2, 2.0000254901960782e-2, 1.999988235294116e-2, 0.0, 0.0, 0.0, 0.0 ], [ 0.0, 0.0, 0.0, -2.0e-2, 1.9999843137254898e-2, 1.9999666666666697e-2, -2.0000039215686282e-2, 2.0000039215686292e-2, 1.9999823529411775e-2, 2.0000215686274508e-2, 7.84313725490196e-3, 1.9999980392156863e-2, 1.9999705882352923e-2, 1.96078431372549e-2, 1.9999549019607855e-2, 1.9999607843137254e-2, 2.0000333333333314e-2, 0.0, 1.9999529411764704e-2, 2.000019607843137e-2, 1.9999705882352944e-2, 1.9999999999999976e-2, 1.9999725490196067e-2, 1.9999725490196112e-2, 0.0, 0.0, 0.0, 0.0 ], [ 0.0, 0.0, 0.0, 0.0, 1.9999960784313726e-2, 2.0000470588235304e-2, -2.0000333333333335e-2, 2.0000019607843145e-2, 2.0000019607843103e-2, 2.0000490196078382e-2, 1.999956862745099e-2, 2.0000431372549e-2, 1.9999882352941124e-2, 2.0000372549019617e-2, 2.0000274509803944e-2, 2.0000490196078382e-2, 2.0000176470588226e-2, 1.9999666666666662e-2, 2.000015686274508e-2, 1.9999549019607866e-2, 2.0000137254901976e-2, 1.999992156862746e-2, 2.0000039215686268e-2, 2.0000156862745096e-2, 0.0, 0.0, 0.0, 0.0 ], [ 0.0, 0.0, 0.0, -2.0e-2, 2.000000000000001e-2, 2.000007843137253e-2, -2.0000235294117652e-2, 1.9999529411764687e-2, 1.9999725490196112e-2, 2.0000196078431395e-2, 1.99996862745098e-2, 1.9999980392156842e-2, -1.9999627450980405e-2, 1.9999823529411785e-2, 1.9999568627450944e-2, 1.999954901960782e-2, 1.999974509803919e-2, 1.999950980392155e-2, 2.0000215686274518e-2, 2.0000450980392135e-2, 2.000025490196083e-2, 1.9999843137254898e-2, 1.999988235294116e-2, 2.000031372549019e-2, 0.0, 0.0, 0.0, 0.0 ], [ 0.0, 0.0, 0.0, -2.0e-2, 2.0000039215686268e-2, 1.9999529411764687e-2, 1.9999607843137236e-2, 2.0000431372548966e-2, 2.0000098039215698e-2, 1.9999647058823528e-2, 1.999954901960784e-2, 1.9999686274509803e-2, 2.0000294117647067e-2, 2.0000117647058824e-2, 1.999998039215686e-2, 2.000043137254902e-2, 2.000019607843138e-2, 0.0, 2.0000098039215687e-2, 2.0000333333333332e-2, 1.9999647058823507e-2, 1.9999705882352923e-2, 2.0000392156862754e-2, 1.9999549019607866e-2, 2.0000098039215687e-2, 0.0, 0.0, 0.0 ], [ 0.0, 0.0, 0.0, 0.0, 2.0000039215686227e-2, 1.9999803921568606e-2, -1.9999588235294123e-2, 1.9999607843137215e-2, 1.9999823529411775e-2, 2.0000176470588257e-2, 2.000000000000001e-2, 1.9999823529411775e-2, 2.0000117647058786e-2, 2.000043137254902e-2, 1.9999588235294113e-2, 1.99996862745098e-2, 2.0000490196078382e-2, 1.999994117647059e-2, 2.0000352941176493e-2, 1.9999941176470585e-2, 1.9999588235294068e-2, 1.9999568627450944e-2, 2.0000215686274518e-2, 1.9999588235294068e-2, 2.0000039215686286e-2, 0.0, 0.0, 0.0 ], [ 0.0, 0.0, 0.0, 0.0, 1.9999627450980415e-2, 1.999978431372549e-2, 1.999980392156865e-2, 2.0000490196078448e-2, 2.0000156862745096e-2, 1.999984313725491e-2, 2.000041176470589e-2, 1.999996078431371e-2, 1.9999686274509754e-2, 2.0000137254901972e-2, 1.9999901960784338e-2, 1.9999529411764687e-2, 1.9999627450980426e-2, 2.0000215686274508e-2, 2.000019607843138e-2, 1.9999941176470585e-2, 1.999976470588236e-2, 1.999954901960782e-2, 1.9999627450980415e-2, 2.0000019607843145e-2, 1.9999529411764704e-2, 0.0, 0.0, 0.0 ], [ 0.0, 0.0, 0.0, 0.0, 1.9999921568627416e-2, 2.0000156862745096e-2, 2.0000098039215708e-2, 2.000013725490191e-2, 2.0000372549019617e-2, 1.999976470588236e-2, 2.000019607843138e-2, 1.9999588235294113e-2, 1.999974509803919e-2, 2.0000058823529395e-2, 1.9999666666666673e-2, 1.9999588235294068e-2, 1.999970588235299e-2, 2.0000294117647057e-2, 2.0000254901960765e-2, 2.000045098039218e-2, 2.000015686274508e-2, 1.9999607843137302e-2, 1.9999705882352937e-2, 2.0000333333333314e-2, 2.000019607843137e-2, 0.0, 0.0, 0.0 ], [ 0.0, 0.0, 0.0, 0.0, 1.999956862745101e-2, 2.0000490196078382e-2, 1.9999607843137215e-2, 2.0000235294117596e-2, 2.0000372549019606e-2, 2.0000235294117628e-2, 1.9999803921568627e-2, 2.0000294117647057e-2, 2.0000039215686227e-2, 1.9999607843137254e-2, 2.000019607843138e-2, 2.0000137254901955e-2, 2.0000411764705878e-2, 3.92156862745098e-3, 1.999952941176473e-2, 1.999986274509805e-2, 1.999980392156865e-2, 1.9999901960784314e-2, 2.0000352941176518e-2, 2.0000137254901976e-2, 2.0000333333333314e-2, 0.0, 0.0, 0.0 ], [ 0.0, 0.0, -2.0e-2, 0.0, 1.999952941176473e-2, 2.0000117647058824e-2, 2.00003137254902e-2, 2.0000411764705878e-2, 2.0000470588235293e-2, 2.0000078431372574e-2, 2.0000254901960782e-2, 2.000019607843137e-2, 2.0000392156862754e-2, 2.0000254901960782e-2, 1.9999745098039215e-2, 1.999952941176473e-2, 2.0000490196078427e-2, 0.0, 2.0000039215686286e-2, 1.999958823529413e-2, 2.0000215686274504e-2, 2.0000039215686227e-2, 1.999992156862746e-2, 2.0000058823529395e-2, 1.999994117647059e-2, 0.0, 0.0, 0.0 ], [ 0.0, 0.0, 0.0, 0.0, 1.9999862745098032e-2, 1.999998039215686e-2, 2.0000019607843103e-2, 2.0000235294117628e-2, 1.999956862745099e-2, 2.000019607843135e-2, 1.9999509803921563e-2, 2.0000294117647078e-2, 2.0000313725490226e-2, 2.000005882352946e-2, 1.999954901960782e-2, 1.9999862745098e-2, 2.0000411764705843e-2, 2.0000274509803944e-2, 1.9999568627450944e-2, 1.9999803921568672e-2, 1.999956862745099e-2, 1.9999980392156853e-2, 2.000000000000002e-2, 2.0000411764705878e-2, 2.0000039215686286e-2, 0.0, 0.0, 0.0 ], [ 0.0, -2.0e-2, -2.0e-2, 0.0, 2.000011764705883e-2, 1.999992156862746e-2, 1.999996078431373e-2, 1.9999666666666666e-2, 1.9999803921568627e-2, 1.999952941176473e-2, 2.000041176470588e-2, 2.0000137254901972e-2, 2.0000176470588268e-2, 2.0000019607843134e-2, 2.0000470588235304e-2, 2.000011764705883e-2, 1.9999823529411785e-2, 2.0000098039215687e-2, 1.9999705882352937e-2, 1.9999941176470585e-2, 0.0, 2.0000019607843103e-2, -2.0000176470588212e-2, 2.000007843137253e-2, 2.0000156862745096e-2, 0.0, 0.0, 0.0 ], [ 0.0, 0.0, 0.0, 0.0, 1.9999509803921563e-2, 1.999984313725491e-2, 2.0000431372548966e-2, -2.0000019607843138e-2, 2.0000352941176493e-2, 2.0000058823529395e-2, 1.9999686274509803e-2, 1.9999784313725472e-2, 1.9999862745098032e-2, 2.000045098039217e-2, 1.9999784313725472e-2, 1.999952941176473e-2, 1.9999862745098032e-2, 0.0, 2.000019607843137e-2, 1.9999784313725472e-2, 2.0000215686274508e-2, 1.9999627450980426e-2, 1.999988235294117e-2, 1.999970588235299e-2, 1.9999705882352937e-2, 0.0, 0.0, 0.0 ], [ 0.0, -2.0e-2, 0.0, 0.0, 1.999992156862746e-2, 2.0000078431372546e-2, 2.0000019607843103e-2, -1.999986274509804e-2, 1.9999745098039225e-2, 1.9999901960784338e-2, 2.0000215686274508e-2, 1.9999627450980426e-2, 1.9999823529411785e-2, 1.99996862745098e-2, 1.9999941176470595e-2, 2.0000176470588257e-2, 2.000013725490191e-2, 1.999962745098039e-2, -2.0000313725490184e-2, 1.9999980392156842e-2, 2.0000176470588247e-2, 2.0000372549019617e-2, 2.0000254901960765e-2, -1.9999705882352933e-2, -2.0000196078431374e-2, 0.0, -2.0e-2, -2.0e-2 ], [ -2.0e-2, -2.0e-2, 0.0, 0.0, 1.999986274509805e-2, 2.0000176470588257e-2, 2.000007843137254e-2, -2.0e-2, 2.000047058823526e-2, 1.99996862745098e-2, 1.9999901960784324e-2, 2.0000392156862765e-2, 1.999996078431372e-2, 1.9999823529411785e-2, 1.9999784313725483e-2, 2.0000294117647067e-2, 2.000025490196083e-2, 2.0000019607843134e-2, 2.0000372549019617e-2, 2.000047058823526e-2, 1.9999745098039215e-2, 2.000039215686274e-2, 2.0000333333333325e-2, 1.9999901960784338e-2, 7.84313725490196e-3, 0.0, -2.0e-2, -2.0e-2 ], [ 0.0, -2.0e-2, 0.0, 0.0, 1.568627450980392e-2, 1.9999843137254922e-2, 2.000021568627454e-2, -2.0e-2, -1.9999980392156867e-2, 1.9999862745098032e-2, 2.000019607843137e-2, 2.0000215686274473e-2, 2.000015686274508e-2, 2.000005882352946e-2, 2.0000215686274518e-2, 1.9999980392156842e-2, 1.9999941176470606e-2, 1.9999882352941173e-2, 1.9999784313725472e-2, 1.9999803921568606e-2, 0.0, 1.9999901960784338e-2, 1.9999921568627482e-2, -1.9999862745098046e-2, 3.92156862745098e-3, 0.0, 0.0, 0.0 ], [ 0.0, -2.0e-2, 0.0, -2.0e-2, 0.0, 2.0000215686274504e-2, 1.9999627450980426e-2, -2.0e-2, -1.6373e-2, -2.0e-2, -2.0e-2, 2.0000490196078427e-2, 2.000049019607843e-2, 2.000000000000002e-2, 1.999964705882354e-2, 2.000045098039217e-2, 1.999976470588235e-2, 0.0, -2.0000313725490198e-2, 0.0, 0.0, -2.0000098039215673e-2, -2.0000235294117652e-2, -1.9999725490196067e-2, -2.0e-2, 0.0, -2.0e-2, 0.0 ] ]
  robust!8 [.......................................................] 0/9 queries
  robust!8 [======>................................................] 1/9 queries
  robust!8 [============>..........................................] 2/9 queries
  robust!8 [==================>....................................] 3/9 queries
  robust!8 [========================>..............................] 4/9 queries
  robust!9 [.......................................................] 0/9 queries
  robust!9 [======>................................................] 1/9 queries
  robust!9 [============>..........................................] 2/9 queries
  robust!9 [==================>....................................] 3/9 queries
  robust!9 [========================>..............................] 4/9 queries
  robust!9 [==============================>........................] 5/9 queries
  robust!9 [====================================>..................] 6/9 queries
  robust!9 [==========================================>............] 7/9 queries
  robust!9 [================================================>......] 8/9 queries
  robust!9 [=======================================================] 9/9 queries
  robust!10 [......................................................] 0/9 queries
  robust!10 [======>...............................................] 1/9 queries
  robust!10 [============>.........................................] 2/9 queries
  robust!10 [==================>...................................] 3/9 queries
  robust!10 [========================>.............................] 4/9 queries
  robust!10 [==============================>.......................] 5/9 queries
  robust!10 [====================================>.................] 6/9 queries
  robust!10 [==========================================>...........] 7/9 queries
  robust!10 [================================================>.....] 8/9 queries
  robust!10 [======================================================] 9/9 queries
  robust!11 [......................................................] 0/9 queries
  robust!11 [======>...............................................] 1/9 queries
  robust!11 [============>.........................................] 2/9 queries
  robust!11 [==================>...................................] 3/9 queries
  robust!11 [========================>.............................] 4/9 queries
  robust!11 [==============================>.......................] 5/9 queries
    result: ✗ - Marabou found a counterexample
      perturbation: [ [ 0.0, -2.0e-2, -2.0e-2, -2.0e-2, -2.0e-2, 0.0, 0.0, -2.0e-2, -2.0e-2, -2.0e-2, -2.0e-2, 0.0, 0.0, 0.0, 0.0, 0.0, 0.0, 0.0, -2.0e-2, -2.0e-2, -2.0e-2, 0.0, 0.0, 0.0, 0.0, -2.0e-2, 0.0, 0.0 ], [ 0.0, 0.0, 0.0, 0.0, 0.0, 0.0, -2.0e-2, -2.0e-2, 0.0, 0.0, 0.0, 0.0, 0.0, -2.0e-2, -2.0e-2, 0.0, 0.0, 0.0, -2.0e-2, -2.0e-2, -2.0e-2, -2.0e-2, 0.0, 0.0, 0.0, 0.0, -2.0e-2, 0.0 ], [ 0.0, 0.0, 0.0, 0.0, -2.0e-2, 0.0, -2.0e-2, 0.0, 0.0, -2.0e-2, 0.0, -2.0e-2, 0.0, -2.0e-2, 0.0, -2.0e-2, -2.0e-2, 0.0, 0.0, -2.0e-2, -2.0e-2, -2.0e-2, -2.0e-2, 0.0, 0.0, 0.0, 0.0, 0.0 ], [ -2.0e-2, 0.0, 0.0, 0.0, -2.0e-2, 0.0, 0.0, 0.0, -2.0e-2, 0.0, 0.0, 0.0, -2.0e-2, -2.0e-2, 0.0, 0.0, -2.0e-2, -2.0e-2, 0.0, -2.0e-2, -2.0e-2, -2.0e-2, 0.0, -2.0e-2, 0.0, 0.0, -2.0e-2, 0.0 ], [ 0.0, 0.0, 0.0, 0.0, 0.0, 0.0, 0.0, 0.0, 0.0, 0.0, 0.0, 0.0, 0.0, 0.0, 0.0, 0.0, -2.0e-2, 0.0, 0.0, 0.0, 0.0, 0.0, 0.0, 0.0, 0.0, 0.0, -2.0e-2, 0.0 ], [ 0.0, 0.0, 0.0, 0.0, 0.0, 0.0, -2.0e-2, 0.0, 0.0, 0.0, 0.0, 0.0, 0.0, 0.0, 0.0, 0.0, 0.0, -2.0e-2, -2.0e-2, 0.0, 0.0, 0.0, 0.0, 0.0, 0.0, 0.0, 0.0, 0.0 ], [ 0.0, 0.0, 0.0, 0.0, 0.0, 0.0, -2.0e-2, 0.0, 0.0, -2.0e-2, -2.0e-2, -2.0e-2, -2.0e-2, 0.0, 0.0, 0.0, 0.0, -2.0e-2, -2.0e-2, -2.0e-2, 0.0, -2.0e-2, 0.0, 0.0, 0.0, 0.0, 0.0, -2.0e-2 ], [ 0.0, 0.0, -2.0e-2, 0.0, -2.0e-2, 0.0, -2.0e-2, 0.0, -2.0e-2, -2.0e-2, -2.0e-2, -2.0e-2, 0.0, 0.0, 0.0, 0.0, -2.0e-2, -2.0e-2, -2.0e-2, -2.0e-2, 0.0, 0.0, 0.0, 0.0, 0.0, 0.0, -2.0e-2, 0.0 ], [ 0.0, 0.0, 0.0, 0.0, 0.0, -2.0e-2, -2.0e-2, 0.0, -2.0e-2, -2.0e-2, -2.0e-2, -2.0e-2, -2.0e-2, 0.0, 0.0, 0.0, -2.0e-2, -2.0e-2, -2.0e-2, -2.0e-2, 0.0, 0.0, 0.0, 0.0, 0.0, 0.0, 0.0, 0.0 ], [ 0.0, 0.0, 0.0, 0.0, 0.0, -2.0e-2, -2.0e-2, -2.0e-2, -2.0e-2, 0.0, -2.0e-2, -2.0e-2, -2.0e-2, 0.0, 0.0, 0.0, 0.0, -2.0e-2, -2.0e-2, 0.0, 0.0, 0.0, 0.0, 0.0, 0.0, 0.0, 0.0, 0.0 ], [ -2.0e-2, 0.0, 0.0, 0.0, 0.0, -2.0e-2, -2.0e-2, -2.0e-2, -2.0e-2, 0.0, -2.0e-2, -2.0e-2, 0.0, 0.0, 0.0, 0.0, -2.0e-2, 0.0, -2.0e-2, 0.0, 0.0, 0.0, 0.0, 0.0, -2.0e-2, 0.0, 0.0, 0.0 ], [ 0.0, 0.0, 0.0, 0.0, 0.0, -2.0e-2, 0.0, 1.9999803921568627e-2, 2.0000137254901972e-2, 1.9999823529411775e-2, 1.999988235294116e-2, -2.0000137254901948e-2, 2.0000294117647078e-2, 1.999998039215686e-2, 2.000019607843137e-2, 1.9999666666666666e-2, 0.0, 0.0, 7.84313725490196e-3, 0.0, 0.0, 0.0, 3.92156862745098e-3, 0.0, 0.0, 0.0, 0.0, 0.0 ], [ 3.92156862745098e-3, 3.92156862745098e-3, -2.0e-2, 0.0, -2.000029411764706e-2, 0.0, 1.999952941176473e-2, 1.9999941176470606e-2, 1.9999843137254877e-2, 1.9999529411764652e-2, 2.0000117647058852e-2, -2.000021568627456e-2, -2.0000137254902e-2, 2.0000039215686268e-2, 1.99998235294118e-2, -1.9999509803921595e-2, 1.9999843137254898e-2, 0.0, 0.0, 0.0, 2.000041176470588e-2, 0.0, -2.0e-2, 0.0, 0.0, 0.0, -2.0e-2, 0.0 ], [ 3.92156862745098e-3, -2.000029411764706e-2, -2.000043137254902e-2, -2.000043137254902e-2, 0.0, 2.000043137254902e-2, 1.9999647058823507e-2, 2.000047058823526e-2, 2.0000039215686268e-2, 2.0000039215686286e-2, 1.999994117647059e-2, 1.3651019607843146e-2, -2.0000137254901955e-2, -1.9999666666666718e-2, -2.0000490196078427e-2, 2.0000411764705843e-2, -1.9999784313725462e-2, -1.99995490196078e-2, -1.9999647058823507e-2, 0.0, 0.0, 0.0, -2.0e-2, 0.0, 0.0, -2.0e-2, -2.0e-2, 0.0 ], [ 0.0, 0.0, -1.1738e-2, 0.0, 0.0, 2.0000431372549032e-2, 2.0000235294117645e-2, 0.0, 0.0, 0.0, -2.0e-2, -2.0e-2, -2.0e-2, -2.0e-2, 1.9999764705882366e-2, -1.9999862745098088e-2, -1.9999568627451034e-2, 1.9999843137254877e-2, 1.9999588235294134e-2, 2.000011764705883e-2, 1.9999901960784338e-2, 2.0000137254901955e-2, 1.9999705882352923e-2, 1.999984313725491e-2, -2.0000450980392135e-2, -1.999988235294117e-2, -2.0000039215686282e-2, -1.9999568627450982e-2 ], [ 1.999992156862745e-2, 1.999952941176473e-2, 1.9999843137254898e-2, 1.9999725490196088e-2, 1.999958823529413e-2, 1.9999745098039236e-2, 2.0000215686274508e-2, 1.999998039215686e-2, 2.0000078431372574e-2, 1.9999627450980415e-2, 2.0000470588235304e-2, 2.0000176470588257e-2, -1.99996862745098e-2, -2.0000039215686268e-2, -2.000000000000002e-2, -2.0000470588235314e-2, 2.0000039215686268e-2, 2.000000000000001e-2, 2.0000078431372546e-2, 1.999956862745099e-2, 2.0000019607843103e-2, 2.000005882352946e-2, -2.0000215686274518e-2, 1.9999921568627416e-2, 2.0000196078431395e-2, -1.9999666666666673e-2, -1.999956862745099e-2, 1.9999823529411775e-2 ], [ 2.0000098039215687e-2, -1.9999921568627427e-2, 1.9999588235294113e-2, -2.0000490196078437e-2, 2.0000372549019627e-2, 1.9999725490196102e-2, 1.9999509803921563e-2, 1.9999509803921563e-2, 1.9999921568627416e-2, 2.000007843137253e-2, 1.9999823529411785e-2, 1.9999745098039225e-2, -2.000001960784314e-2, 2.0000215686274508e-2, -2.0e-2, -2.0e-2, -2.0e-2, 0.0, 0.0, 0.0, 1.9999960784313726e-2, 1.9999686274509803e-2, 1.9999960784313726e-2, 1.9999960784313726e-2, 1.9999529411764704e-2, 2.0000098039215687e-2, 2.0000098039215687e-2, -2.0e-2 ], [ 0.0, 0.0, -2.0e-2, -2.0e-2, 0.0, 0.0, 0.0, 0.0, 0.0, 0.0, 0.0, 0.0, -2.0e-2, 0.0, 0.0, 0.0, 0.0, 0.0, 0.0, 0.0, 0.0, 0.0, 0.0, 0.0, 0.0, 0.0, 0.0, 0.0 ], [ 0.0, 0.0, 0.0, 0.0, 0.0, 0.0, 0.0, 0.0, 0.0, 0.0, 0.0, -2.0e-2, -2.0e-2, 0.0, 0.0, 0.0, 0.0, 0.0, 0.0, 0.0, 0.0, 0.0, 0.0, 0.0, 0.0, 0.0, 0.0, 0.0 ], [ 0.0, 0.0, 0.0, 0.0, 0.0, 0.0, 0.0, 0.0, 0.0, 0.0, 0.0, -2.0e-2, -2.0e-2, 0.0, 0.0, -2.0e-2, -2.0e-2, -2.0e-2, -2.0e-2, 0.0, 0.0, 0.0, 0.0, 0.0, 0.0, 0.0, 0.0, -2.0e-2 ], [ 0.0, 0.0, 0.0, 0.0, 0.0, 0.0, 0.0, 0.0, 0.0, 0.0, 0.0, 0.0, 0.0, 0.0, 0.0, 0.0, 0.0, -2.0e-2, -2.0e-2, -2.0e-2, 0.0, 0.0, 0.0, 0.0, 0.0, 0.0, 0.0, 0.0 ], [ 0.0, 0.0, 0.0, -2.0e-2, 0.0, 0.0, 0.0, 0.0, 0.0, 0.0, -2.0e-2, -2.0e-2, -2.0e-2, 0.0, 0.0, -2.0e-2, -2.0e-2, -2.0e-2, -2.0e-2, 0.0, 0.0, 0.0, -2.0e-2, 0.0, 0.0, 0.0, 0.0, -2.0e-2 ], [ 0.0, 0.0, 0.0, 0.0, 0.0, 0.0, 0.0, 0.0, -2.0e-2, -2.0e-2, -2.0e-2, -2.0e-2, -2.0e-2, -2.0e-2, -2.0e-2, -2.0e-2, -2.0e-2, -2.0e-2, -2.0e-2, -2.0e-2, -2.0e-2, 0.0, -2.0e-2, 0.0, 0.0, 0.0, 0.0, -2.0e-2 ], [ 0.0, 0.0, 0.0, 0.0, 0.0, 0.0, 0.0, 0.0, 0.0, 0.0, -2.0e-2, -2.0e-2, 0.0, 0.0, 0.0, 0.0, 0.0, 0.0, 0.0, 0.0, 0.0, 0.0, 0.0, 0.0, 0.0, 0.0, 0.0, -2.0e-2 ], [ 0.0, 0.0, 0.0, 0.0, 0.0, 0.0, 0.0, 0.0, 0.0, 0.0, 0.0, 0.0, 0.0, 0.0, 0.0, 0.0, 0.0, 0.0, 0.0, 0.0, 0.0, 0.0, 0.0, 0.0, 0.0, 0.0, -2.0e-2, 0.0 ], [ 0.0, 0.0, 0.0, 0.0, 0.0, 0.0, 0.0, 0.0, 0.0, 0.0, 0.0, 0.0, 0.0, 0.0, 0.0, 0.0, 0.0, 0.0, 0.0, 0.0, 0.0, 0.0, 0.0, 0.0, 0.0, 0.0, -2.0e-2, -2.0e-2 ], [ -2.0e-2, 0.0, 0.0, 0.0, 0.0, 0.0, 0.0, 0.0, 0.0, 0.0, 0.0, 0.0, 0.0, 0.0, 0.0, 0.0, 0.0, 0.0, 0.0, -2.0e-2, 0.0, -2.0e-2, 0.0, 0.0, 0.0, 0.0, -2.0e-2, -2.0e-2 ], [ 0.0, -2.0e-2, -2.0e-2, 0.0, -2.0e-2, 0.0, 0.0, 0.0, 0.0, 0.0, 0.0, 0.0, 0.0, 0.0, 0.0, 0.0, 0.0, -2.0e-2, 0.0, 0.0, -2.0e-2, 0.0, -2.0e-2, -2.0e-2, 0.0, -2.0e-2, 0.0, -2.0e-2 ] ]
    result: 🗸 - Marabou proved no counterexample exists
    result: 🗸 - Marabou proved no counterexample exists

    result: ✗ - Marabou found a counterexample
      perturbation: [ [ 0.0, 0.0, 0.0, -2.0e-2, -2.0e-2, -2.0e-2, -2.0e-2, -2.0e-2, -2.0e-2, -2.0e-2, 0.0, 0.0, -2.0e-2, -2.0e-2, -2.0e-2, -2.0e-2, 0.0, 0.0, -2.0e-2, -2.0e-2, -2.0e-2, 0.0, 0.0, 0.0, 0.0, -2.0e-2, 0.0, 0.0 ], [ 0.0, 0.0, 0.0, -2.0e-2, -2.0e-2, -2.0e-2, -2.0e-2, 0.0, 0.0, 0.0, -2.0e-2, -2.0e-2, 0.0, -2.0e-2, -2.0e-2, -2.0e-2, -2.0e-2, -2.0e-2, 0.0, 0.0, 0.0, 0.0, 0.0, 0.0, 0.0, -2.0e-2, -2.0e-2, 0.0 ], [ 0.0, 0.0, 0.0, 0.0, -2.0e-2, -2.0e-2, 0.0, 0.0, 0.0, 0.0, -2.0e-2, -2.0e-2, -2.0e-2, -2.0e-2, -2.0e-2, -2.0e-2, -2.0e-2, -2.0e-2, -2.0e-2, 0.0, 0.0, 0.0, 0.0, 0.0, 0.0, 0.0, -2.0e-2, 0.0 ], [ -2.0e-2, 0.0, 0.0, 0.0, -2.0e-2, 0.0, 0.0, 0.0, 0.0, 0.0, 0.0, 0.0, -2.0e-2, -2.0e-2, -2.0e-2, -2.0e-2, -2.0e-2, -2.0e-2, -2.0e-2, 0.0, 0.0, 0.0, 0.0, 0.0, 0.0, 0.0, 0.0, -2.0e-2 ], [ 0.0, 0.0, 0.0, -2.0e-2, -2.0e-2, 0.0, -2.0e-2, 0.0, 0.0, -2.0e-2, 0.0, 0.0, -2.0e-2, -2.0e-2, -2.0e-2, -2.0e-2, -2.0e-2, -2.0e-2, -2.0e-2, -2.0e-2, -2.0e-2, 0.0, 0.0, 0.0, 0.0, 0.0, -2.0e-2, -2.0e-2 ], [ 0.0, 0.0, 0.0, -2.0e-2, -2.0e-2, 0.0, -2.0e-2, 0.0, 0.0, -2.0e-2, 0.0, -2.0e-2, -2.0e-2, -2.0e-2, -2.0e-2, -2.0e-2, -2.0e-2, -2.0e-2, -2.0e-2, 0.0, 0.0, 0.0, 0.0, 0.0, -2.0e-2, 0.0, -2.0e-2, -2.0e-2 ], [ 0.0, -2.0e-2, 0.0, -2.0e-2, -2.0e-2, -2.0e-2, -2.0e-2, 0.0, -2.0e-2, -2.0e-2, -2.0e-2, -2.0e-2, -2.0e-2, -2.0e-2, -2.0e-2, -2.0e-2, -2.0e-2, -2.0e-2, -2.0e-2, -2.0e-2, 0.0, 0.0, 0.0, 0.0, 0.0, 0.0, -2.0e-2, -2.0e-2 ], [ -2.0e-2, -2.0e-2, -2.0e-2, -2.0e-2, -2.0e-2, -2.0e-2, -2.0e-2, -2.0e-2, -2.0e-2, -2.0e-2, -2.0e-2, -2.0e-2, -2.0e-2, -2.0e-2, -2.0e-2, -2.0e-2, -2.0e-2, -2.0e-2, -2.0e-2, -2.0e-2, 0.0, 0.0, 0.0, 0.0, 0.0, -2.0e-2, -2.0e-2, -2.0e-2 ], [ 0.0, -2.0e-2, -2.0e-2, -2.0e-2, -2.0e-2, -2.0e-2, -2.0e-2, -2.0e-2, -2.0e-2, -2.0e-2, -2.0e-2, -2.0e-2, -2.0e-2, 0.0, -2.0e-2, -2.000043137254902e-2, -2.000021568627451e-2, -2.0e-2, -1.9999745098039215e-2, -1.9999921568627472e-2, -2.0000333333333335e-2, 2.000041176470588e-2, 0.0, -2.0e-2, 1.1764705882352941e-2, 0.0, 0.0, 0.0 ], [ -2.0e-2, -2.0e-2, -2.0e-2, -2.0e-2, -2.0e-2, -2.0e-2, -2.0e-2, -2.0e-2, -2.0e-2, -2.0e-2, -2.0e-2, -2.0e-2, -2.000043137254902e-2, -2.0e-2, 2.0000333333333332e-2, 2.0000215686274473e-2, 2.0000078431372574e-2, -1.9999784313725493e-2, -1.999990196078427e-2, 1.999956862745098e-2, 1.9999745098039225e-2, 2.0000490196078448e-2, 2.0000274509803944e-2, 2.0000490196078382e-2, -2.0000196078431395e-2, -2.0000196078431374e-2, 0.0, 3.92156862745098e-3 ], [ -2.0e-2, -2.0e-2, -2.0e-2, -2.0e-2, -2.0e-2, -2.0e-2, -2.0e-2, -2.0e-2, -2.0e-2, -2.0e-2, -2.0e-2, -2.0e-2, -2.0e-2, -2.0e-2, 0.0, 0.0, -2.0e-2, -2.0000372549019586e-2, -1.999956862745099e-2, -1.9999980392156853e-2, 2.000000000000002e-2, 1.9999999999999976e-2, 2.0000098039215663e-2, -2.000045098039218e-2, -2.000045098039218e-2, 1.9999529411764704e-2, -2.0e-2, 3.92156862745098e-3 ], [ 0.0, -2.0e-2, -2.0e-2, -2.0e-2, -2.0e-2, -2.0e-2, -2.0e-2, 0.0, -2.0e-2, -2.0e-2, 0.0, 0.0, 0.0, -2.0e-2, 1.999952941176473e-2, -1.9999568627451e-2, -1.999962745098038e-2, -1.9999784313725528e-2, -2.0000098039215708e-2, 1.9999509803921574e-2, 2.000025490196083e-2, 1.9999686274509754e-2, 2.0000313725490156e-2, 2.0000196078431395e-2, -1.9999901960784338e-2, 1.9999745098039225e-2, -2.0e-2, 1.568627450980392e-2 ], [ -2.000043137254902e-2, -2.000043137254902e-2, -2.0e-2, -2.000043137254902e-2, -2.000029411764706e-2, 0.0, 0.0, 0.0, 1.568627450980392e-2, 2.0000117647058824e-2, 2.000041176470588e-2, 2.000041176470588e-2, 0.0, 1.9999803921568606e-2, 2.000013725490191e-2, -2.0000411764705933e-2, -2.000021568627453e-2, -1.9999784313725493e-2, 1.9999647058823573e-2, 1.9999960784313688e-2, 2.000043137254901e-2, 1.9999627450980426e-2, -2.000019607843137e-2, 2.000013725490191e-2, 1.9999784313725483e-2, -2.0000490196078427e-2, -2.0e-2, 0.0 ], [ -2.0e-2, -2.0e-2, -2.0e-2, -2.0e-2, -2.000029411764706e-2, 3.92156862745098e-3, 3.92156862745098e-3, 0.0, 0.0, 0.0, 0.0, -2.0e-2, -2.0000411764705888e-2, -2.000000000000002e-2, -2.0000450980392135e-2, -2.0000196078431395e-2, -2.000001960784314e-2, -2.0e-2, -2.0e-2, -1.9999705882352923e-2, -2.0000196078431325e-2, -2.00003137254902e-2, -1.9999862745098088e-2, -2.00003921568627e-2, -1.999994117647059e-2, -2.0000431372549022e-2, -2.0000254901960775e-2, -2.0e-2 ], [ -2.000043137254902e-2, -2.000043137254902e-2, -2.000043137254902e-2, -2.000043137254902e-2, 0.0, 0.0, 0.0, 0.0, 1.568627450980392e-2, -2.000015686274509e-2, -2.0000294117647012e-2, -2.0000098039215708e-2, -1.9999686274509793e-2, -1.999994117647059e-2, 2.000023529411764e-2, -2.0000313725490246e-2, -2.000035294117645e-2, 0.0, 0.0, -2.000043137254902e-2, 1.999988235294117e-2, -2.000045098039218e-2, 1.9999588235294068e-2, 1.9999627450980415e-2, -2.0e-2, -2.0e-2, -1.9999862745098046e-2, -2.0e-2 ], [ 0.0, 0.0, -2.0e-2, -2.0e-2, -2.000029411764706e-2, 0.0, 2.0000490196078427e-2, 1.999984313725491e-2, -2.0000294117647012e-2, 2.0000098039215663e-2, 2.0000078431372574e-2, -2.0000098039215708e-2, -2.0e-2, -1.999966666666667e-2, -2.00003921568627e-2, -1.9999764705882404e-2, -1.9999862745098046e-2, 0.0, 0.0, 0.0, 2.0000392156862765e-2, -1.9999901960784338e-2, -1.9999764705882404e-2, -1.9999784313725528e-2, -2.0000176470588236e-2, -2.0e-2, -1.9999921568627427e-2, -1.999994117647059e-2 ], [ 0.0, -2.000043137254902e-2, -2.000043137254902e-2, -2.000029411764706e-2, 0.0, 0.0, 1.9999784313725483e-2, 2.0000333333333325e-2, 2.000043137254901e-2, 1.999956862745098e-2, 1.1764705882352941e-2, 1.9999823529411775e-2, -1.9999686274509793e-2, 2.0000372549019606e-2, -1.999996078431371e-2, -2.000039215686274e-2, -1.99995490196078e-2, 0.0, 0.0, 0.0, 2.0000235294117596e-2, 1.9999862745098e-2, 2.000025490196083e-2, 2.000007843137253e-2, 1.999988235294116e-2, 0.0, 1.999978431372549e-2, -1.999962745098038e-2 ], [ 3.92156862745098e-3, -1.9999725490196078e-2, -1.9999725490196078e-2, -2.0e-2, 1.9999960784313726e-2, 1.999986274509805e-2, 2.0000411764705888e-2, 1.9999823529411785e-2, 2.0000215686274473e-2, 1.999990196078436e-2, 1.9999803921568627e-2, 1.9999784313725472e-2, -1.999966666666667e-2, -2.000043137254902e-2, 2.0e-2, 1.9999862745098e-2, 2.0000372549019596e-2, 1.999952941176473e-2, 0.0, 0.0, 1.9999941176470595e-2, 2.0000313725490156e-2, 1.9999784313725472e-2, 0.0, 2.0000058823529416e-2, 1.1764705882352941e-2, 2.0000176470588247e-2, 1.999992156862746e-2 ], [ 0.0, 0.0, -2.0e-2, -2.0e-2, -2.0000470588235297e-2, 1.9999784313725483e-2, 2.000001960784317e-2, 1.999996078431373e-2, 1.999950980392153e-2, 1.9999960784313726e-2, 1.9999764705882366e-2, -2.00002745098039e-2, -2.00003137254902e-2, -2.0e-2, 1.9999823529411775e-2, 2.0000039215686292e-2, 1.999950980392153e-2, 1.9999607843137257e-2, -2.0e-2, 1.9999529411764704e-2, 2.000000000000002e-2, 2.0000313725490156e-2, 2.0000431372549e-2, 0.0, 2.0000372549019617e-2, 1.1764705882352941e-2, 2.0000039215686268e-2, 1.9999882352941173e-2 ], [ 2.000041176470589e-2, 1.999954901960782e-2, 1.9999803921568672e-2, 2.0000098039215663e-2, -2.0000039215686268e-2, 1.9999686274509754e-2, 2.000019607843135e-2, 1.999990196078436e-2, 2.0000411764705843e-2, 2.0000176470588247e-2, 2.0000019607843145e-2, -1.9999764705882404e-2, -1.9999784313725528e-2, 1.99996862745098e-2, 2.0000039215686268e-2, -1.9999999999999955e-2, -2.0000490196078472e-2, -1.9999588235294158e-2, -1.9999705882352965e-2, 3.8974117647058433e-3, -2.00003921568627e-2, -2.0000352941176493e-2, -2.0000098039215642e-2, 2.0000313725490226e-2, 1.9999843137254877e-2, 2.0000411764705888e-2, 2.0000039215686292e-2, -2.000041176470587e-2 ], [ 2.0000254901960782e-2, -1.4511313725490185e-2, 1.9999627450980415e-2, 2.0000294117647067e-2, 1.999984313725491e-2, 1.9999529411764687e-2, 2.000007843137253e-2, 1.9999627450980426e-2, 2.0000490196078382e-2, 2.0000235294117596e-2, 1.9999803921568672e-2, 2.0000411764705888e-2, -1.999956862745099e-2, 1.999954901960782e-2, 2.0000450980392135e-2, -1.9999823529411744e-2, -1.999976470588237e-2, -2.000041176470587e-2, -1.999988235294118e-2, -1.9999941176470585e-2, -1.9999901960784338e-2, 2.000043137254901e-2, -2.000000000000002e-2, 2.000025490196083e-2, 2.000013725490191e-2, 1.999988235294117e-2, 2.0000294117647078e-2, 1.999986274509805e-2 ], [ 0.0, 0.0, 0.0, -2.0e-2, -2.0e-2, 0.0, 0.0, 0.0, 0.0, -2.0e-2, 0.0, -2.0e-2, -2.0e-2, -2.0e-2, 0.0, -2.0e-2, -2.0e-2, -2.0e-2, -2.0e-2, -2.0e-2, -2.0e-2, -2.0e-2, -2.0e-2, -2.0e-2, 0.0, 0.0, -2.0e-2, -2.0e-2 ], [ 0.0, -2.0e-2, -2.0e-2, 0.0, 0.0, 0.0, 0.0, -2.0e-2, 0.0, -2.0e-2, 0.0, -2.0e-2, -2.0e-2, 0.0, 0.0, -2.0e-2, -2.0e-2, -2.0e-2, -2.0e-2, -2.0e-2, -2.0e-2, -2.0e-2, 0.0, -2.0e-2, -2.0e-2, 0.0, -2.0e-2, -2.0e-2 ], [ 0.0, 0.0, -2.0e-2, -2.0e-2, -2.0e-2, -2.0e-2, 0.0, -2.0e-2, 0.0, -2.0e-2, -2.0e-2, 0.0, 0.0, 0.0, 0.0, -2.0e-2, 0.0, -2.0e-2, -2.0e-2, 0.0, -2.0e-2, -2.0e-2, -2.0e-2, -2.0e-2, -2.0e-2, 0.0, -2.0e-2, -2.0e-2 ], [ 0.0, 0.0, 0.0, 0.0, 0.0, 0.0, 0.0, -2.0e-2, 0.0, 0.0, 0.0, 0.0, 0.0, 0.0, 0.0, 0.0, -2.0e-2, -2.0e-2, -2.0e-2, 0.0, -2.0e-2, 0.0, 0.0, -2.0e-2, -2.0e-2, 0.0, 0.0, -2.0e-2 ], [ 0.0, 0.0, -2.0e-2, 0.0, 0.0, 0.0, 0.0, 0.0, 0.0, 0.0, 0.0, 0.0, 0.0, 0.0, 0.0, 0.0, 0.0, -2.0e-2, -2.0e-2, 0.0, -2.0e-2, 0.0, 0.0, -2.0e-2, -2.0e-2, 0.0, -2.0e-2, -2.0e-2 ], [ 0.0, 0.0, 0.0, -2.0e-2, 0.0, 0.0, 0.0, 0.0, 0.0, 0.0, 0.0, 0.0, -2.0e-2, 0.0, 0.0, -2.0e-2, -2.0e-2, -2.0e-2, -2.0e-2, -2.0e-2, -2.0e-2, -2.0e-2, -2.0e-2, -2.0e-2, -2.0e-2, -2.0e-2, 0.0, -2.0e-2 ], [ 0.0, -2.0e-2, -2.0e-2, -2.0e-2, -2.0e-2, -2.0e-2, -2.0e-2, -2.0e-2, 0.0, 0.0, 0.0, 0.0, 0.0, 0.0, 0.0, -2.0e-2, 0.0, 0.0, -2.0e-2, 0.0, 0.0, -2.0e-2, -2.0e-2, -2.0e-2, -2.0e-2, 0.0, 0.0, 0.0 ] ]
  robust!12 [......................................................] 0/9 queries
  robust!12 [======>...............................................] 1/9 queries
  robust!12 [============>.........................................] 2/9 queries
  robust!12 [==================>...................................] 3/9 queries
    result: ✗ - Marabou found a counterexample
      perturbation: [ [ 0.0, -2.0e-2, -2.0e-2, -2.0e-2, -2.0e-2, 0.0, 0.0, 0.0, 0.0, 0.0, 0.0, -2.0e-2, 0.0, 0.0, 0.0, -2.0e-2, -2.0e-2, -2.0e-2, 0.0, -2.0e-2, 0.0, 0.0, 0.0, 0.0, 0.0, -2.0e-2, 0.0, 0.0 ], [ 0.0, -2.0e-2, -2.0e-2, -2.0e-2, 0.0, 0.0, 0.0, 0.0, 0.0, -2.0e-2, -2.0e-2, -2.0e-2, -2.0e-2, 0.0, 0.0, 0.0, -2.0e-2, -2.0e-2, -2.0e-2, -2.0e-2, 0.0, 0.0, 0.0, 0.0, 0.0, 0.0, 0.0, 0.0 ], [ -2.0e-2, -2.0e-2, -2.0e-2, 0.0, 0.0, 0.0, -2.0e-2, -2.0e-2, 0.0, -2.0e-2, 0.0, 0.0, 0.0, -3.741e-3, 0.0, 0.0, -2.0e-2, 0.0, -2.0e-2, -2.0e-2, -2.0e-2, 0.0, 0.0, 0.0, 0.0, 0.0, -2.0e-2, 0.0 ], [ -2.0e-2, -2.0e-2, -2.0e-2, 0.0, 0.0, -2.0e-2, 0.0, 0.0, -2.0e-2, 0.0, 0.0, 0.0, 0.0, 0.0, -2.0e-2, 0.0, 0.0, 0.0, 0.0, -2.0e-2, 0.0, 0.0, 0.0, -2.0e-2, 0.0, 0.0, -2.0e-2, -2.0e-2 ], [ -2.0e-2, -2.0e-2, 0.0, 0.0, 0.0, 0.0, 0.0, -2.0e-2, 0.0, 0.0, 0.0, -2.0e-2, -2.0e-2, 0.0, 0.0, 0.0, 0.0, 0.0, 0.0, 0.0, 0.0, 0.0, 0.0, -2.0e-2, -2.0e-2, 0.0, 0.0, -2.0e-2 ], [ -2.0e-2, -2.0e-2, 0.0, 0.0, 0.0, 0.0, -2.0e-2, -2.0e-2, 0.0, -2.0e-2, -2.0e-2, 0.0, -2.0e-2, 0.0, 0.0, 0.0, 0.0, 0.0, 0.0, 0.0, 0.0, 0.0, 0.0, 0.0, 0.0, 0.0, 0.0, -2.0e-2 ], [ -2.0e-2, 0.0, 0.0, 0.0, -2.0e-2, 0.0, -2.0e-2, -2.0e-2, 0.0, -2.0e-2, -2.0e-2, -2.0e-2, 0.0, 0.0, 0.0, -2.0e-2, 0.0, 0.0, 0.0, 0.0, 0.0, 0.0, 0.0, -2.0e-2, 0.0, 0.0, 0.0, 0.0 ], [ 0.0, 0.0, 0.0, 0.0, -2.0e-2, 0.0, -2.0e-2, -2.0e-2, 0.0, -2.0e-2, -2.0e-2, -2.0e-2, -2.0e-2, -2.0e-2, -2.0e-2, -2.0e-2, 0.0, 0.0, 0.0, 0.0, 0.0, 0.0, 0.0, -2.0e-2, -2.0e-2, -2.0e-2, 0.0, 0.0 ], [ 0.0, 0.0, 0.0, -2.0e-2, -2.0e-2, 0.0, -2.0e-2, -2.0e-2, 0.0, -2.0e-2, -2.0e-2, 0.0, -2.0e-2, -2.0e-2, -2.0e-2, 0.0, 0.0, 0.0, -2.0e-2, 0.0, 0.0, -2.0e-2, -2.0e-2, 0.0, -2.0e-2, -2.0e-2, -2.0e-2, 0.0 ], [ 0.0, 0.0, 0.0, -2.0e-2, -2.0e-2, -2.0e-2, -2.0e-2, 0.0, 0.0, -2.0e-2, -2.0e-2, -1.9999725490196057e-2, 2.0000294117647078e-2, 0.0, -2.0e-2, 0.0, 3.92156862745098e-3, 0.0, 0.0, 0.0, -2.0e-2, -2.0e-2, -2.0e-2, -2.0e-2, -2.0e-2, 0.0, 0.0, 0.0 ], [ 0.0, 2.0000117647058824e-2, 0.0, -2.0e-2, -1.9999882352941176e-2, -2.000029411764706e-2, -2.000029411764706e-2, 1.1764705882352941e-2, 0.0, 0.0, -2.0000352941176462e-2, 2.000005882352946e-2, 1.9999784313725483e-2, 2.0000117647058786e-2, 2.000049019607843e-2, -2.0e-2, 0.0, 0.0, 1.1764705882352941e-2, 1.1764705882352941e-2, 0.0, 0.0, -2.0e-2, 0.0, 0.0, 0.0, 0.0, 0.0 ], [ -2.0e-2, 2.0000235294117596e-2, -2.0000176470588226e-2, -2.0e-2, -2.0e-2, -2.0e-2, -2.0e-2, 0.0, 0.0, 0.0, 1.9999921568627482e-2, 1.9999784313725483e-2, 2.0000372549019627e-2, 2.0000196078431395e-2, 1.999996078431372e-2, 2.000045098039218e-2, 2.0000392156862744e-2, 0.0, 0.0, 1.1764705882352941e-2, -2.000043137254902e-2, -2.000043137254902e-2, 3.92156862745098e-3, 3.92156862745098e-3, 0.0, 0.0, 0.0, 0.0 ], [ -1.9999745098039215e-2, 2.0000156862745103e-2, 1.9999607843137302e-2, -2.0000490196078448e-2, 2.000049019607843e-2, 2.0000254901960782e-2, -2.000043137254902e-2, -2.000029411764706e-2, -2.0000235294117635e-2, 1.9999921568627416e-2, 1.9999843137254922e-2, 2.0000411764705878e-2, 2.000019607843135e-2, -1.9999725490196057e-2, 2.0000372549019627e-2, 1.9999529411764697e-2, 2.0000196078431395e-2, 1.9999862745098032e-2, 1.999962745098039e-2, 0.0, 0.0, 0.0, 0.0, 1.1764705882352941e-2, 1.96078431372549e-2, 1.1764705882352941e-2, 0.0, -2.0e-2 ], [ 2.0000274509803934e-2, 2.0000156862745103e-2, 2.000043137254901e-2, 2.000025490196083e-2, 2.0000098039215708e-2, -2.00003137254902e-2, -1.9999725490196057e-2, -2.0000254901960765e-2, 2.0000333333333283e-2, 1.999974509803919e-2, 2.000005882352946e-2, 1.9999843137254922e-2, 1.9999823529411785e-2, 1.9999588235294113e-2, 1.9999862745098032e-2, 1.9999588235294113e-2, 2.0000098039215708e-2, 2.000047058823526e-2, 1.999970588235299e-2, 1.999996078431372e-2, 1.999950980392155e-2, 1.999994117647059e-2, 0.0, 0.0, 0.0, 0.0, 0.0, -2.0e-2 ], [ 2.0000372549019617e-2, 2.000039215686272e-2, 2.0000156862745144e-2, -2.000021568627456e-2, 2.0000156862745103e-2, -2.000007843137252e-2, -1.9999666666666718e-2, 2.000037254901964e-2, 1.9999921568627416e-2, 2.000031372549019e-2, 2.0000176470588257e-2, 2.0000039215686268e-2, -1.9999588235294123e-2, 2.0000274509803944e-2, 2.0000039215686268e-2, 2.0000274509803944e-2, 2.0000411764705878e-2, 2.0000411764705878e-2, 2.0000411764705878e-2, 2.0000372549019627e-2, 2.0000196078431395e-2, 1.999964705882355e-2, 1.999996078431372e-2, 1.9999862745098032e-2, 2.0000235294117628e-2, 1.9999725490196088e-2, 1.9999980392156863e-2, 0.0 ], [ 1.9999549019607855e-2, 2.0e-2, 2.000023529411764e-2, -2.0000039215686282e-2, 2.0000196078431395e-2, -2.0000254901960765e-2, -2.000035294117645e-2, 2.0000098039215708e-2, 1.999964705882355e-2, 2.000047058823526e-2, 2.000047058823526e-2, 1.999964705882355e-2, 1.999996078431372e-2, 2.0000372549019627e-2, 1.9999921568627416e-2, 1.9999509803921563e-2, 1.9999549019607866e-2, -2.0000039215686282e-2, 1.9999921568627416e-2, 1.9999549019607866e-2, 2.0000137254901955e-2, 2.0000137254901955e-2, 1.99996862745098e-2, 2.0000372549019627e-2, 1.999964705882355e-2, 1.999996078431372e-2, 2.0000235294117596e-2, -2.000007843137254e-2 ], [ 2.000047058823526e-2, 2.000021568627454e-2, 2.0000019607843103e-2, 1.9999980392156853e-2, -2.000035294117645e-2, -1.9999862745098046e-2, -1.9999588235294123e-2, -1.9999803921568606e-2, 1.9999607843137302e-2, 1.999988235294117e-2, -2.000011764705883e-2, 1.9999745098039236e-2, 1.9999607843137302e-2, 2.0000333333333325e-2, 1.9999823529411785e-2, 2.0000411764705878e-2, 2.000045098039218e-2, -1.999954901960782e-2, 2.0000274509803944e-2, 2.000019607843138e-2, 1.9999901960784338e-2, 2.000031372549019e-2, 1.9999588235294113e-2, 2.0000137254901955e-2, 2.0000098039215708e-2, 1.9999745098039236e-2, 1.999966666666663e-2, 1.999974509803919e-2 ], [ -1.999962745098036e-2, 1.9999882352941124e-2, 2.000000000000002e-2, 2.0000019607843103e-2, -2.0000431372549057e-2, -1.999956862745099e-2, -2.0000254901960765e-2, -2.000011764705883e-2, 1.999988235294117e-2, 2.0000019607843103e-2, -1.999956862745099e-2, 1.9999843137254922e-2, 1.999970588235299e-2, -1.9999705882352923e-2, 1.999970588235299e-2, -1.9999705882352923e-2, -2.00003921568627e-2, -1.9999666666666673e-2, 2.0000333333333325e-2, 1.999964705882355e-2, -2.0000215686274518e-2, 1.9999607843137302e-2, 1.999970588235299e-2, 1.999966666666663e-2, 1.9999843137254922e-2, 2.0000392156862765e-2, 1.9999705882352944e-2, -2.000019607843137e-2 ], [ -1.999974509803917e-2, 1.9999725490196022e-2, -1.9999705882352965e-2, -2.000025490196081e-2, -1.9999843137254898e-2, 1.9999843137254877e-2, -2.0000117647058877e-2, 1.9999509803921574e-2, 2.0000333333333283e-2, 2.0000470588235324e-2, 2.0000470588235324e-2, 2.0000333333333283e-2, 2.0000058823529416e-2, 1.9999784313725438e-2, 1.9999647058823507e-2, -1.9999764705882404e-2, 2.0000235294117596e-2, 2.0000392156862765e-2, 1.9999568627450944e-2, 1.9999843137254922e-2, 1.9999529411764697e-2, 1.9999921568627482e-2, 2.0000470588235324e-2, 1.9999882352941124e-2, 1.9999607843137257e-2, -2.0000117647058877e-2, -1.9999745098039215e-2, 2.000045098039218e-2 ], [ 1.9999666666666666e-2, 2.0000196078431395e-2, -2.0000039215686282e-2, -1.9999666666666673e-2, -2.0000254901960765e-2, -1.9999666666666673e-2, -1.9999980392156898e-2, -1.999974509803917e-2, 2.0000117647058786e-2, 2.0000392156862765e-2, 2.000025490196083e-2, 1.9999980392156853e-2, 2.0000117647058786e-2, 2.0000235294117596e-2, 1.999966666666663e-2, 2.000025490196083e-2, 1.999966666666663e-2, 2.000025490196083e-2, 2.0000294117647078e-2, 2.000043137254901e-2, 1.9999568627450944e-2, 2.0000294117647078e-2, 2.0000196078431395e-2, 1.999964705882355e-2, 2.0000411764705878e-2, -1.999976470588237e-2, -2.0e-2, 0.0 ], [ 0.0, 0.0, -2.0e-2, 0.0, 0.0, -2.0e-2, 0.0, -2.0e-2, 0.0, 0.0, -2.0e-2, -2.0e-2, -2.0e-2, -2.0e-2, 0.0, 0.0, 0.0, 0.0, 0.0, 0.0, 0.0, 0.0, -2.0e-2, -2.0e-2, -2.0e-2, -2.0e-2, -2.0e-2, -2.0e-2 ], [ 0.0, 0.0, 0.0, 0.0, 0.0, 0.0, 0.0, -2.0e-2, -2.0e-2, 0.0, -2.0e-2, 0.0, 0.0, 0.0, 0.0, 0.0, 0.0, 0.0, 0.0, 0.0, -2.0e-2, 0.0, -2.0e-2, 0.0, 0.0, 0.0, -2.0e-2, 0.0 ], [ 0.0, 0.0, 0.0, 0.0, -2.0e-2, 0.0, 0.0, 0.0, 0.0, 0.0, -2.0e-2, -2.0e-2, 0.0, 0.0, 0.0, 0.0, 0.0, 0.0, 0.0, 0.0, -2.0e-2, 0.0, -2.0e-2, 0.0, 0.0, 0.0, 0.0, 0.0 ], [ 0.0, -2.0e-2, 0.0, 0.0, 0.0, 0.0, 0.0, -2.0e-2, 0.0, 0.0, 0.0, 0.0, 0.0, 0.0, 0.0, 0.0, 0.0, 0.0, 0.0, -2.0e-2, 0.0, 0.0, -2.0e-2, 0.0, 0.0, 0.0, -2.0e-2, -2.0e-2 ], [ -2.0e-2, -2.0e-2, 0.0, 0.0, 0.0, -2.0e-2, -2.0e-2, -2.0e-2, -2.0e-2, 0.0, -2.0e-2, 0.0, 0.0, 0.0, 0.0, 0.0, 0.0, 0.0, 0.0, 0.0, 0.0, 0.0, -2.0e-2, 0.0, 0.0, 0.0, -2.0e-2, -2.0e-2 ], [ -2.0e-2, -2.0e-2, 0.0, 0.0, 0.0, -2.0e-2, 0.0, -2.0e-2, -2.0e-2, 0.0, -2.0e-2, -2.0e-2, 0.0, -2.0e-2, -2.0e-2, -2.0e-2, -2.0e-2, 0.0, 0.0, -2.0e-2, 0.0, -2.0e-2, -2.0e-2, -2.0e-2, 0.0, 0.0, -2.0e-2, -2.0e-2 ], [ -2.0e-2, -2.0e-2, 0.0, 0.0, 0.0, -2.0e-2, 0.0, -2.0e-2, -2.0e-2, 0.0, 0.0, 0.0, 0.0, 0.0, 0.0, 0.0, 0.0, 0.0, 0.0, 0.0, 0.0, -2.0e-2, -2.0e-2, -2.0e-2, 0.0, 0.0, -2.0e-2, -2.0e-2 ], [ 0.0, -2.0e-2, -2.0e-2, -2.0e-2, -2.0e-2, -2.0e-2, -2.0e-2, -2.0e-2, -2.0e-2, 0.0, 0.0, 0.0, 0.0, 0.0, 0.0, 0.0, 0.0, 0.0, 0.0, 0.0, 0.0, -2.0e-2, -2.0e-2, -2.0e-2, -2.0e-2, -2.0e-2, 0.0, -2.0e-2 ] ]
  robust!13 [......................................................] 0/9 queries
  robust!13 [======>...............................................] 1/9 queries
  robust!13 [============>.........................................] 2/9 queries
  robust!13 [==================>...................................] 3/9 queries
  robust!13 [========================>.............................] 4/9 queries
  robust!13 [==============================>.......................] 5/9 queries
  robust!13 [====================================>.................] 6/9 queries
  robust!13 [==========================================>...........] 7/9 queries
  robust!13 [================================================>.....] 8/9 queries
  robust!13 [======================================================] 9/9 queries
  robust!14 [......................................................] 0/9 queries
  robust!14 [======>...............................................] 1/9 queries
  robust!14 [============>.........................................] 2/9 queries
  robust!14 [==================>...................................] 3/9 queries
  robust!14 [========================>.............................] 4/9 queries
  robust!14 [==============================>.......................] 5/9 queries
  robust!14 [====================================>.................] 6/9 queries
  robust!14 [==========================================>...........] 7/9 queries
  robust!14 [================================================>.....] 8/9 queries
    result: 🗸 - Marabou proved no counterexample exists

    result: ✗ - Marabou found a counterexample
      perturbation: [ [ 0.0, 0.0, 0.0, 0.0, 0.0, 0.0, 0.0, 0.0, 0.0, 0.0, 0.0, 0.0, 2.0000431372549e-2, 1.9999529411764687e-2, 1.9999803921568606e-2, 1.9999980392156842e-2, 2.0000058823529395e-2, 0.0, 0.0, 0.0, 0.0, 0.0, 0.0, 0.0, 0.0, 0.0, 0.0, 0.0 ], [ 0.0, 0.0, 0.0, 0.0, 3.92156862745098e-3, 0.0, 0.0, 3.92156862745098e-3, 1.96078431372549e-2, 0.0, 1.1764705882352941e-2, 2.0e-2, 2.0000019607843124e-2, 1.999988235294119e-2, 2.0000450980392156e-2, 2.0000313725490226e-2, 2.0e-2, 2.0000058823529416e-2, 0.0, 0.0, 1.568627450980392e-2, 0.0, 0.0, 0.0, 0.0, 0.0, 0.0, 0.0 ], [ 0.0, 0.0, 0.0, 0.0, 7.84313725490196e-3, 0.0, 7.84313725490196e-3, 0.0, 0.0, 0.0, 1.9999862745098046e-2, 2.0000019607843124e-2, 2.0000235294117662e-2, 2.000039215686272e-2, 1.999994117647056e-2, 2.0000352941176473e-2, 2.0000490196078406e-2, 2.0000352941176473e-2, 0.0, 0.0, 0.0, 1.1764705882352941e-2, 0.0, 0.0, 0.0, 0.0, 0.0, 0.0 ], [ 0.0, 0.0, 0.0, 0.0, 0.0, 1.96078431372549e-2, 0.0, 0.0, 2.0000078431372574e-2, 2.0000039215686292e-2, 1.999994117647056e-2, 2.000021568627454e-2, 1.9999666666666697e-2, 2.0000470588235324e-2, 1.9999823529411754e-2, 1.9999647058823573e-2, 2.000021568627454e-2, 1.9999784313725507e-2, 1.9999784313725507e-2, 1.9999823529411785e-2, 7.84313725490196e-3, 0.0, 0.0, 0.0, 0.0, 0.0, 0.0, 0.0 ], [ 0.0, 0.0, 0.0, 0.0, 7.84313725490196e-3, 0.0, 0.0, 1.999996078431373e-2, 2.0000294117647102e-2, 2.0000039215686247e-2, 2.0000352941176473e-2, 2.000021568627454e-2, 2.000005882352937e-2, 1.999968627450982e-2, 1.9999823529411754e-2, 2.0000196078431415e-2, 1.9999647058823573e-2, 1.9999784313725507e-2, 1.999976470588238e-2, 1.999988235294119e-2, 2.0000352941176473e-2, 1.999976470588235e-2, 0.0, 1.568627450980392e-2, 0.0, 0.0, 0.0, 0.0 ], [ 0.0, 0.0, 0.0, 0.0, 7.84313725490196e-3, 0.0, 1.999996078431371e-2, 2.0000450980392156e-2, 1.9999666666666697e-2, 2.0000078431372494e-2, 2.0000352941176473e-2, 2.000021568627454e-2, 2.0000470588235283e-2, 1.999988235294119e-2, 2.0000000000000046e-2, 1.999980392156863e-2, 2.000033333333335e-2, 1.9999784313725507e-2, 2.000021568627454e-2, 2.0000078431372494e-2, 1.9999921568627437e-2, 1.9999607843137215e-2, 2.0000470588235293e-2, 0.0, 3.92156862745098e-3, 0.0, 0.0, 0.0 ], [ 0.0, 0.0, 0.0, 0.0, 0.0, 0.0, 1.9999529411764697e-2, 1.9999745098039257e-2, 1.999950980392153e-2, 2.000021568627454e-2, 1.9999921568627437e-2, 2.0000490196078406e-2, 1.999962745098034e-2, 1.999962745098034e-2, 2.0000352941176473e-2, 2.0000372549019596e-2, 2.0000470588235283e-2, 2.000021568627454e-2, 2.0000352941176473e-2, 2.0000352941176473e-2, 2.0000078431372494e-2, 2.0000470588235283e-2, 1.9999784313725438e-2, 0.0, 0.0, 0.0, 0.0, 0.0 ], [ 0.0, 0.0, 0.0, 0.0, 0.0, 3.92156862745098e-3, 1.9999647058823573e-2, 2.000005882352937e-2, 1.9999784313725507e-2, 2.000021568627454e-2, 2.0000490196078406e-2, 1.999976470588238e-2, 2.0000352941176473e-2, 1.9999647058823573e-2, 2.000021568627454e-2, 1.999962745098034e-2, 2.0000352941176473e-2, 2.0000352941176473e-2, 1.9999921568627437e-2, 1.9999921568627437e-2, 2.0000352941176473e-2, 1.999950980392153e-2, 2.0000039215686247e-2, 1.999958823529413e-2, 0.0, 0.0, 0.0, 0.0 ], [ 0.0, 0.0, 0.0, 0.0, 0.0, 2.0000039215686268e-2, 2.0000313725490226e-2, 1.9999921568627437e-2, 2.0000490196078406e-2, 1.9999921568627437e-2, 1.9999960784313688e-2, 1.9999647058823573e-2, 2.0000490196078406e-2, 2.000005882352937e-2, 1.999980392156863e-2, 1.9999921568627437e-2, 1.999976470588238e-2, 2.000021568627454e-2, 2.000021568627454e-2, 1.9999784313725507e-2, 1.9999784313725507e-2, 2.0000078431372494e-2, 1.9999607843137215e-2, 1.9999980392156853e-2, 0.0, 0.0, 0.0, 0.0 ], [ 0.0, 0.0, 0.0, 0.0, 0.0, 2.0000019607843103e-2, 2.000017647058818e-2, 2.0000196078431415e-2, 2.0000196078431415e-2, 2.0000352941176473e-2, 2.0000078431372494e-2, 2.0000490196078406e-2, 1.9999647058823573e-2, 1.9999921568627437e-2, 1.9999705882352944e-2, 1.999980392156863e-2, 2.0000490196078406e-2, 2.0000490196078406e-2, 2.0000352941176473e-2, 1.9999921568627437e-2, 2.0000352941176473e-2, 2.0000352941176473e-2, 2.000033333333335e-2, 2.000009803921573e-2, 0.0, 0.0, 0.0, 0.0 ], [ 0.0, 0.0, 0.0, 0.0, 0.0, 2.00004509803922e-2, 2.0000039215686247e-2, 1.999976470588238e-2, 1.9999921568627437e-2, 2.000021568627454e-2, 1.999962745098034e-2, 2.0000078431372494e-2, 1.9999784313725507e-2, 2.0000352941176473e-2, 1.9999921568627437e-2, 1.9999784313725507e-2, 2.0000078431372494e-2, 2.0000078431372494e-2, 2.0000490196078406e-2, 2.0000078431372494e-2, 1.9999784313725507e-2, 1.9999921568627437e-2, 1.9999921568627437e-2, 1.999998039215681e-2, 0.0, 0.0, 0.0, 0.0 ], [ 0.0, 0.0, 0.0, 0.0, 0.0, 1.9999784313725507e-2, 1.999976470588238e-2, 2.000033333333335e-2, 2.000005882352937e-2, 2.000021568627454e-2, 1.9999784313725507e-2, 1.9999784313725507e-2, 1.9999921568627437e-2, 1.9999647058823573e-2, 1.999950980392153e-2, 2.0000352941176473e-2, 1.9999784313725507e-2, 1.9999784313725507e-2, 2.0000352941176473e-2, 1.9999784313725507e-2, 1.9999784313725507e-2, 1.999962745098034e-2, 2.0000352941176473e-2, 2.0000235294117662e-2, 0.0, 0.0, 0.0, 0.0 ], [ 0.0, 0.0, 0.0, 0.0, 0.0, 1.9999862745098067e-2, 2.000005882352937e-2, 1.9999901960784314e-2, 1.999976470588238e-2, 2.000005882352937e-2, 1.9999921568627437e-2, 2.0000352941176473e-2, 2.0000352941176473e-2, 1.9999921568627437e-2, 2.000005882352937e-2, 2.0000490196078406e-2, 1.9999784313725507e-2, 2.0000490196078406e-2, 1.9999647058823573e-2, 2.0000490196078406e-2, 1.9999921568627437e-2, 1.999962745098034e-2, 1.9999784313725507e-2, 2.0e-2, 1.9999960784313726e-2, 0.0, 0.0, 0.0 ], [ 0.0, 0.0, 0.0, 0.0, 0.0, 2.0e-2, 2.0000352941176473e-2, 2.0000470588235283e-2, 1.999976470588238e-2, 2.0000196078431415e-2, 2.0000490196078406e-2, 1.9999784313725507e-2, 2.0000352941176473e-2, 2.000005882352937e-2, 2.0000117647058852e-2, 2.0000372549019596e-2, 2.000005882352937e-2, 1.9999784313725507e-2, 2.000021568627454e-2, 2.0000490196078406e-2, 1.999962745098034e-2, 2.0000196078431415e-2, 2.0000352941176473e-2, 2.0e-2, 2.0000137254901972e-2, 0.0, 0.0, 0.0 ], [ 0.0, 0.0, 0.0, 0.0, 2.000035294117647e-2, 2.0e-2, 2.000021568627454e-2, 2.0000039215686247e-2, 1.999976470588238e-2, 2.0000196078431415e-2, 2.0000490196078406e-2, 1.9999784313725507e-2, 1.9999784313725507e-2, 1.999962745098034e-2, 1.9999823529411754e-2, 1.9999647058823573e-2, 2.000033333333335e-2, 1.9999921568627437e-2, 1.9999784313725507e-2, 2.0000490196078406e-2, 2.0000470588235283e-2, 2.000005882352937e-2, 1.9999921568627437e-2, 2.0e-2, 1.9999901960784338e-2, 0.0, 0.0, 0.0 ], [ 0.0, 0.0, 0.0, 0.0, 1.999952941176473e-2, 2.0e-2, 2.000021568627454e-2, 2.000017647058818e-2, 1.9999901960784314e-2, 1.999976470588238e-2, 2.0000490196078406e-2, 1.9999784313725507e-2, 2.0000352941176473e-2, 1.9999921568627437e-2, 1.999962745098034e-2, 1.9999921568627437e-2, 1.9999784313725507e-2, 2.0000490196078406e-2, 2.000005882352937e-2, 1.9999921568627437e-2, 1.9999745098039257e-2, 2.000005882352937e-2, 2.000005882352937e-2, 2.0e-2, 2.000011764705883e-2, 0.0, 0.0, 0.0 ], [ 0.0, 0.0, 0.0, 0.0, 1.9999862745098032e-2, 2.0e-2, 2.000021568627454e-2, 1.9999901960784314e-2, 2.0000470588235283e-2, 1.999976470588238e-2, 2.0000352941176473e-2, 1.9999921568627437e-2, 2.0000352941176473e-2, 1.9999921568627437e-2, 1.9999647058823573e-2, 2.0000352941176473e-2, 2.0000490196078406e-2, 2.000005882352937e-2, 2.0000490196078406e-2, 2.000021568627454e-2, 1.9999607843137215e-2, 2.0000490196078406e-2, 1.999962745098034e-2, 2.0e-2, 2.000005882352946e-2, 0.0, 0.0, 0.0 ], [ 0.0, 0.0, 0.0, 0.0, 2.0000372549019627e-2, 2.0e-2, 2.000021568627454e-2, 1.999976470588238e-2, 1.9999607843137215e-2, 2.0000196078431415e-2, 2.0000352941176473e-2, 1.9999921568627437e-2, 2.0000352941176473e-2, 2.0000490196078406e-2, 2.000021568627454e-2, 1.9999921568627437e-2, 1.9999921568627437e-2, 1.9999921568627437e-2, 1.999962745098034e-2, 1.999950980392153e-2, 2.0000470588235283e-2, 1.999976470588238e-2, 2.0000490196078406e-2, 2.0000431372549032e-2, 2.0000294117647078e-2, 0.0, 0.0, 0.0 ], [ 0.0, 0.0, 0.0, 0.0, 1.999970588235299e-2, 2.0e-2, 1.9999647058823573e-2, 1.999962745098034e-2, 1.999988235294119e-2, 2.0000196078431415e-2, 2.0000352941176473e-2, 1.9999921568627437e-2, 1.9999784313725507e-2, 1.999962745098034e-2, 2.0000137254901976e-2, 1.999950980392153e-2, 2.000005882352937e-2, 2.0000490196078406e-2, 1.9999784313725507e-2, 1.9999921568627437e-2, 2.0000235294117662e-2, 1.9999607843137215e-2, 2.0000490196078406e-2, 1.9999725490196022e-2, 2.0000235294117596e-2, 0.0, 0.0, 0.0 ], [ 0.0, 0.0, 0.0, 0.0, 1.9999647058823507e-2, 1.9999725490196022e-2, 2.0000490196078406e-2, 2.0000196078431415e-2, 2.000017647058818e-2, 1.999976470588238e-2, 2.0000352941176473e-2, 2.0000490196078406e-2, 2.0000490196078406e-2, 2.0000490196078406e-2, 1.9999921568627437e-2, 2.000005882352937e-2, 2.000005882352937e-2, 2.0000352941176473e-2, 2.0000078431372494e-2, 1.9999607843137215e-2, 1.999996078431373e-2, 1.9999607843137215e-2, 2.0000196078431415e-2, 2.0000313725490226e-2, 2.0000470588235324e-2, 0.0, 0.0, 0.0 ], [ 0.0, 0.0, 0.0, 0.0, 2.0000039215686292e-2, 2.0000313725490226e-2, 2.000017647058818e-2, 1.9999549019607887e-2, 2.0000156862745103e-2, 1.9999862745098067e-2, 2.0000078431372494e-2, 2.000005882352937e-2, 2.0000490196078406e-2, 2.0000490196078406e-2, 2.0000352941176473e-2, 2.000005882352937e-2, 2.000005882352937e-2, 2.0000490196078406e-2, 1.999994117647056e-2, 1.9999862745098067e-2, 1.999996078431373e-2, 1.999994117647056e-2, 1.9999745098039257e-2, 1.9999607843137215e-2, 1.999974509803919e-2, 0.0, 0.0, 0.0 ], [ 0.0, 0.0, 0.0, 0.0, 2.0000431372548966e-2, 2.0000196078431415e-2, 2.0e-2, 2.000025490196083e-2, 1.9999980392156853e-2, 2.0e-2, 1.9999647058823573e-2, 2.0000490196078406e-2, 2.0000490196078406e-2, 2.000005882352937e-2, 1.999962745098034e-2, 1.999962745098034e-2, 2.000005882352937e-2, 1.9999921568627437e-2, 2.0000372549019596e-2, 2.0e-2, 1.9999725490196112e-2, 2.0000333333333283e-2, 2.0e-2, 1.999962745098034e-2, 1.9999882352941124e-2, 0.0, 0.0, 0.0 ], [ 0.0, 0.0, 0.0, 0.0, 1.999956862745101e-2, 1.9999921568627437e-2, 2.0e-2, 2.0000294117647067e-2, 1.9999745098039236e-2, 2.0e-2, 1.999950980392153e-2, 2.0000490196078406e-2, 2.0000490196078406e-2, 2.0000490196078406e-2, 2.000009803921573e-2, 2.0000352941176473e-2, 1.999962745098034e-2, 1.9999921568627437e-2, 2.0000372549019596e-2, 2.0e-2, 2.0000490196078382e-2, 1.9999921568627416e-2, 2.0e-2, 2.0000490196078406e-2, 2.00004509803922e-2, 0.0, 0.0, 0.0 ], [ 0.0, 0.0, 0.0, 0.0, 1.9999588235294134e-2, 1.999962745098034e-2, 2.0e-2, 2.0000372549019606e-2, 1.9999588235294068e-2, 2.0e-2, 2.0000352941176473e-2, 1.999962745098034e-2, 2.0000490196078406e-2, 1.999962745098034e-2, 1.9999666666666697e-2, 2.0000196078431415e-2, 1.999962745098034e-2, 2.0000490196078406e-2, 1.9999784313725507e-2, 2.0e-2, 2.000007843137253e-2, 1.9999823529411775e-2, 1.9999725490196022e-2, 1.9999921568627437e-2, 1.9999921568627482e-2, 0.0, 0.0, 0.0 ], [ 0.0, 0.0, 0.0, 0.0, 1.999974509803919e-2, 1.999962745098034e-2, 2.000017647058818e-2, 0.0, 1.9999843137254922e-2, 1.9999862745098067e-2, 2.0000490196078406e-2, 2.0000196078431415e-2, 1.999962745098034e-2, 1.999962745098034e-2, 1.999962745098034e-2, 1.999962745098034e-2, 1.999976470588238e-2, 2.000005882352937e-2, 2.000021568627454e-2, 2.0e-2, 2.000011764705883e-2, 1.9999843137254898e-2, 2.0e-2, 2.000005882352937e-2, 2.000019607843135e-2, 0.0, 0.0, 0.0 ], [ 0.0, 0.0, 0.0, 0.0, 2.0000490196078448e-2, 2.0000450980392156e-2, 2.0e-2, 0.0, 1.9999999999999976e-2, 2.0000450980392156e-2, 1.9999784313725507e-2, 1.999962745098034e-2, 1.9999921568627437e-2, 2.0000352941176473e-2, 2.0000490196078406e-2, 1.9999921568627437e-2, 2.000005882352937e-2, 1.9999921568627437e-2, 1.999950980392153e-2, 1.999988235294119e-2, 2.000007843137253e-2, 1.999980392156865e-2, 2.0e-2, 2.0000078431372494e-2, 1.99998235294118e-2, 0.0, 0.0, 0.0 ], [ 0.0, 0.0, 0.0, 0.0, 0.0, 2.0000372549019606e-2, 2.000049019607843e-2, 0.0, 1.999990196078436e-2, 2.0000450980392156e-2, 2.0000352941176473e-2, 1.999976470588238e-2, 1.999976470588238e-2, 2.000033333333335e-2, 1.999962745098034e-2, 2.000005882352937e-2, 2.0000352941176473e-2, 1.999962745098034e-2, 2.0000078431372494e-2, 2.0000450980392156e-2, 2.0000235294117596e-2, 0.0, 0.0, 0.0, 0.0, 0.0, 0.0, 0.0 ], [ 0.0, 0.0, 0.0, 0.0, 0.0, 0.0, 0.0, 0.0, 2.0000058823529416e-2, 1.9999901960784314e-2, 1.999950980392153e-2, 1.999950980392153e-2, 2.0000352941176473e-2, 1.9999921568627437e-2, 2.0000372549019596e-2, 2.0000078431372494e-2, 1.9999647058823573e-2, 1.9999784313725507e-2, 2.000021568627454e-2, 2.000005882352937e-2, 2.0000490196078382e-2, 0.0, 0.0, 0.0, 0.0, 0.0, 0.0, 0.0 ] ]
  robust!15 [......................................................] 0/9 queries
  robust!15 [======>...............................................] 1/9 queries
  robust!15 [============>.........................................] 2/9 queries
  robust!15 [==================>...................................] 3/9 queries
    result: ✗ - Marabou found a counterexample
      perturbation: [ [ 0.0, 0.0, 0.0, -2.0e-2, 0.0, 0.0, 0.0, 0.0, 0.0, 0.0, 0.0, 0.0, 0.0, 0.0, 2.0000235294117645e-2, 1.999954901960784e-2, 0.0, 3.92156862745098e-3, 1.96078431372549e-2, 0.0, -2.0e-2, 0.0, 0.0, 0.0, 0.0, 0.0, 0.0, 0.0 ], [ 0.0, 0.0, 0.0, 0.0, 0.0, 0.0, 0.0, -2.0e-2, 0.0, 2.0000098039215708e-2, 2.0000196078431415e-2, 1.9999549019607887e-2, 2.000017647058818e-2, 1.9999784313725507e-2, 2.000033333333335e-2, 2.0e-2, 2.0000039215686247e-2, 2.0000078431372494e-2, 1.9999921568627437e-2, 1.9999529411764697e-2, -1.5183e-2, 0.0, 0.0, 0.0, 0.0, 0.0, 0.0, 0.0 ], [ 0.0, 0.0, 0.0, 0.0, 0.0, 0.0, 0.0, 0.0, 0.0, 1.9999823529411785e-2, 1.999996078431373e-2, 2.00004509803922e-2, 1.9999725490196067e-2, 1.999968627450982e-2, 2.0000235294117662e-2, 1.9999529411764652e-2, 2.0000176470588226e-2, 1.9999901960784293e-2, 1.999966666666663e-2, 2.0000098039215708e-2, 0.0, -2.0e-2, 0.0, 0.0, 0.0, 0.0, 0.0, 0.0 ], [ 0.0, 0.0, 0.0, 0.0, 0.0, 0.0, 0.0, 0.0, 0.0, 2.0000490196078382e-2, 2.000043137254901e-2, 1.9999921568627482e-2, 2.0000176470588226e-2, 1.9999960784313688e-2, 2.0000039215686292e-2, 2.0000000000000046e-2, 2.0000294117647033e-2, 1.9999588235294068e-2, 2.000007843137253e-2, 1.999984313725491e-2, 0.0, 0.0, 0.0, -2.0e-2, 0.0, 0.0, 0.0, 0.0 ], [ 0.0, 0.0, 0.0, 0.0, 0.0, 0.0, 0.0, 0.0, 0.0, 1.9999921568627416e-2, 2.0000235294117596e-2, 1.999962745098038e-2, 1.9999607843137257e-2, 2.0000431372548966e-2, 2.0000333333333325e-2, 2.0000274509803954e-2, 2.00004509803922e-2, 2.0000490196078448e-2, 2.0000392156862765e-2, 1.9999784313725483e-2, 0.0, 0.0, 0.0, 0.0, 0.0, 0.0, 0.0, 0.0 ], [ 0.0, 0.0, 0.0, 0.0, 0.0, 0.0, 0.0, 0.0, 0.0, 1.9999901960784293e-2, 1.9999764705882314e-2, 1.9999764705882314e-2, 1.9999941176470606e-2, 2.0000156862745103e-2, 2.000007843137254e-2, 1.9999686274509754e-2, 2.0000490196078448e-2, 2.0000490196078448e-2, 1.999996078431373e-2, 1.9999627450980426e-2, 0.0, -2.0e-2, 0.0, 0.0, 0.0, 0.0, 0.0, 0.0 ], [ 0.0, 0.0, 0.0, 0.0, 0.0, 0.0, 0.0, 0.0, 0.0, 1.999964705882355e-2, 2.000001960784317e-2, 1.999962745098038e-2, 2.000007843137254e-2, 1.9999764705882314e-2, 2.000019607843135e-2, 1.9999686274509754e-2, 1.9999941176470606e-2, 2.000037254901964e-2, 1.999962745098038e-2, 2.000011764705883e-2, 0.0, -2.0e-2, 0.0, 0.0, 0.0, 0.0, 0.0, 0.0 ], [ 0.0, 0.0, 0.0, 0.0, 0.0, 0.0, 0.0, 0.0, 0.0, 1.999984313725491e-2, 2.0000137254901976e-2, 1.999996078431373e-2, 1.9999529411764697e-2, 2.0000215686274473e-2, 2.0000392156862765e-2, 1.999974509803919e-2, 2.0000470588235324e-2, 1.9999764705882314e-2, 2.000001960784317e-2, 2.000019607843138e-2, 0.0, 0.0, 0.0, 0.0, 0.0, 0.0, 0.0, 0.0 ], [ 0.0, 0.0, 0.0, 0.0, 0.0, 0.0, 0.0, 0.0, 0.0, 1.999956862745099e-2, 2.0000215686274473e-2, 2.000035294117645e-2, 1.9999921568627416e-2, 1.9999921568627482e-2, 1.9999960784313688e-2, 2.000001960784317e-2, 1.999970588235299e-2, 1.999996078431373e-2, 1.999962745098038e-2, 2.0000098039215698e-2, 0.0, 0.0, 0.0, 0.0, 0.0, 0.0, 0.0, -2.0e-2 ], [ 0.0, 0.0, 0.0, 0.0, 0.0, 0.0, 0.0, 0.0, 0.0, 1.9999784313725472e-2, 2.000013725490191e-2, 1.9999803921568606e-2, 1.9999941176470595e-2, 1.9999803921568672e-2, 1.9999745098039236e-2, 2.0000431372548966e-2, 1.9999823529411785e-2, 2.000011764705883e-2, 2.0000450980392135e-2, 2.000045098039217e-2, 0.0, 0.0, 0.0, 0.0, 0.0, 0.0, 0.0, -2.0e-2 ], [ 0.0, 0.0, 0.0, 0.0, 0.0, 0.0, 0.0, 0.0, 0.0, 2.0000254901960782e-2, 2.0000019607843103e-2, 1.999956862745099e-2, 1.9999705882352923e-2, 1.999990196078436e-2, 2.0000058823529395e-2, 2.000027450980391e-2, 1.999984313725491e-2, 2.000015686274508e-2, 2.000005882352946e-2, 1.9999647058823528e-2, 0.0, 0.0, 0.0, 0.0, 0.0, 0.0, 0.0, 0.0 ], [ -2.0e-2, 0.0, 0.0, 0.0, 0.0, 0.0, 0.0, 0.0, 0.0, 1.9999843137254898e-2, 2.0000176470588268e-2, 2.8755882352941124e-3, 1.9999725490196102e-2, 2.0000470588235324e-2, 1.9999843137254898e-2, 1.9999705882352944e-2, 2.0000431372549e-2, 2.000000000000002e-2, 2.000005882352946e-2, 1.9999529411764704e-2, 0.0, 0.0, 0.0, 0.0, 0.0, 0.0, 0.0, -2.0e-2 ], [ 0.0, 0.0, 0.0, 0.0, 0.0, 0.0, 0.0, 0.0, 0.0, 2.000043137254902e-2, -1.99996862745098e-2, -1.9999529411764697e-2, 1.9999980392156842e-2, 2.0000058823529416e-2, 2.0000078431372546e-2, 2.0000137254901976e-2, 1.9999725490196102e-2, 1.999984313725491e-2, 1.999976470588236e-2, 1.9999823529411764e-2, 0.0, 0.0, 0.0, 0.0, 0.0, 0.0, 0.0, 0.0 ], [ 0.0, -2.0e-2, 0.0, 0.0, 0.0, 0.0, 0.0, 0.0, 0.0, 2.000005882352941e-2, -2.0000137254901955e-2, 2.0000352941176493e-2, 1.9999823529411785e-2, 1.9999647058823507e-2, 0.0, 2.0000294117647033e-2, 1.9999705882352923e-2, 1.9999705882352923e-2, 2.000005882352946e-2, 2.0000254901960782e-2, 0.0, 0.0, 0.0, 0.0, 0.0, 0.0, 0.0, 0.0 ], [ -2.0e-2, -2.0e-2, 0.0, 0.0, 0.0, 0.0, 0.0, 0.0, 0.0, 2.0000215686274508e-2, 1.999954901960782e-2, 2.0000235294117628e-2, 1.9999941176470595e-2, 1.999954901960782e-2, 0.0, 2.0000333333333283e-2, 1.9999549019607866e-2, 1.9999862745098032e-2, 2.000007843137253e-2, 0.0, 0.0, 0.0, 0.0, 0.0, 0.0, 0.0, 0.0, 0.0 ], [ -2.0e-2, 0.0, 0.0, -2.0e-2, 0.0, 0.0, 0.0, 0.0, 0.0, 1.9999686274509803e-2, 2.0000117647058786e-2, 2.0000352941176493e-2, 2.0000490196078382e-2, 1.9999588235294068e-2, 0.0, 1.9999921568627482e-2, 1.9999549019607866e-2, 1.999988235294116e-2, 2.0000215686274518e-2, 0.0, 0.0, 0.0, 0.0, -2.0e-2, 0.0, 0.0, 0.0, 0.0 ], [ 0.0, 0.0, 0.0, 0.0, 0.0, 0.0, 0.0, 0.0, 0.0, 1.9999980392156863e-2, 2.0000392156862765e-2, 2.0000490196078427e-2, 1.9999941176470595e-2, 1.9999607843137302e-2, 0.0, 2.0000490196078448e-2, 2.0000254901960765e-2, 1.9999588235294113e-2, 1.999976470588236e-2, 0.0, 0.0, 0.0, 0.0, 0.0, 0.0, 0.0, 0.0, 0.0 ], [ 0.0, 0.0, 0.0, 0.0, 0.0, 0.0, 0.0, 0.0, 0.0, 1.96078431372549e-2, 1.9999588235294068e-2, 1.9999941176470585e-2, 1.9999941176470595e-2, 1.9999901960784293e-2, 0.0, 1.999962745098038e-2, 1.9999980392156842e-2, 2.0000431372549e-2, 1.9999784313725483e-2, 0.0, 0.0, 0.0, 0.0, 0.0, 0.0, 0.0, 0.0, 0.0 ], [ 0.0, 0.0, 0.0, 0.0, 0.0, 0.0, 0.0, 0.0, 0.0, 0.0, 2.00003137254902e-2, 2.000039215686274e-2, 2.0000490196078382e-2, 2.0000333333333325e-2, -2.0e-2, 2.0000352941176518e-2, 2.000015686274508e-2, 2.0000019607843145e-2, 1.9999627450980426e-2, 0.0, 0.0, 0.0, 0.0, 0.0, 0.0, 0.0, 0.0, 0.0 ], [ 0.0, 0.0, 0.0, 0.0, 0.0, 0.0, 0.0, 0.0, 0.0, 0.0, 1.9999901960784293e-2, 2.0000333333333314e-2, 2.0000117647058786e-2, 2.0000333333333325e-2, 0.0, 1.9999647058823507e-2, 2.0000490196078382e-2, 2.0000372549019627e-2, 2.0000156862745144e-2, 0.0, 0.0, 0.0, 0.0, 0.0, 0.0, 0.0, 0.0, 0.0 ], [ -2.0e-2, 0.0, -2.0e-2, 0.0, 0.0, 0.0, 0.0, 0.0, 0.0, 0.0, 2.0000411764705888e-2, 1.9999686274509754e-2, 1.9999941176470606e-2, 1.999976470588236e-2, 0.0, 2.0000490196078448e-2, 1.9999647058823507e-2, 1.999966666666663e-2, 1.9999999999999976e-2, 0.0, 0.0, 0.0, 0.0, 0.0, 0.0, 0.0, 0.0, 0.0 ], [ -2.0e-2, 0.0, 0.0, 0.0, 0.0, 0.0, 0.0, 0.0, 0.0, 0.0, 1.9999529411764697e-2, 2.0000352941176518e-2, 1.999962745098038e-2, 2.0000039215686227e-2, 0.0, 1.9999941176470606e-2, 1.999974509803919e-2, 2.0000039215686292e-2, 2.00003137254902e-2, 0.0, 0.0, 0.0, 0.0, 0.0, 0.0, 0.0, 0.0, 0.0 ], [ 0.0, 0.0, 0.0, 0.0, 0.0, 0.0, 0.0, 0.0, 0.0, 0.0, 1.9999529411764697e-2, 2.0000490196078448e-2, 2.0000058823529416e-2, 2.0000176470588268e-2, -2.0e-2, 1.9999509803921574e-2, 1.9999725490196067e-2, 2.00004509803922e-2, 2.0000156862745144e-2, 0.0, 0.0, 0.0, 0.0, 0.0, 0.0, 0.0, 0.0, 0.0 ], [ 0.0, 0.0, 0.0, 0.0, 0.0, 0.0, 0.0, 0.0, 0.0, 0.0, 2.0000274509803954e-2, 2.0000333333333283e-2, 2.000019607843135e-2, 2.000043137254901e-2, -2.0e-2, 2.0000098039215663e-2, 2.0000431372548966e-2, 1.999974509803919e-2, 2.00003137254902e-2, 0.0, 0.0, 0.0, 0.0, 0.0, 0.0, 0.0, 0.0, 0.0 ], [ 0.0, 0.0, 0.0, 0.0, 0.0, 0.0, 0.0, 0.0, 0.0, 0.0, 1.9999568627450944e-2, 1.999962745098038e-2, 2.000019607843135e-2, 2.0000156862745144e-2, 0.0, 1.9999843137254922e-2, 1.999956862745101e-2, 1.9999882352941124e-2, 2.0000039215686227e-2, 0.0, 0.0, 0.0, 0.0, 0.0, 0.0, 0.0, 0.0, 0.0 ], [ 0.0, 0.0, 0.0, 0.0, 0.0, 0.0, 0.0, 0.0, 0.0, 0.0, 1.999988235294117e-2, 2.0000215686274473e-2, 1.9999941176470606e-2, 1.9999862745098046e-2, 0.0, 2.0000117647058786e-2, 2.0000294117647033e-2, 2.0000470588235324e-2, 2.0000156862745144e-2, 0.0, 0.0, 0.0, 0.0, 0.0, 0.0, 0.0, 0.0, 0.0 ], [ -2.0e-2, 0.0, 0.0, 0.0, 0.0, 0.0, 0.0, 0.0, 0.0, 0.0, 2.0000333333333283e-2, 1.9999588235294134e-2, 1.9999588235294134e-2, 2.000007843137254e-2, 0.0, 1.9999921568627482e-2, 1.999968627450982e-2, 2.0000294117647033e-2, 2.0000490196078448e-2, 0.0, 0.0, 0.0, 0.0, 0.0, 0.0, 0.0, 0.0, 0.0 ], [ 0.0, -2.0e-2, -2.0e-2, -2.0e-2, 0.0, 0.0, 0.0, 0.0, 0.0, 0.0, 2.0000039215686286e-2, 2.0000411764705878e-2, 2.0000431372549e-2, 2.000041176470588e-2, 0.0, 2.000045098039217e-2, 2.0000490196078382e-2, 1.9999627450980426e-2, 2.000000000000001e-2, 0.0, 0.0, 0.0, 0.0, 0.0, 0.0, 0.0, 0.0, 0.0 ] ]
  robust!16 [......................................................] 0/9 queries
  robust!16 [======>...............................................] 1/9 queries
  robust!16 [============>.........................................] 2/9 queries
  robust!16 [==================>...................................] 3/9 queries
  robust!16 [========================>.............................] 4/9 queries
  robust!16 [==============================>.......................] 5/9 queries
  robust!16 [====================================>.................] 6/9 queries
  robust!16 [==========================================>...........] 7/9 queries
  robust!16 [================================================>.....] 8/9 queries
  robust!16 [======================================================] 9/9 queries
  robust!17 [......................................................] 0/9 queries
  robust!17 [======>...............................................] 1/9 queries
    result: 🗸 - Marabou proved no counterexample exists

    result: ✗ - Marabou found a counterexample
      perturbation: [ [ 0.0, -2.0e-2, -2.0e-2, -2.0e-2, -2.0e-2, 0.0, 0.0, -2.0e-2, -2.0e-2, -2.0e-2, -2.0e-2, 0.0, 2.0000490196078427e-2, 1.999978431372549e-2, 2.0000490196078427e-2, 1.9999901960784338e-2, 2.000045098039218e-2, 2.0000470588235304e-2, 0.0, -2.0e-2, -2.0e-2, 0.0, -2.0e-2, 0.0, 0.0, 0.0, 0.0, 0.0 ], [ 0.0, 0.0, -2.0e-2, -2.0e-2, 0.0, -2.000043137254902e-2, -2.000029411764706e-2, -1.999986274509804e-2, 0.0, 0.0, -1.99995490196078e-2, -2.0000176470588202e-2, 1.999950980392153e-2, 1.9999666666666697e-2, 2.0000235294117662e-2, 2.0000313725490226e-2, 2.0e-2, 1.9999921568627482e-2, -2.0000352941176493e-2, -2.000027450980391e-2, -2.0e-2, -2.00001568627451e-2, 7.84313725490196e-3, 0.0, 0.0, 0.0, 0.0, -2.0e-2 ], [ 0.0, -2.0e-2, 0.0, 0.0, -2.0e-2, -2.0e-2, 0.0, 0.0, 0.0, -1.9999745098039215e-2, 1.9999588235294092e-2, 2.0000333333333283e-2, 2.000043137254901e-2, -2.000001960784319e-2, -1.999966666666665e-2, -2.0000137254902e-2, -2.0000117647058877e-2, -2.000001960784316e-2, -1.9999901960784338e-2, -2.000007843137254e-2, -2.0e-2, -2.0e-2, -2.0e-2, -2.0e-2, 0.0, 0.0, 0.0, 0.0 ], [ 0.0, 0.0, 0.0, 7.84313725490196e-3, -2.0e-2, 0.0, -1.9999784313725493e-2, 2.0000098039215698e-2, 1.9999843137254898e-2, 2.0000450980392135e-2, 2.0000470588235304e-2, 1.9999686274509813e-2, 1.9999745098039215e-2, 2.000023529411764e-2, 2.0e-2, 2.000001960784317e-2, 2.0000490196078448e-2, 2.000039215686272e-2, 2.000035294117647e-2, 2.000041176470589e-2, -1.999954901960782e-2, -1.9999705882352944e-2, -2.0e-2, -2.0e-2, -2.0e-2, 0.0, 0.0, 0.0 ], [ 0.0, 0.0, 0.0, -2.0e-2, -2.0e-2, -2.000011764705883e-2, 2.0000294117647078e-2, 1.9999745098039225e-2, 2.000025490196083e-2, 2.0000450980392135e-2, 2.0000039215686268e-2, 2.0000039215686286e-2, 0.0, 1.9999666666666673e-2, 1.9999705882352944e-2, 1.999962745098038e-2, 2.0e-2, 1.9999784313725507e-2, 1.9999745098039215e-2, 1.999952941176473e-2, 2.0e-2, -2.0000392156862785e-2, -2.0000352941176493e-2, -1.9999901960784314e-2, -2.0e-2, 0.0, 0.0, 0.0 ], [ -2.0e-2, -2.0e-2, 0.0, -2.0e-2, -2.000007843137254e-2, 2.0000215686274473e-2, 1.9999666666666662e-2, 1.9999705882352944e-2, 1.999962745098038e-2, 1.9999803921568606e-2, 2.000000000000002e-2, 0.0, 1.9999509803921567e-2, 1.999992156862745e-2, 2.0000470588235283e-2, 2.000021568627454e-2, 2.0000294117647078e-2, 2.0000431372549e-2, 1.568627450980392e-2, 2.000019607843137e-2, 2.0000176470588257e-2, -2.000000000000002e-2, -1.9999725490196046e-2, -2.0000411764705864e-2, -2.0000196078431374e-2, -2.0e-2, 0.0, 0.0 ], [ -2.0e-2, -2.0e-2, 0.0, 0.0, -1.9999980392156853e-2, 2.00004509803922e-2, -1.9999666666666718e-2, 2.0000490196078448e-2, -1.9999529411764742e-2, -2.0000431372549057e-2, 1.99998235294118e-2, 1.3911470588235293e-2, 2.0000254901960765e-2, 0.0, 1.9999823529411754e-2, 1.999968627450982e-2, -1.9999784313725483e-2, 1.9999529411764704e-2, 1.999978431372549e-2, 1.9999549019607855e-2, 1.999994117647059e-2, -1.9999960784313774e-2, -2.000007843137256e-2, -1.5686274509803977e-2, -2.00002745098039e-2, 0.0, 0.0, 0.0 ], [ 0.0, -2.0e-2, -2.0e-2, -2.0e-2, -2.000019607843135e-2, 2.00004509803922e-2, -2.0000039215686313e-2, 1.999966666666663e-2, 1.99998235294118e-2, -2.0000235294117683e-2, 2.0000431372549032e-2, -1.9999803921568617e-2, -1.9999647058823483e-2, 1.96078431372549e-2, 1.9999529411764697e-2, 1.999970588235299e-2, 0.0, -2.000001960784316e-2, -2.00003137254902e-2, -1.9999980392156832e-2, 2.0e-2, 0.0, -1.9999823529411775e-2, 1.999970588235299e-2, 1.9999627450980426e-2, 0.0, -2.0e-2, -2.0e-2 ], [ 0.0, -2.0e-2, -2.0e-2, -2.0e-2, -2.0000294117647078e-2, -1.9999568627451034e-2, -2.0000156862745123e-2, 1.9999725490196067e-2, -2.0000411764705864e-2, -2.0000490196078472e-2, -1.9999627450980405e-2, 2.000043137254901e-2, 0.0, 0.0, 1.9999999999999976e-2, 2.0000215686274518e-2, -1.999960784313728e-2, -1.999994117647063e-2, 2.0e-2, 2.0e-2, 1.9999803921568672e-2, 2.000023529411764e-2, -2.000021568627451e-2, 1.9999705882352944e-2, -1.999964705882355e-2, 0.0, -2.0e-2, -2.0e-2 ], [ -2.0e-2, -2.0e-2, -2.0e-2, -2.0e-2, 2.0000392156862765e-2, -2.000043137254899e-2, -2.000023529411764e-2, 1.9999960784313688e-2, -2.0000156862745123e-2, -1.9999803921568585e-2, -2.0000058823529437e-2, 2.000005882352937e-2, 1.9999862745098e-2, 0.0, 2.0000411764705888e-2, 2.0000313725490226e-2, 1.9999921568627437e-2, 2.0000431372549032e-2, -1.999996078431371e-2, 1.999976470588235e-2, 0.0, 2.0000098039215708e-2, -2.0000137254901955e-2, 2.0e-2, 1.999994117647059e-2, 0.0, -2.0e-2, -2.0e-2 ], [ -2.0e-2, -2.0e-2, 0.0, -2.0e-2, 0.0, -1.999992156862746e-2, -1.999966666666667e-2, 2.000039215686272e-2, 1.999988235294119e-2, -1.9999882352941145e-2, -2.000019607843137e-2, 2.0000254901960786e-2, 1.999992156862746e-2, 1.999958823529413e-2, 1.999968627450982e-2, 2.0e-2, 1.9999529411764652e-2, 1.9999588235294068e-2, -2.0000235294117635e-2, 1.999956862745098e-2, 2.0000039215686268e-2, 1.99998235294118e-2, -2.0000058823529395e-2, 1.9999843137254877e-2, -2.0e-2, 0.0, 0.0, -2.0e-2 ], [ -2.0e-2, 0.0, 0.0, 0.0, 2.0e-2, -1.999962745098037e-2, 0.0, 2.0000470588235283e-2, 2.0000196078431415e-2, -1.999962745098036e-2, 2.0000490196078406e-2, 2.0000490196078382e-2, 2.000011764705882e-2, 1.9999705882352923e-2, 2.0000078431372494e-2, 1.9999921568627482e-2, 2.000007843137253e-2, 1.999988235294117e-2, 2.0000372549019617e-2, 2.0000372549019627e-2, -1.9999784313725528e-2, 1.9999823529411754e-2, -2.0000137254901955e-2, 1.999988235294117e-2, -1.9999588235294106e-2, 0.0, 0.0, -2.0e-2 ], [ -2.0e-2, 0.0, -2.0e-2, -2.0e-2, -1.9999627450980405e-2, 1.999998039215686e-2, 2.0000137254901972e-2, 2.0000294117647102e-2, 2.0000450980392135e-2, -1.999968627450984e-2, 1.9999862745098e-2, 2.0000019607843145e-2, 2.0000294117647078e-2, 1.999988235294116e-2, 2.0000137254901976e-2, 2.0000196078431415e-2, 1.9999725490196067e-2, 2.000019607843135e-2, 2.0000196078431395e-2, 1.9999784313725507e-2, -1.9999529411764718e-2, 2.000021568627454e-2, 1.9999725490196112e-2, 2.0000490196078406e-2, 2.000043137254901e-2, 0.0, 0.0, -2.0e-2 ], [ 0.0, 0.0, -2.0e-2, 1.9999823529411764e-2, 1.9999843137254922e-2, 2.0000254901960782e-2, 1.9999980392156853e-2, 2.0000352941176473e-2, 1.9999803921568606e-2, -1.9999666666666718e-2, 2.0000372549019627e-2, 2.0000254901960765e-2, 1.999954901960782e-2, 1.999962745098039e-2, 2.0000235294117596e-2, 2.0000470588235283e-2, 2.0000196078431415e-2, 2.0000294117647078e-2, 1.999966666666663e-2, 2.0000019607843124e-2, 2.000043137254901e-2, 2.000027450980391e-2, 1.9999529411764687e-2, 1.9999588235294134e-2, 2.0e-2, -2.0000098039215673e-2, 0.0, 0.0 ], [ 0.0, 0.0, 0.0, 1.999986274509805e-2, 2.000013725490191e-2, 0.0, 2.0e-2, 1.99998235294118e-2, 1.9999607843137302e-2, 2.000000000000002e-2, 2.0000098039215698e-2, 1.999956862745099e-2, 2.0000176470588257e-2, 2.0000098039215687e-2, 2.0000392156862765e-2, 2.0000490196078448e-2, 2.0e-2, 1.9999588235294068e-2, 2.0000176470588226e-2, 1.9999901960784314e-2, 2.0000176470588247e-2, 2.00004509803922e-2, 1.9999843137254922e-2, 1.9999607843137236e-2, 2.0000196078431415e-2, 1.999984313725491e-2, 0.0, 0.0 ], [ 0.0, 0.0, 0.0, 2.0000372549019617e-2, -1.99995490196078e-2, 0.0, 2.0e-2, 1.999976470588235e-2, 1.9999862745098032e-2, 2.000031372549019e-2, 2.0000333333333314e-2, 2.000000000000002e-2, 1.999964705882354e-2, 0.0, 1.9999647058823507e-2, 1.999976470588236e-2, 1.999966666666663e-2, 2.0000372549019627e-2, 2.0000137254901976e-2, 1.9999666666666697e-2, 2.0000019607843134e-2, 1.9999823529411785e-2, 1.9999607843137257e-2, 2.0000176470588257e-2, 1.9999607843137257e-2, 1.9999509803921563e-2, 0.0, 0.0 ], [ 0.0, 0.0, 0.0, 2.000031372549021e-2, 2.000001960784317e-2, 2.000000000000001e-2, 1.999956862745101e-2, 1.9999980392156863e-2, 2.0000470588235304e-2, 1.9999549019607866e-2, 2.0000156862745144e-2, 2.0000333333333325e-2, 2.0000470588235304e-2, 0.0, 2.0000392156862765e-2, 2.0000431372549e-2, 1.9999549019607866e-2, 1.9999941176470585e-2, 2.000007843137254e-2, 2.0000215686274473e-2, 1.999976470588236e-2, 2.000049019607843e-2, 1.9999725490196112e-2, 1.9999588235294113e-2, 2.0000098039215663e-2, -2.000021568627453e-2, -2.0e-2, -2.0e-2 ], [ 0.0, 0.0, 0.0, 2.0000254901960782e-2, 2.0e-2, 2.0000274509803944e-2, 2.0000117647058852e-2, 0.0, 2.000000000000002e-2, 2.0000176470588226e-2, 1.9999588235294134e-2, 2.0000039215686292e-2, 2.000015686274508e-2, 2.000039215686274e-2, 2.0000294117647078e-2, 1.999994117647059e-2, 2.0000039215686286e-2, 1.9999941176470585e-2, 1.9999784313725483e-2, -2.0000039215686282e-2, 1.999976470588236e-2, 0.0, -2.0000352941176493e-2, 1.999984313725491e-2, 1.9999725490196102e-2, -2.000041176470587e-2, 0.0, -2.0e-2 ], [ 0.0, 0.0, 0.0, 1.999998039215686e-2, 2.0000294117647102e-2, 2.0000000000000046e-2, 2.000033333333335e-2, 0.0, -1.9999588235294123e-2, 1.9999647058823573e-2, 2.0000372549019596e-2, -1.999986274509802e-2, 2.000005882352946e-2, 1.999976470588236e-2, 1.99998235294118e-2, 1.9999686274509803e-2, 0.0, 2.000039215686274e-2, 2.0000039215686268e-2, -2.0000254901960786e-2, 1.999996078431372e-2, 0.0, -1.999950980392155e-2, 2.0000058823529416e-2, 1.9999607843137254e-2, 2.0000235294117645e-2, 0.0, -2.0e-2 ], [ 0.0, 0.0, 0.0, 1.999956862745098e-2, 1.999950980392153e-2, 1.9999862745098067e-2, 2.0000254901960786e-2, 0.0, 2.000007843137253e-2, 2.0000352941176473e-2, 1.9999901960784314e-2, 2.0000215686274473e-2, 2.0000470588235324e-2, 2.0000254901960786e-2, 2.0000274509803954e-2, 2.0000254901960782e-2, 1.9999960784313726e-2, 1.999964705882354e-2, 2.0000254901960782e-2, -2.000037254901961e-2, 2.0000294117647078e-2, 0.0, -1.999986274509802e-2, 2.0000176470588226e-2, 2.000019607843138e-2, 1.96078431372549e-2, 0.0, -2.0e-2 ], [ -2.0e-2, 0.0, 0.0, 1.9999549019607855e-2, -1.9999725490196088e-2, 2.0000254901960786e-2, 1.999970588235299e-2, 0.0, 1.9999607843137302e-2, 1.9999725490196022e-2, 1.999980392156863e-2, 1.999966666666663e-2, 1.9999764705882314e-2, 2.0000019607843124e-2, 1.9999725490196067e-2, 2.0000098039215687e-2, 1.9999705882352937e-2, 2.0000254901960765e-2, 1.999964705882354e-2, -2.0000490196078437e-2, 1.999950980392153e-2, 0.0, -1.9999529411764673e-2, 1.9999843137254877e-2, 1.9999607843137302e-2, 1.9999666666666666e-2, 0.0, 0.0 ], [ -2.0e-2, 0.0, 0.0, -2.000001960784314e-2, 1.9999588235294134e-2, 2.0000333333333283e-2, 2.000041176470589e-2, 0.0, 1.999990196078436e-2, 2.0000254901960786e-2, -2.0000352941176493e-2, 2.00003137254902e-2, 2.0000235294117596e-2, 1.9999921568627437e-2, 2.0000490196078406e-2, 2.0000156862745096e-2, 2.000007843137253e-2, -2.0000294117647078e-2, 2.0000019607843145e-2, -2.0000137254902e-2, 1.9999823529411754e-2, 0.0, -2.00003921568627e-2, 2.000009803921573e-2, 1.9999529411764697e-2, 1.999994117647059e-2, 0.0, 0.0 ], [ 0.0, 0.0, 0.0, -2.0000392156862747e-2, 2.0000235294117662e-2, 1.999964705882355e-2, 1.568627450980392e-2, 0.0, -1.9999705882352965e-2, -2.0000294117647012e-2, 1.99996862745098e-2, 1.9999627450980415e-2, -1.99996862745098e-2, -1.999992156862746e-2, -2.000001960784319e-2, 1.9999823529411785e-2, 2.0000156862745144e-2, -2.000033333333334e-2, 1.999996078431373e-2, -1.9999568627451034e-2, -2.0000490196078472e-2, 0.0, 2.0000431372549e-2, 2.0000470588235283e-2, 2.0000039215686292e-2, 1.9999823529411775e-2, 0.0, 0.0 ], [ 0.0, 0.0, 0.0, -1.999992156862745e-2, 1.9999588235294134e-2, 1.9999705882352923e-2, 3.92156862745098e-3, 0.0, -2.0000352941176493e-2, 1.9999941176470595e-2, 1.9999941176470585e-2, 1.999952941176473e-2, 1.9999901960784293e-2, 1.9999627450980426e-2, 2.0000411764705843e-2, 1.9999843137254922e-2, 2.000031372549019e-2, 2.000045098039218e-2, 2.000027450980391e-2, -2.000001960784319e-2, 1.999962745098034e-2, 0.0, 1.9999705882352937e-2, 2.0000039215686247e-2, 2.0000372549019596e-2, 1.999976470588235e-2, -2.0e-2, 0.0 ], [ 0.0, 0.0, -2.0e-2, -2.000001960784314e-2, 2.000019607843135e-2, 1.9999941176470595e-2, 0.0, 0.0, -2.0000058823529395e-2, 1.9999725490196102e-2, 1.999996078431371e-2, 1.9999921568627416e-2, 1.9999803921568672e-2, 1.9999705882352923e-2, 1.999998039215681e-2, 1.9999509803921563e-2, 1.999964705882354e-2, 1.999962745098038e-2, 1.9999666666666697e-2, -1.9999509803921595e-2, 1.9999607843137257e-2, 0.0, 1.999978431372549e-2, -1.9999784313725462e-2, -1.999976470588234e-2, -2.0000215686274518e-2, 0.0, 0.0 ], [ -2.0e-2, 0.0, -2.0e-2, 1.9999588235294113e-2, 2.0000176470588268e-2, 1.9999941176470595e-2, 2.000049019607843e-2, 0.0, -1.9999901960784338e-2, -1.9999764705882404e-2, 2.0000019607843103e-2, 2.000007843137254e-2, -1.4367588235294113e-2, 1.999976470588235e-2, 2.0000235294117662e-2, 2.0000078431372574e-2, 1.9999980392156842e-2, 2.000039215686272e-2, 2.0000117647058852e-2, -3.9215686274509665e-3, 2.0e-2, 0.0, 0.0, 2.000009803921573e-2, -2.000025490196074e-2, 1.9999901960784338e-2, -2.0e-2, 0.0 ], [ -2.0e-2, -2.0e-2, 0.0, 1.9999823529411785e-2, 2.0000490196078448e-2, 1.9999509803921574e-2, 1.999978431372549e-2, 0.0, -2.0000450980392156e-2, -2.0000372549019572e-2, 1.999962745098038e-2, 1.9999862745098046e-2, -2.0000333333333325e-2, -2.0000411764705933e-2, 2.0000039215686247e-2, 2.000000000000002e-2, 2.000047058823526e-2, 2.0000294117647033e-2, 2.0000196078431395e-2, -2.000023529411764e-2, 2.0000333333333332e-2, 0.0, 0.0, -2.0000176470588247e-2, 1.9999862745098e-2, 2.0000372549019617e-2, 0.0, 0.0 ], [ 0.0, -2.0e-2, -2.0e-2, -2.0e-2, -2.0e-2, 0.0, 0.0, 0.0, 0.0, -2.0e-2, 0.0, 0.0, 0.0, -2.0e-2, 0.0, 0.0, 0.0, 0.0, -2.0e-2, -2.0e-2, 0.0, 0.0, 0.0, -2.0e-2, 0.0, 0.0, 0.0, -2.0e-2 ] ]
  robust!18 [......................................................] 0/9 queries
  robust!18 [======>...............................................] 1/9 queries
  robust!18 [============>.........................................] 2/9 queries
  robust!18 [==================>...................................] 3/9 queries
    result: ✗ - Marabou found a counterexample
      perturbation: [ [ 0.0, -2.0e-2, -2.0e-2, -2.0e-2, -2.0e-2, 0.0, 0.0, 0.0, 0.0, 0.0, 0.0, -2.0e-2, 0.0, 0.0, 0.0, 0.0, -2.0e-2, -2.0e-2, 0.0, 0.0, 0.0, 0.0, 0.0, 0.0, 0.0, -2.0e-2, 0.0, 0.0 ], [ 0.0, -2.0e-2, -2.0e-2, 0.0, 0.0, 0.0, 0.0, 0.0, 0.0, -2.0e-2, 0.0, -2.0e-2, -2.0e-2, 0.0, 0.0, 0.0, -2.0e-2, -2.0e-2, -2.0e-2, 0.0, 0.0, 0.0, 0.0, 0.0, 0.0, 0.0, 0.0, 0.0 ], [ -2.0e-2, -2.0e-2, -2.0e-2, 0.0, 0.0, 0.0, -2.0e-2, -2.0e-2, 0.0, -2.0e-2, 0.0, 0.0, 0.0, 0.0, -2.0e-2, 0.0, 0.0, 0.0, -2.0e-2, 0.0, -2.0e-2, -2.0e-2, 0.0, 0.0, 0.0, 0.0, -2.0e-2, 0.0 ], [ -2.0e-2, -2.0e-2, 0.0, 0.0, 0.0, 0.0, 0.0, 0.0, 0.0, 0.0, 0.0, 0.0, 0.0, 0.0, -2.0e-2, 0.0, 0.0, 0.0, 0.0, -2.0e-2, 0.0, 0.0, 0.0, 0.0, 0.0, 0.0, -2.0e-2, 0.0 ], [ 0.0, 0.0, 0.0, 0.0, 0.0, 0.0, 0.0, 0.0, 0.0, 0.0, 0.0, 0.0, 0.0, 0.0, 0.0, 0.0, 0.0, 0.0, 0.0, 0.0, 0.0, 0.0, 0.0, -2.0e-2, 0.0, 0.0, 0.0, -2.0e-2 ], [ -2.0e-2, 0.0, 0.0, 0.0, 0.0, 0.0, -2.0e-2, 2.0000274509803944e-2, 0.0, 0.0, 0.0, 0.0, 0.0, 0.0, 0.0, 0.0, 0.0, 0.0, 0.0, 0.0, 0.0, 0.0, 0.0, -2.0e-2, 3.92156862745098e-3, 0.0, 0.0, -2.0e-2 ], [ -2.0e-2, 0.0, 0.0, 0.0, 1.568627450980392e-2, 0.0, -2.0000039215686292e-2, 1.9999941176470595e-2, 1.999996078431371e-2, -1.999974509803922e-2, 2.0000215686274508e-2, 1.9999980392156863e-2, 0.0, 0.0, 0.0, 0.0, 0.0, 0.0, 0.0, 0.0, 0.0, 0.0, 0.0, -2.0e-2, 0.0, 0.0, 0.0, 0.0 ], [ 0.0, 0.0, 0.0, 7.84313725490196e-3, -2.0e-2, 7.84313725490196e-3, -1.9999588235294113e-2, -2.000015686274508e-2, 1.9999529411764697e-2, 1.999970588235299e-2, 2.0000352941176518e-2, 2.0000039215686292e-2, 2.0000215686274473e-2, 3.7322156862744722e-3, -2.000021568627456e-2, 2.0000352941176518e-2, 1.9999784313725438e-2, 1.9999784313725438e-2, 2.0000215686274473e-2, 1.9999941176470606e-2, 1.999966666666663e-2, 1.999962745098038e-2, 2.000019607843135e-2, -1.9999725490196046e-2, -1.9999980392156898e-2, 1.9999725490196112e-2, 2.0000294117647067e-2, 0.0 ], [ 0.0, 0.0, 0.0, 0.0, -2.0e-2, 1.9999686274509754e-2, -1.999950980392155e-2, -1.9999607843137236e-2, -2.0000039215686268e-2, -2.000033333333337e-2, 1.9999941176470606e-2, 1.9999784313725438e-2, -1.999980392156865e-2, -2.0000235294117683e-2, 1.9999764705882314e-2, 1.999990196078436e-2, 2.0000470588235324e-2, 2.0000470588235324e-2, -1.9999666666666718e-2, 2.0000333333333283e-2, 1.999974509803919e-2, 1.9999882352941124e-2, 1.9999509803921574e-2, 2.000019607843135e-2, -1.9999529411764673e-2, 2.0000490196078448e-2, -1.999992156862746e-2, 0.0 ], [ 0.0, 3.92156862745098e-3, 3.92156862745098e-3, 0.0, -1.999980392156863e-2, 1.999964705882355e-2, -2.000021568627456e-2, 2.0000117647058786e-2, 2.0000235294117596e-2, -1.9999647058823483e-2, -2.0000352941176493e-2, 2.000007843137254e-2, 2.000007843137254e-2, 1.9999647058823507e-2, 2.0000490196078448e-2, 2.0000490196078448e-2, 2.0000490196078448e-2, 2.0000058823529416e-2, 1.9999921568627482e-2, 1.9999921568627482e-2, 2.0000470588235324e-2, 2.0000039215686292e-2, -1.999980392156865e-2, 2.000037254901964e-2, -1.999980392156865e-2, 1.9999941176470606e-2, 2.000007843137254e-2, 1.9999686274509813e-2 ], [ 0.0, 7.84313725490196e-3, 0.0, 2.0000392156862744e-2, 2.000039215686274e-2, 1.999956862745099e-2, -2.0000117647058877e-2, 1.9999803921568672e-2, 1.9999784313725438e-2, 2.0000215686274473e-2, 1.9999921568627482e-2, 1.9999784313725438e-2, 1.9999784313725438e-2, 2.0000058823529416e-2, 1.9999764705882314e-2, 2.0000058823529416e-2, 1.9999921568627482e-2, 2.0000490196078448e-2, 2.0000352941176518e-2, 2.0000215686274473e-2, 2.0000058823529416e-2, 1.9999921568627482e-2, 2.0000333333333283e-2, 1.9999647058823507e-2, 2.000019607843135e-2, 2.0000352941176518e-2, 1.999962745098038e-2, 2.0000078431372574e-2 ], [ 0.0, 1.568627450980392e-2, 0.0, 2.0000098039215698e-2, 1.999962745098039e-2, 2.0000215686274518e-2, -1.99995490196078e-2, 2.000007843137254e-2, 1.9999764705882314e-2, 2.0000490196078448e-2, 2.0000215686274473e-2, 1.9999647058823507e-2, 1.999962745098038e-2, 1.9999921568627482e-2, 1.9999921568627482e-2, 1.9999784313725438e-2, 1.9999647058823507e-2, 1.9999921568627482e-2, 2.0000058823529416e-2, 2.0000352941176518e-2, 2.0000058823529416e-2, 2.0000352941176518e-2, 2.0000215686274473e-2, 2.000007843137254e-2, 1.9999784313725438e-2, 1.9999686274509754e-2, 1.9999843137254877e-2, 2.0000352941176493e-2 ], [ 0.0, 1.96078431372549e-2, 0.0, 2.000031372549019e-2, 0.0, 2.000005882352946e-2, 2.0000176470588226e-2, 2.0000215686274473e-2, 2.0000215686274473e-2, 1.9999921568627482e-2, 1.9999509803921574e-2, 1.9999941176470606e-2, 2.0000352941176518e-2, 2.0000215686274473e-2, 1.9999784313725438e-2, 2.0000215686274473e-2, 2.000007843137254e-2, 2.0000215686274473e-2, 2.0000215686274473e-2, 1.9999647058823507e-2, 2.000019607843135e-2, 2.000019607843135e-2, 1.9999921568627482e-2, 2.0000352941176518e-2, 2.0000215686274473e-2, 2.0000117647058786e-2, 2.0000254901960786e-2, -1.9999509803921574e-2 ], [ 0.0, 1.568627450980392e-2, 0.0, 2.000031372549019e-2, 0.0, 2.0000333333333325e-2, 2.0000176470588226e-2, 2.000007843137254e-2, 2.0000352941176518e-2, 2.0000490196078448e-2, 1.9999784313725438e-2, 1.9999647058823507e-2, 2.0000352941176518e-2, 2.0000352941176518e-2, 1.9999921568627482e-2, 2.0000215686274473e-2, 2.000007843137254e-2, 1.9999784313725438e-2, 1.9999647058823507e-2, 1.9999647058823507e-2, 2.0000058823529416e-2, 2.0000490196078448e-2, 2.0000058823529416e-2, 1.9999784313725438e-2, 1.9999784313725438e-2, 2.0000235294117596e-2, 2.0000372549019596e-2, 1.9999784313725472e-2 ], [ 0.0, 1.568627450980392e-2, 0.0, 1.999964705882354e-2, 1.96078431372549e-2, 1.9999823529411785e-2, 1.9999588235294134e-2, 2.0000235294117596e-2, 1.999962745098038e-2, 1.9999509803921574e-2, 2.000007843137254e-2, 1.9999647058823507e-2, 1.9999784313725438e-2, 1.9999784313725438e-2, 2.0000215686274473e-2, 1.9999921568627482e-2, 1.999962745098038e-2, 2.0000058823529416e-2, 2.0000058823529416e-2, 2.0000058823529416e-2, 2.0000058823529416e-2, 2.0000490196078448e-2, 1.999962745098038e-2, 1.9999509803921574e-2, 1.9999647058823507e-2, 1.999996078431373e-2, 1.9999843137254877e-2, 1.999980392156865e-2 ], [ 3.92156862745098e-3, 7.84313725490196e-3, 0.0, 2.0000392156862744e-2, 2.0000176470588257e-2, 2.0000431372549e-2, 2.000001960784317e-2, 1.9999803921568672e-2, 2.0000333333333283e-2, 2.0000490196078448e-2, 2.0000352941176518e-2, 1.9999784313725438e-2, 1.9999784313725438e-2, 1.9999647058823507e-2, 1.9999509803921574e-2, 1.9999784313725438e-2, 2.0000058823529416e-2, 2.0000352941176518e-2, 2.000007843137254e-2, 1.9999647058823507e-2, 2.000007843137254e-2, 1.9999647058823507e-2, 1.9999509803921574e-2, 1.999966666666663e-2, 1.9999784313725438e-2, 1.9999529411764697e-2, 1.999956862745101e-2, 1.999952941176473e-2 ], [ 0.0, 0.0, 1.1764705882352941e-2, 0.0, 2.000043137254902e-2, -1.9999745098039215e-2, -1.999950980392155e-2, 2.000007843137254e-2, 1.9999803921568672e-2, 1.9999803921568672e-2, 1.999996078431373e-2, 1.99998235294118e-2, 1.99998235294118e-2, 2.000025490196083e-2, 2.000025490196083e-2, 2.0000098039215663e-2, 1.9999509803921574e-2, 1.9999941176470606e-2, 1.9999803921568672e-2, 1.9999803921568672e-2, 1.9999803921568672e-2, 1.9999803921568672e-2, 1.9999803921568672e-2, 2.0000117647058786e-2, 1.9999686274509754e-2, 1.9999568627450944e-2, 1.9999588235294134e-2, 1.9999823529411775e-2 ], [ 3.92156862745098e-3, 0.0, 0.0, 0.0, 0.0, 2.0000039215686227e-2, 1.999974509803919e-2, 1.9999764705882314e-2, 2.00004509803922e-2, 2.0000058823529416e-2, 2.0000058823529416e-2, 2.0000490196078448e-2, 2.0000490196078448e-2, -2.000007843137252e-2, 1.9999784313725438e-2, 2.0000490196078448e-2, 1.999962745098038e-2, 2.0000490196078448e-2, 1.999962745098038e-2, 1.999962745098038e-2, 1.999962745098038e-2, 1.999962745098038e-2, 2.0000470588235324e-2, 2.0000058823529416e-2, 1.999990196078436e-2, 2.0000058823529416e-2, 1.999980392156863e-2, 2.000011764705882e-2 ], [ 0.0, 0.0, 0.0, 0.0, 0.0, 1.999996078431372e-2, 2.0000137254901976e-2, 1.999988235294117e-2, 1.9999647058823507e-2, 2.0000000000000046e-2, 1.999962745098038e-2, 2.0000352941176518e-2, 1.999990196078436e-2, 2.0000490196078448e-2, 2.0000490196078448e-2, 1.999962745098038e-2, 1.9999764705882314e-2, 2.000019607843135e-2, 2.000019607843135e-2, 2.000019607843135e-2, 1.999962745098038e-2, 2.0000058823529416e-2, 1.999962745098038e-2, 2.0000058823529416e-2, 1.9999764705882314e-2, 2.0000352941176518e-2, 1.9999529411764652e-2, 1.9999941176470585e-2 ], [ 0.0, 1.1764705882352941e-2, 0.0, -2.0e-2, 1.9999803921568627e-2, 1.99996862745098e-2, 1.9999862745098e-2, 1.9999882352941124e-2, 2.0000176470588268e-2, 2.0000156862745144e-2, 2.0000313725490156e-2, 1.9999882352941124e-2, 1.999962745098038e-2, 2.000019607843135e-2, 1.9999764705882314e-2, 1.999962745098038e-2, 2.0000490196078448e-2, 2.0000058823529416e-2, 2.000019607843135e-2, 2.0000490196078448e-2, 1.9999921568627482e-2, 1.9999784313725438e-2, 1.9999784313725438e-2, 1.9999921568627482e-2, 1.9999784313725438e-2, -2.000021568627456e-2, 2.0000333333333283e-2, 2.000031372549021e-2 ], [ 0.0, 0.0, 0.0, 1.9999647058823528e-2, 2.0e-2, 2.000025490196083e-2, 1.9999784313725438e-2, -2.0000411764705864e-2, 1.999980392156863e-2, 2.000007843137254e-2, 1.9999843137254922e-2, 2.0000039215686292e-2, 2.0000431372548966e-2, 2.0000470588235324e-2, 2.000019607843135e-2, 1.9999921568627482e-2, 2.0000215686274473e-2, 2.000007843137254e-2, 1.9999647058823507e-2, 2.000007843137254e-2, 1.9999509803921574e-2, 1.9999509803921574e-2, 2.000007843137254e-2, 2.0000215686274473e-2, 2.0000215686274473e-2, -1.9999784313725528e-2, -1.999980392156865e-2, 1.9999901960784324e-2 ], [ 0.0, 2.0000215686274508e-2, 2.000015686274508e-2, 1.999956862745099e-2, 2.0000333333333332e-2, 2.0000235294117596e-2, 1.9999862745098e-2, -2.000039215686274e-2, 1.9999882352941124e-2, 2.0000294117647033e-2, 1.9999882352941124e-2, 1.9999647058823507e-2, 2.0000313725490156e-2, 2.0000117647058852e-2, 2.0000254901960786e-2, 2.0000117647058852e-2, 2.0000411764705843e-2, 2.000027450980391e-2, 2.0000137254901976e-2, 2.0000137254901976e-2, 2.0000137254901976e-2, 2.0000137254901976e-2, 2.0000431372548966e-2, 2.0000431372548966e-2, 1.9999725490196067e-2, 2.000037254901964e-2, 2.0000078431372494e-2, 1.999958823529413e-2 ], [ 1.999986274509805e-2, 2.0000137254901955e-2, 2.000019607843137e-2, 0.0, 0.0, 1.999964705882354e-2, 2.0000137254901955e-2, 2.0000098039215708e-2, 2.0000431372549e-2, 2.0000196078431395e-2, 1.9999941176470606e-2, 1.9999999999999976e-2, 1.999964705882355e-2, 2.0000235294117645e-2, 2.0000117647058824e-2, 2.0000235294117645e-2, 1.9999666666666666e-2, 2.0000235294117645e-2, 1.9999803921568627e-2, 1.9999803921568627e-2, 1.9999803921568627e-2, 1.9999803921568627e-2, -1.9999627450980394e-2, 1.999994117647059e-2, 2.0000235294117645e-2, 2.0000078431372546e-2, 1.9999764705882366e-2, 0.0 ], [ 0.0, -2.0e-2, 0.0, 0.0, 0.0, 0.0, 0.0, -2.0e-2, 0.0, 0.0, 0.0, 0.0, 0.0, 0.0, 0.0, 0.0, 0.0, 0.0, 0.0, 0.0, 0.0, 0.0, 0.0, 0.0, 0.0, 0.0, -2.0e-2, -2.0e-2 ], [ -2.0e-2, -2.0e-2, 0.0, 0.0, 0.0, 0.0, 0.0, -2.0e-2, 0.0, 0.0, 0.0, 0.0, 0.0, 0.0, 0.0, 0.0, 0.0, 0.0, 0.0, 0.0, 0.0, 0.0, -2.0e-2, 0.0, 0.0, 0.0, -2.0e-2, -2.0e-2 ], [ -2.0e-2, 0.0, 0.0, 0.0, 0.0, 0.0, 0.0, 0.0, -2.0e-2, 0.0, 0.0, 0.0, 0.0, 0.0, 0.0, 0.0, 0.0, 0.0, 0.0, 0.0, 0.0, 0.0, -2.0e-2, 0.0, 0.0, 0.0, -2.0e-2, -2.0e-2 ], [ -2.0e-2, -2.0e-2, 0.0, 0.0, 0.0, 0.0, 0.0, -2.0e-2, -2.0e-2, 0.0, 0.0, 0.0, 0.0, 0.0, 0.0, 0.0, 0.0, 0.0, 0.0, 0.0, 0.0, -2.0e-2, -2.0e-2, -2.0e-2, 0.0, -2.0e-2, -2.0e-2, 0.0 ], [ 0.0, -2.0e-2, -2.0e-2, 0.0, -2.0e-2, 0.0, 0.0, 0.0, 0.0, 0.0, 0.0, 0.0, 0.0, 0.0, 0.0, 0.0, 0.0, 0.0, 0.0, 0.0, 0.0, -2.0e-2, -2.0e-2, -2.0e-2, -2.0e-2, -2.0e-2, 0.0, -2.0e-2 ] ]
  robust!19 [......................................................] 0/9 queries
  robust!19 [======>...............................................] 1/9 queries
  robust!19 [============>.........................................] 2/9 queries
    result: ✗ - Marabou found a counterexample
      perturbation: [ [ 0.0, 0.0, 0.0, 0.0, 0.0, 0.0, 0.0, 0.0, -2.0e-2, 1.999956862745098e-2, 2.0000176470588226e-2, 2.0000392156862754e-2, 2.000035294117647e-2, 3.92156862745098e-3, 3.92156862745098e-3, 1.999962745098039e-2, 2.00003137254902e-2, 1.9999784313725438e-2, 2.000019607843137e-2, 0.0, 0.0, 0.0, 0.0, 0.0, 0.0, 0.0, 0.0, 0.0 ], [ 0.0, 0.0, 0.0, 0.0, 0.0, 0.0, 1.96078431372549e-2, 2.0000254901960765e-2, 2.000019607843135e-2, 1.9999823529411754e-2, 2.0000039215686292e-2, 2.000021568627454e-2, 1.999976470588238e-2, 2.000009803921573e-2, 2.000039215686272e-2, 1.9999607843137215e-2, 2.0000294117647033e-2, 1.9999607843137257e-2, 2.0000235294117662e-2, 1.999996078431373e-2, 2.0000470588235304e-2, 0.0, 0.0, 0.0, 0.0, 0.0, 0.0, 0.0 ], [ 0.0, 0.0, 0.0, 0.0, 0.0, 2.000043137254902e-2, 1.9999509803921574e-2, 2.0000313725490156e-2, 2.0000470588235324e-2, 1.9999764705882314e-2, 2.000019607843135e-2, 2.0000333333333283e-2, 2.0000156862745103e-2, 1.999990196078436e-2, 1.999962745098038e-2, 1.999974509803919e-2, 2.000019607843135e-2, 1.999990196078436e-2, 2.0000058823529416e-2, 2.0000333333333283e-2, 1.999974509803919e-2, 2.0000411764705843e-2, 1.9999529411764704e-2, 0.0, 0.0, 0.0, 0.0, 0.0 ], [ 0.0, 0.0, 0.0, 0.0, 0.0, 2.0000156862745103e-2, 2.0000313725490156e-2, 1.9999921568627482e-2, 1.999990196078436e-2, 2.0000039215686292e-2, 2.0000470588235324e-2, 1.999990196078436e-2, 2.0000176470588226e-2, 2.0000156862745103e-2, 2.000001960784317e-2, 1.9999882352941124e-2, 2.0000176470588226e-2, 1.9999607843137257e-2, 1.999990196078436e-2, 1.999962745098038e-2, 1.9999647058823507e-2, 2.0000470588235324e-2, 2.0000215686274473e-2, 0.0, 0.0, 0.0, 0.0, 0.0 ], [ 0.0, 0.0, 0.0, 0.0, 2.0000294117647057e-2, 2.0000313725490156e-2, 2.0000470588235324e-2, 2.0000470588235324e-2, 1.999974509803919e-2, 2.0000470588235324e-2, 2.0000470588235324e-2, 1.999990196078436e-2, 1.999990196078436e-2, 1.9999607843137257e-2, 1.9999607843137257e-2, 2.0000039215686292e-2, 1.999974509803919e-2, 2.0000039215686292e-2, 1.999990196078436e-2, 1.9999764705882314e-2, 2.0000313725490156e-2, 1.999962745098038e-2, 2.0000470588235324e-2, 1.9999882352941173e-2, 0.0, 0.0, 0.0, 0.0 ], [ 0.0, 0.0, 0.0, 0.0, 2.0000313725490156e-2, 1.9999647058823573e-2, 2.00004509803922e-2, 2.0000039215686292e-2, 2.0000470588235324e-2, 1.9999607843137257e-2, 1.9999647058823507e-2, 1.9999647058823507e-2, 1.9999921568627482e-2, 2.0000333333333283e-2, 1.9999764705882314e-2, 1.999962745098038e-2, 2.0000352941176518e-2, 1.9999921568627482e-2, 1.999990196078436e-2, 2.0000176470588226e-2, 1.999990196078436e-2, 2.0000333333333283e-2, 1.9999607843137257e-2, 1.999964705882355e-2, 0.0, 0.0, 0.0, 0.0 ], [ 0.0, 0.0, 0.0, 0.0, 1.9999529411764652e-2, 2.000033333333335e-2, 1.999956862745101e-2, 2.0000039215686292e-2, 2.0000039215686292e-2, 1.9999784313725438e-2, 2.0000176470588226e-2, 2.000009803921573e-2, 1.9999843137254877e-2, 2.0000372549019596e-2, 2.0000352941176473e-2, 2.000009803921573e-2, 2.0000078431372494e-2, 2.0000137254901976e-2, 1.999962745098038e-2, 2.0000470588235324e-2, 1.999990196078436e-2, 2.00004509803922e-2, 1.9999764705882314e-2, 2.0000039215686292e-2, 0.0, 0.0, 0.0, 0.0 ], [ 0.0, 0.0, 0.0, 1.999952941176473e-2, 1.999962745098034e-2, 1.999994117647056e-2, 1.9999862745098e-2, 1.999990196078436e-2, 2.0000039215686292e-2, 1.9999666666666697e-2, 1.999968627450982e-2, 2.0000470588235324e-2, 1.999954901960782e-2, 2.0000098039215663e-2, 1.9999607843137257e-2, 2.000007843137254e-2, 1.9999705882352944e-2, 2.0000313725490156e-2, 1.9999901960784314e-2, 1.9999607843137257e-2, 2.000019607843135e-2, 2.00004509803922e-2, 1.999962745098038e-2, 2.0000215686274473e-2, 1.9999725490196088e-2, 0.0, 0.0, 0.0 ], [ 0.0, 0.0, 0.0, 2.0000490196078382e-2, 2.000017647058818e-2, 2.000039215686272e-2, 1.9999588235294134e-2, 2.0000333333333283e-2, 2.000021568627454e-2, 1.9999784313725438e-2, 2.0000235294117596e-2, 1.99998235294118e-2, 1.999954901960782e-2, 2.000037254901964e-2, 1.9999509803921574e-2, 1.9999843137254922e-2, 1.9999509803921574e-2, 1.9999666666666673e-2, 1.9999784313725438e-2, 1.9999901960784314e-2, 1.9999921568627482e-2, 2.0000176470588226e-2, 2.0000039215686292e-2, 2.00004509803922e-2, 2.0000392156862754e-2, 0.0, 0.0, 0.0 ], [ 0.0, 0.0, 0.0, 0.0, 1.999984313725491e-2, 1.999994117647056e-2, 2.0e-2, 1.999990196078436e-2, 1.999998039215681e-2, 1.9999941176470606e-2, 1.9999941176470595e-2, 1.999980392156863e-2, 1.9999666666666697e-2, 1.9999647058823573e-2, 2.0000470588235283e-2, 2.000039215686272e-2, 1.999998039215681e-2, 2.0000294117647078e-2, 2.000009803921573e-2, 1.999968627450982e-2, 2.000019607843135e-2, 2.0000254901960786e-2, 1.9999843137254877e-2, 2.0000372549019617e-2, 0.0, 0.0, 0.0, 0.0 ], [ 0.0, 0.0, 0.0, 0.0, 0.0, 0.0, 2.0000294117647067e-2, 1.9999529411764652e-2, 1.9999764705882314e-2, 1.999950980392153e-2, 1.999962745098034e-2, 1.999950980392153e-2, 1.9999588235294134e-2, 2.0000039215686292e-2, 1.9999764705882314e-2, 2.00004509803922e-2, 1.999998039215681e-2, 2.0000372549019596e-2, 1.9999784313725507e-2, 1.999962745098038e-2, 1.9999843137254877e-2, 2.0000392156862754e-2, 0.0, 0.0, 0.0, 0.0, 0.0, 0.0 ], [ 0.0, 0.0, 0.0, 3.92156862745098e-3, 7.84313725490196e-3, 0.0, 0.0, 1.9999529411764652e-2, 2.0000156862745103e-2, 1.999974509803919e-2, 2.0000000000000046e-2, 1.999962745098038e-2, 2.0000039215686292e-2, 2.0000176470588226e-2, 1.9999882352941124e-2, 1.999990196078436e-2, 1.9999549019607887e-2, 2.0000352941176473e-2, 2.0000078431372494e-2, 2.000039215686272e-2, 1.9999882352941124e-2, 0.0, 0.0, 1.1764705882352941e-2, 0.0, 0.0, 0.0, 0.0 ], [ 0.0, 0.0, 0.0, 0.0, 7.84313725490196e-3, 0.0, 0.0, 2.0000235294117662e-2, 1.9999588235294134e-2, 2.00004509803922e-2, 1.9999882352941124e-2, 2.000001960784317e-2, 2.0000313725490156e-2, 1.999974509803919e-2, 1.9999588235294134e-2, 2.0000058823529416e-2, 1.9999647058823573e-2, 1.9999745098039257e-2, 2.0000078431372494e-2, 1.9999823529411754e-2, 1.9999882352941124e-2, 0.0, 0.0, 0.0, 0.0, 0.0, 0.0, 0.0 ], [ 0.0, 0.0, 0.0, 0.0, 3.92156862745098e-3, 0.0, 0.0, 2.000039215686272e-2, 2.000001960784317e-2, 2.00004509803922e-2, 2.0000156862745103e-2, 2.000001960784317e-2, 1.9999882352941124e-2, 2.000001960784317e-2, 1.9999882352941124e-2, 2.0000313725490156e-2, 2.0000294117647033e-2, 1.9999921568627437e-2, 2.0000078431372494e-2, 1.9999843137254877e-2, 2.0000058823529416e-2, 0.0, 0.0, 3.92156862745098e-3, 0.0, 0.0, 0.0, 0.0 ], [ 0.0, 0.0, 0.0, 0.0, 7.84313725490196e-3, 0.0, 0.0, 2.000039215686272e-2, 2.000001960784317e-2, 2.000001960784317e-2, 2.0000156862745103e-2, 1.9999588235294134e-2, 1.9999588235294134e-2, 2.0000156862745103e-2, 2.00004509803922e-2, 1.9999862745098e-2, 1.9999607843137257e-2, 1.999974509803919e-2, 1.9999882352941124e-2, 2.000001960784317e-2, 1.999962745098038e-2, 0.0, 0.0, 0.0, 0.0, 0.0, 0.0, 0.0 ], [ 0.0, 0.0, 0.0, 0.0, 7.84313725490196e-3, 0.0, 0.0, 2.0000254901960786e-2, 1.9999588235294134e-2, 1.9999588235294134e-2, 2.0000156862745103e-2, 2.0000156862745103e-2, 2.0000294117647033e-2, 2.0000294117647033e-2, 1.9999588235294134e-2, 2.0000294117647033e-2, 2.000001960784317e-2, 1.999974509803919e-2, 2.000019607843135e-2, 1.9999588235294134e-2, 2.0000058823529416e-2, 0.0, 0.0, 3.92156862745098e-3, 0.0, 0.0, 0.0, 0.0 ], [ 0.0, 0.0, 0.0, 0.0, 7.84313725490196e-3, 0.0, 0.0, 1.9999549019607887e-2, 2.0000156862745103e-2, 1.9999588235294134e-2, 1.9999588235294134e-2, 2.0000294117647033e-2, 1.9999862745098e-2, 1.9999862745098e-2, 2.000001960784317e-2, 2.0000156862745103e-2, 1.9999588235294134e-2, 1.9999588235294134e-2, 2.0000039215686292e-2, 2.0000156862745103e-2, 2.0000058823529416e-2, 0.0, 0.0, 3.92156862745098e-3, 0.0, 0.0, 0.0, 0.0 ], [ 0.0, 0.0, 0.0, 0.0, 7.84313725490196e-3, 0.0, 0.0, 1.999968627450982e-2, 2.0000294117647033e-2, 2.0000156862745103e-2, 2.0000156862745103e-2, 2.0000294117647033e-2, 1.9999862745098e-2, 1.9999862745098e-2, 2.0000156862745103e-2, 2.0000294117647033e-2, 1.9999588235294134e-2, 2.000001960784317e-2, 1.9999607843137257e-2, 1.9999588235294134e-2, 2.000019607843135e-2, 0.0, 0.0, 3.92156862745098e-3, 0.0, 0.0, 0.0, 0.0 ], [ 0.0, 0.0, 0.0, 0.0, 7.84313725490196e-3, 0.0, 0.0, 1.9999823529411754e-2, 2.0000431372548966e-2, 2.0000156862745103e-2, 2.0000294117647033e-2, 1.9999862745098e-2, 2.0000000000000046e-2, 1.9999862745098e-2, 2.0000156862745103e-2, 2.0000294117647033e-2, 1.9999588235294134e-2, 2.000001960784317e-2, 1.999974509803919e-2, 2.00004509803922e-2, 1.9999607843137257e-2, 0.0, 0.0, 3.92156862745098e-3, 0.0, 0.0, 0.0, 0.0 ], [ 0.0, 0.0, 0.0, 0.0, 7.84313725490196e-3, 0.0, 0.0, 2.000039215686272e-2, 1.9999862745098e-2, 2.000001960784317e-2, 2.0000431372548966e-2, 1.9999862745098e-2, 1.9999862745098e-2, 2.0000000000000046e-2, 2.0000431372548966e-2, 1.9999862745098e-2, 2.0000294117647033e-2, 1.9999588235294134e-2, 1.9999882352941124e-2, 1.9999882352941124e-2, 2.0000294117647033e-2, 0.0, 0.0, 3.92156862745098e-3, 0.0, 0.0, 0.0, 0.0 ], [ 0.0, 0.0, 0.0, 0.0, 1.1764705882352941e-2, 0.0, 0.0, 2.000039215686272e-2, 2.0000156862745103e-2, 2.000001960784317e-2, 1.999956862745101e-2, 2.0000431372548966e-2, 2.0000431372548966e-2, 2.0000000000000046e-2, 1.9999862745098e-2, 1.9999862745098e-2, 1.9999862745098e-2, 2.0000156862745103e-2, 1.9999882352941124e-2, 1.9999882352941124e-2, 2.0000000000000046e-2, 0.0, 0.0, 3.92156862745098e-3, 0.0, 0.0, 0.0, 0.0 ], [ 0.0, 0.0, 0.0, 0.0, 7.84313725490196e-3, 0.0, 0.0, 1.9999666666666697e-2, 1.9999588235294134e-2, 1.9999588235294134e-2, 2.0000000000000046e-2, 1.9999862745098e-2, 1.9999862745098e-2, 2.0000431372548966e-2, 2.0000294117647033e-2, 2.0000156862745103e-2, 2.0000294117647033e-2, 2.0000156862745103e-2, 1.9999882352941124e-2, 2.00004509803922e-2, 1.9999588235294134e-2, 0.0, 0.0, 3.92156862745098e-3, 0.0, 0.0, 0.0, 0.0 ], [ 0.0, 0.0, 0.0, 0.0, 7.84313725490196e-3, 0.0, 0.0, 2.0000372549019596e-2, 1.9999588235294134e-2, 2.0000294117647033e-2, 2.0000294117647033e-2, 2.0000156862745103e-2, 2.0000156862745103e-2, 1.9999862745098e-2, 2.0000294117647033e-2, 2.0000156862745103e-2, 2.0000156862745103e-2, 2.0000156862745103e-2, 1.9999882352941124e-2, 2.00004509803922e-2, 2.0000313725490156e-2, 0.0, 0.0, 3.92156862745098e-3, 0.0, 0.0, 0.0, 0.0 ], [ 0.0, 0.0, 0.0, 0.0, 7.84313725490196e-3, 0.0, 2.0000254901960782e-2, 1.9999607843137257e-2, 2.0000313725490156e-2, 2.0000431372548966e-2, 2.0000294117647033e-2, 2.0000156862745103e-2, 2.000001960784317e-2, 1.9999588235294134e-2, 2.0000156862745103e-2, 1.9999588235294134e-2, 1.9999588235294134e-2, 1.9999588235294134e-2, 2.0000156862745103e-2, 1.9999588235294134e-2, 1.9999882352941124e-2, 0.0, 0.0, 3.92156862745098e-3, 0.0, 0.0, 0.0, 0.0 ], [ 0.0, 0.0, 0.0, 0.0, 7.84313725490196e-3, 0.0, 2.0000254901960782e-2, 1.999974509803919e-2, 2.00004509803922e-2, 2.0000294117647033e-2, 2.00004509803922e-2, 2.00004509803922e-2, 2.00004509803922e-2, 2.00004509803922e-2, 2.000001960784317e-2, 1.9999588235294134e-2, 1.9999588235294134e-2, 2.000001960784317e-2, 1.9999588235294134e-2, 1.9999588235294134e-2, 2.0000000000000046e-2, 0.0, 0.0, 3.92156862745098e-3, 0.0, 0.0, 0.0, 0.0 ], [ 0.0, 0.0, 0.0, 0.0, 7.84313725490196e-3, 0.0, 1.9999686274509803e-2, 1.9999607843137257e-2, 2.00004509803922e-2, 1.999974509803919e-2, 1.999974509803919e-2, 2.0000313725490156e-2, 2.000001960784317e-2, 1.9999882352941124e-2, 1.9999882352941124e-2, 2.000001960784317e-2, 2.000001960784317e-2, 2.00004509803922e-2, 2.0000313725490156e-2, 2.000001960784317e-2, 2.0000156862745103e-2, 0.0, 0.0, 3.92156862745098e-3, 0.0, 0.0, 0.0, 0.0 ], [ -2.0e-2, 0.0, 0.0, 0.0, 1.1764705882352941e-2, 0.0, 2.0000254901960782e-2, 1.9999588235294134e-2, 2.0000000000000046e-2, 1.999956862745101e-2, 2.0000294117647033e-2, 2.000001960784317e-2, 1.9999588235294134e-2, 1.999974509803919e-2, 1.9999607843137257e-2, 1.9999882352941124e-2, 1.9999588235294134e-2, 1.9999862745098e-2, 2.0000431372548966e-2, 2.0000137254901976e-2, 2.0000235294117662e-2, 0.0, 0.0, 3.92156862745098e-3, 0.0, 0.0, 0.0, 0.0 ], [ 0.0, 0.0, -2.0e-2, 0.0, 7.84313725490196e-3, 0.0, 0.0, 1.9999509803921574e-2, 2.0000352941176518e-2, 1.9999529411764697e-2, 1.999974509803919e-2, 1.9999862745098e-2, 1.9999862745098e-2, 2.0000313725490156e-2, 1.9999882352941124e-2, 1.9999862745098e-2, 2.0000137254901976e-2, 1.9999882352941124e-2, 2.0000333333333283e-2, 2.000037254901964e-2, 2.0000156862745144e-2, 0.0, 0.0, -2.000043137254902e-2, 0.0, 0.0, 0.0, 0.0 ] ]
  robust!20 [......................................................] 0/9 queries
  robust!20 [======>...............................................] 1/9 queries
  robust!20 [============>.........................................] 2/9 queries
  robust!20 [==================>...................................] 3/9 queries
  robust!20 [========================>.............................] 4/9 queries
  robust!20 [==============================>.......................] 5/9 queries
  robust!20 [====================================>.................] 6/9 queries
  robust!20 [==========================================>...........] 7/9 queries
  robust!20 [================================================>.....] 8/9 queries
  robust!20 [======================================================] 9/9 queries
  robust!21 [......................................................] 0/9 queries
  robust!21 [======>...............................................] 1/9 queries
  robust!21 [============>.........................................] 2/9 queries
  robust!21 [==================>...................................] 3/9 queries
  robust!21 [========================>.............................] 4/9 queries
  robust!21 [==============================>.......................] 5/9 queries
  robust!21 [====================================>.................] 6/9 queries
  robust!21 [==========================================>...........] 7/9 queries
    result: 🗸 - Marabou proved no counterexample exists

    result: ✗ - Marabou found a counterexample
      perturbation: [ [ 0.0, 0.0, 0.0, 0.0, 0.0, 0.0, -2.0e-2, -2.0e-2, -2.0e-2, -2.0e-2, 0.0, 0.0, 0.0, 0.0, -2.0e-2, 0.0, 0.0, 0.0, 0.0, 0.0, -2.0e-2, 0.0, 0.0, 0.0, 0.0, 0.0, 0.0, 0.0 ], [ 0.0, 0.0, 0.0, 0.0, 0.0, 0.0, 0.0, 0.0, 0.0, 0.0, 0.0, 0.0, 0.0, 0.0, 0.0, 0.0, 0.0, 0.0, 0.0, 0.0, 0.0, 0.0, 0.0, 0.0, 0.0, 0.0, -2.0e-2, 0.0 ], [ 0.0, 0.0, 0.0, 0.0, -2.0e-2, 0.0, 0.0, 0.0, 0.0, 0.0, 0.0, 0.0, 0.0, 0.0, 0.0, 0.0, 0.0, 0.0, 0.0, 0.0, 0.0, 0.0, 0.0, 0.0, 0.0, 0.0, 0.0, 0.0 ], [ 0.0, 0.0, 0.0, 0.0, -2.0e-2, 0.0, 0.0, 0.0, 0.0, 0.0, 0.0, 0.0, 0.0, 0.0, 0.0, 0.0, -2.0e-2, 0.0, 0.0, 0.0, 0.0, 0.0, 0.0, 0.0, 0.0, 0.0, 0.0, 0.0 ], [ 0.0, 0.0, 0.0, -2.0e-2, -2.0e-2, 0.0, 0.0, 0.0, 0.0, 0.0, 0.0, 0.0, 0.0, 0.0, 0.0, 0.0, 0.0, 0.0, 0.0, 0.0, 0.0, 0.0, 0.0, 0.0, 0.0, 0.0, -2.0e-2, 0.0 ], [ 0.0, 0.0, 0.0, 0.0, 0.0, 0.0, 0.0, 0.0, 0.0, 0.0, 0.0, 0.0, 0.0, 0.0, 0.0, 0.0, 0.0, -2.0e-2, 0.0, 0.0, 0.0, 0.0, 0.0, 0.0, 0.0, 0.0, -1.4827e-2, 0.0 ], [ 0.0, 0.0, 0.0, -2.0e-2, 0.0, 0.0, 0.0, 0.0, 0.0, 0.0, 0.0, 0.0, 0.0, 0.0, 0.0, 0.0, 0.0, -2.0e-2, -2.0e-2, -2.0e-2, 0.0, 0.0, 0.0, 0.0, 0.0, 0.0, 0.0, 0.0 ], [ -2.0e-2, -2.0e-2, -2.0e-2, -2.0e-2, 0.0, 0.0, 0.0, 0.0, 0.0, 0.0, 0.0, 0.0, 0.0, 0.0, 0.0, 0.0, 0.0, 0.0, 0.0, 0.0, 0.0, 0.0, 0.0, 0.0, 0.0, 0.0, 0.0, -2.0e-2 ], [ 0.0, 0.0, 0.0, 0.0, 0.0, 0.0, 0.0, 0.0, 0.0, 0.0, 0.0, 0.0, 0.0, 0.0, 0.0, 1.9999666666666662e-2, 1.999954901960784e-2, -2.0e-2, 3.92156862745098e-3, 0.0, 0.0, 0.0, 0.0, 1.1764705882352941e-2, 0.0, 0.0, 0.0, -2.0e-2 ], [ 0.0, 0.0, -2.0e-2, 0.0, 0.0, 0.0, 0.0, 0.0, -2.0e-2, 0.0, 0.0, 0.0, 1.999988235294116e-2, 1.9999568627450944e-2, 1.9999509803921574e-2, 2.000005882352937e-2, 1.999950980392155e-2, -2.0e-2, -2.0e-2, 0.0, 0.0, 0.0, 0.0, 0.0, 0.0, 3.92156862745098e-3, 0.0, -2.0e-2 ], [ 0.0, 0.0, 0.0, 0.0, 0.0, 0.0, 0.0, 0.0, -2.0e-2, -2.0e-2, 0.0, 0.0, 1.9999588235294134e-2, 2.0000235294117662e-2, 2.0000098039215663e-2, 2.0000470588235304e-2, 1.99998235294118e-2, 2.000023529411764e-2, -2.0000039215686275e-2, 0.0, 0.0, 0.0, 0.0, 2.000049019607843e-2, -2.000027450980389e-2, 2.0000117647058786e-2, 0.0, 0.0 ], [ 3.92156862745098e-3, 1.568627450980392e-2, 1.568627450980392e-2, 3.92156862745098e-3, 7.84313725490196e-3, 1.1764705882352941e-2, 0.0, 0.0, 0.0, 0.0, 2.0000137254901972e-2, 1.9999843137254922e-2, 1.9999862745098046e-2, 2.0000117647058786e-2, 2.000019607843135e-2, 2.000045098039218e-2, 1.9999529411764704e-2, 1.9999588235294134e-2, 1.9999607843137257e-2, 1.9999647058823507e-2, 2.000011764705883e-2, 1.9999725490196102e-2, 1.9999647058823507e-2, 1.9999509803921574e-2, 1.9999980392156853e-2, 1.999954901960782e-2, -2.0000039215686292e-2, 0.0 ], [ 0.0, -2.0e-2, -2.0e-2, 0.0, -2.0e-2, 0.0, 0.0, 0.0, 1.999998039215686e-2, 2.0000372549019627e-2, 2.0e-2, 1.9999725490196067e-2, 2.000011764705883e-2, 2.000043137254901e-2, 1.9999509803921574e-2, 2.0000431372548966e-2, 1.999956862745099e-2, 2.0000117647058786e-2, 2.0000176470588268e-2, 2.0000254901960765e-2, 2.0000470588235324e-2, 1.9999549019607887e-2, -1.999956862745099e-2, 1.9999901960784293e-2, 1.9999509803921563e-2, 1.999976470588236e-2, -1.999982352941173e-2, 0.0 ], [ -2.0e-2, -1.9999843137254905e-2, -1.999986274509803e-2, -2.0e-2, 1.9999803921568627e-2, 2.0000078431372574e-2, 2.000045098039218e-2, 1.9999529411764687e-2, 1.999980392156863e-2, 1.9999784313725483e-2, 2.0000372549019627e-2, 2.0000176470588268e-2, -1.9999803921568606e-2, -1.9999705882352923e-2, 2.000043137254901e-2, 1.99998235294118e-2, -1.9999980392156832e-2, -1.9999941176470585e-2, 1.999962745098038e-2, 2.000025490196083e-2, 1.9999627450980415e-2, 2.000007843137253e-2, 1.9999980392156853e-2, 2.0000196078431395e-2, 1.999988235294117e-2, -1.999974509803917e-2, -2.0000215686274518e-2, 0.0 ], [ -2.000043137254902e-2, -2.0000058823529395e-2, -2.000021568627456e-2, 2.0000117647058786e-2, 2.0000490196078448e-2, 1.9999803921568672e-2, 2.0000333333333314e-2, 1.9999588235294068e-2, 1.9999999999999976e-2, 1.9999607843137302e-2, -2.000027450980389e-2, 1.9999999999999976e-2, -1.999980392156865e-2, 1.99998235294118e-2, 1.9999686274509754e-2, 1.999966666666663e-2, -2.0000313725490246e-2, 2.0000039215686292e-2, 2.00003137254902e-2, 1.9999803921568672e-2, 2.0000235294117662e-2, 1.999998039215681e-2, 1.9999647058823507e-2, 1.9999921568627482e-2, -2.0000058823529395e-2, -2.0000333333333325e-2, -2.0e-2, -2.0e-2 ], [ 2.000041176470589e-2, 1.9999921568627482e-2, -1.9999568627451034e-2, 2.0000156862745144e-2, -2.0000470588235304e-2, 1.9999647058823507e-2, 1.9999999999999976e-2, 2.000037254901964e-2, 1.9999627450980426e-2, 2.0000117647058852e-2, 2.0000490196078382e-2, 1.9999509803921574e-2, 1.9999764705882314e-2, 2.0000254901960765e-2, 1.9999588235294134e-2, 1.999964705882355e-2, 1.9999568627450944e-2, 1.9999529411764652e-2, 2.0000411764705843e-2, 2.0000372549019596e-2, 2.0000450980392135e-2, 2.0000019607843145e-2, -1.99995490196078e-2, -2.000021568627456e-2, 1.9999647058823573e-2, 1.9999647058823528e-2, -2.000007843137255e-2, 1.9999803921568627e-2 ], [ 1.9999627450980415e-2, 1.999988235294117e-2, -1.9999901960784338e-2, -1.9999705882352923e-2, 2.0000274509803954e-2, 2.0000039215686292e-2, 2.0000333333333325e-2, 1.999984313725491e-2, 2.0000235294117596e-2, 2.0e-2, 1.9999607843137302e-2, 1.9999607843137257e-2, 2.0000274509803954e-2, 2.0000333333333332e-2, 2.0000235294117596e-2, 2.000047058823526e-2, 2.0000156862745144e-2, 2.0000176470588268e-2, 1.9999529411764687e-2, 2.0000352941176493e-2, 1.9999882352941173e-2, 2.0000039215686286e-2, 1.999964705882354e-2, 2.0000411764705878e-2, 2.000011764705883e-2, 2.0000411764705878e-2, 1.9999901960784293e-2, -1.9999588235294106e-2 ], [ 1.999954901960784e-2, 1.9999725490196067e-2, -1.9999784313725528e-2, -2.000007843137252e-2, 2.000025490196083e-2, 2.0000156862745144e-2, 1.9999568627450944e-2, 2.0000235294117596e-2, 2.000035294117645e-2, 2.0000490196078427e-2, 2.0000235294117628e-2, 2.000019607843138e-2, -1.9999529411764697e-2, 2.0000176470588257e-2, 1.999964705882355e-2, 2.0000156862745103e-2, 1.9999725490196067e-2, 1.9999784313725438e-2, 1.9999509803921563e-2, 1.999984313725491e-2, 2.0000392156862754e-2, 1.999956862745099e-2, 1.9999784313725483e-2, 1.9999901960784338e-2, 1.999980392156865e-2, 2.0000431372549e-2, 1.999996078431373e-2, 2.0000411764705878e-2 ], [ 0.0, 0.0, 1.9999588235294113e-2, 1.9999862745098e-2, 1.9999529411764652e-2, 1.9999549019607887e-2, 2.0000450980392156e-2, 1.9999588235294092e-2, 2.0000019607843124e-2, 1.9999529411764652e-2, 1.9999647058823507e-2, 2.000005882352946e-2, 2.000007843137254e-2, 2.0000450980392156e-2, 2.0e-2, 1.9999862745098067e-2, 1.9999725490196022e-2, 1.999994117647056e-2, 2.0e-2, 2.0e-2, 1.9999725490196112e-2, 2.0000294117647033e-2, 2.0e-2, 2.0000176470588226e-2, 2.0000490196078448e-2, 2.000009803921573e-2, 2.000039215686272e-2, 1.9999725490196088e-2 ], [ 3.92156862745098e-3, 0.0, 0.0, 0.0, 0.0, 1.9999764705882366e-2, 2.0000490196078382e-2, 1.9999901960784293e-2, 1.9999725490196112e-2, 1.9999843137254922e-2, 1.999996078431373e-2, 2.000045098039218e-2, 1.9999705882352923e-2, 1.9999509803921563e-2, 1.9999901960784324e-2, 2.0000215686274508e-2, -2.0000235294117635e-2, -1.999954901960783e-2, -1.9999784313725493e-2, -2.0000470588235314e-2, 2.0000039215686268e-2, -1.9999960784313774e-2, 2.000005882352946e-2, 2.000047058823526e-2, 1.9999686274509754e-2, 2.0000098039215708e-2, 1.9999529411764704e-2, -2.0e-2 ], [ -2.0e-2, 0.0, 0.0, 0.0, 0.0, 0.0, 0.0, 0.0, 0.0, 0.0, 0.0, 0.0, 0.0, 0.0, 0.0, 0.0, -2.0e-2, -2.0e-2, -2.0e-2, -2.0e-2, -2.0e-2, 0.0, 0.0, 0.0, 0.0, 0.0, 0.0, 0.0 ], [ 0.0, 0.0, 0.0, -2.0e-2, 0.0, 0.0, 0.0, 0.0, 0.0, 0.0, 0.0, 0.0, 0.0, 0.0, 0.0, -2.0e-2, -2.0e-2, -2.0e-2, -2.0e-2, 0.0, 0.0, 0.0, 0.0, 0.0, 0.0, 0.0, 0.0, -2.0e-2 ], [ 0.0, 0.0, 0.0, 0.0, 0.0, 0.0, 0.0, 0.0, 0.0, 0.0, 0.0, 0.0, 0.0, 0.0, 0.0, -2.0e-2, -2.0e-2, -2.0e-2, -2.0e-2, -2.0e-2, 0.0, 0.0, 0.0, 0.0, 0.0, 0.0, 0.0, -2.0e-2 ], [ 0.0, 0.0, 0.0, -2.0e-2, 0.0, 0.0, 0.0, 0.0, 0.0, 0.0, 0.0, 0.0, 0.0, 0.0, 0.0, 0.0, 0.0, 0.0, 0.0, 0.0, 0.0, 0.0, 0.0, 0.0, 0.0, 0.0, 0.0, 0.0 ], [ 0.0, 0.0, 0.0, 0.0, 0.0, 0.0, 0.0, 0.0, 0.0, 0.0, 0.0, 0.0, 0.0, 0.0, 0.0, 0.0, 0.0, 0.0, 0.0, 0.0, 0.0, 0.0, 0.0, 0.0, 0.0, 0.0, 0.0, 0.0 ], [ 0.0, 0.0, -2.0e-2, 0.0, 0.0, 0.0, 0.0, 0.0, 0.0, 0.0, 0.0, 0.0, 0.0, 0.0, 0.0, 0.0, 0.0, 0.0, 0.0, 0.0, 0.0, 0.0, 0.0, 0.0, -2.0e-2, 0.0, 0.0, -2.0e-2 ], [ 0.0, 0.0, 0.0, 0.0, 0.0, 0.0, 0.0, 0.0, 0.0, 0.0, 0.0, 0.0, 0.0, 0.0, 0.0, 0.0, 0.0, 0.0, 0.0, 0.0, 0.0, 0.0, 0.0, 0.0, -2.0e-2, 0.0, 0.0, 0.0 ], [ 0.0, 0.0, 0.0, 0.0, 0.0, 0.0, 0.0, 0.0, 0.0, 0.0, 0.0, 0.0, 0.0, 0.0, 0.0, 0.0, 0.0, 0.0, 0.0, 0.0, 0.0, 0.0, 0.0, 0.0, 0.0, 0.0, 0.0, 0.0 ] ]
  robust!22 [......................................................] 0/9 queries
  robust!22 [======>...............................................] 1/9 queries
  robust!22 [============>.........................................] 2/9 queries
  robust!22 [==================>...................................] 3/9 queries
  robust!22 [========================>.............................] 4/9 queries
  robust!22 [==============================>.......................] 5/9 queries
  robust!22 [====================================>.................] 6/9 queries
    result: ✗ - Marabou found a counterexample
      perturbation: [ [ 0.0, 0.0, 0.0, 0.0, 0.0, 0.0, 0.0, 0.0, 0.0, 0.0, 0.0, 0.0, 0.0, 0.0, 0.0, 0.0, 0.0, 0.0, 0.0, 0.0, -2.0e-2, 0.0, 0.0, 0.0, 0.0, 0.0, 0.0, 0.0 ], [ 0.0, 0.0, 0.0, 0.0, 0.0, 0.0, 0.0, 0.0, 0.0, 0.0, 0.0, 0.0, 0.0, 0.0, 0.0, 0.0, 0.0, 0.0, 0.0, 0.0, 0.0, 0.0, 0.0, 0.0, 0.0, 0.0, 0.0, 0.0 ], [ 0.0, 0.0, 0.0, 0.0, 0.0, 0.0, 0.0, 0.0, 0.0, 0.0, 0.0, 0.0, 0.0, 0.0, 0.0, 0.0, 0.0, 0.0, 0.0, 0.0, 0.0, 0.0, 0.0, 0.0, 0.0, 0.0, 0.0, 0.0 ], [ 0.0, 0.0, 0.0, 0.0, 0.0, 0.0, 0.0, 0.0, 0.0, 0.0, 0.0, 0.0, 0.0, 0.0, 0.0, 0.0, 0.0, 0.0, 0.0, 0.0, 0.0, 0.0, 0.0, 0.0, 0.0, 0.0, 0.0, 0.0 ], [ 0.0, 0.0, 0.0, 0.0, 0.0, 0.0, 0.0, 0.0, 0.0, 0.0, 0.0, 0.0, 0.0, 0.0, 0.0, 0.0, 0.0, 0.0, 0.0, 0.0, 0.0, 0.0, 0.0, -2.0e-2, 0.0, 0.0, 0.0, 0.0 ], [ 0.0, 0.0, 0.0, 0.0, 0.0, 0.0, 0.0, 0.0, 0.0, 0.0, 0.0, 0.0, 0.0, 0.0, 0.0, 0.0, 0.0, 0.0, 0.0, 0.0, 0.0, 0.0, 0.0, 0.0, 0.0, 0.0, 0.0, 0.0 ], [ 0.0, 0.0, 0.0, 0.0, 0.0, 0.0, 0.0, 0.0, 0.0, 0.0, 0.0, 0.0, 0.0, 0.0, 0.0, 0.0, 0.0, 0.0, 0.0, 0.0, 0.0, 0.0, 0.0, -2.0e-2, 0.0, 0.0, 0.0, 0.0 ], [ 0.0, 0.0, 0.0, 0.0, 0.0, 0.0, 0.0, 0.0, 0.0, 0.0, 0.0, 0.0, 0.0, 0.0, 0.0, 0.0, 0.0, 0.0, 0.0, 0.0, 0.0, 0.0, 0.0, -2.0e-2, 0.0, 0.0, 0.0, 0.0 ], [ 0.0, 0.0, 0.0, 0.0, 0.0, 0.0, 0.0, 0.0, 3.92156862745098e-3, 7.84313725490196e-3, 0.0, 0.0, 3.92156862745098e-3, 0.0, 7.84313725490196e-3, 0.0, 0.0, 2.0000098039215698e-2, 2.0000117647058824e-2, 0.0, 3.92156862745098e-3, 3.92156862745098e-3, 7.84313725490196e-3, 3.92156862745098e-3, 7.84313725490196e-3, 0.0, 0.0, 0.0 ], [ 0.0, 0.0, 0.0, 0.0, 0.0, 0.0, 0.0, 0.0, 0.0, 0.0, 3.92156862745098e-3, 7.84313725490196e-3, 7.84313725490196e-3, 0.0, 0.0, 1.999996078431371e-2, 1.9999764705882314e-2, 1.999990196078436e-2, 2.0000490196078382e-2, 0.0, 1.1764705882352941e-2, -2.0e-2, -2.000043137254902e-2, 7.84313725490196e-3, 0.0, 1.9999823529411785e-2, 1.96078431372549e-2, 0.0 ], [ 0.0, 0.0, 0.0, 0.0, 0.0, 0.0, 0.0, 0.0, 0.0, 3.92156862745098e-3, 3.92156862745098e-3, 0.0, 0.0, 2.0000274509803934e-2, 2.0000235294117662e-2, 1.999956862745101e-2, 2.0000176470588226e-2, 1.999966666666663e-2, 2.0000235294117596e-2, 0.0, 0.0, 0.0, 0.0, 0.0, 2.0000058823529395e-2, 2.0000039215686247e-2, 2.000031372549019e-2, 0.0 ], [ 0.0, 0.0, 0.0, 0.0, 0.0, 0.0, 0.0, 0.0, 0.0, 0.0, 0.0, 2.0000078431372574e-2, 1.9999960784313688e-2, 1.9999960784313688e-2, 2.0000117647058852e-2, 1.9999725490196067e-2, 2.0000294117647033e-2, 1.999996078431373e-2, 1.9999843137254877e-2, 2.000015686274508e-2, 0.0, 1.9999960784313726e-2, 2.0000098039215698e-2, 2.000005882352946e-2, 2.0000235294117596e-2, 2.000001960784317e-2, 1.9999764705882314e-2, 0.0 ], [ 7.84313725490196e-3, 0.0, 0.0, 3.92156862745098e-3, 3.92156862745098e-3, 7.84313725490196e-3, -2.000043137254902e-2, -2.0e-2, 0.0, 0.0, 1.9999549019607866e-2, 1.9999862745098067e-2, 2.0000411764705843e-2, 2.0000156862745103e-2, 1.9999549019607887e-2, 2.0000254901960786e-2, 2.0000176470588226e-2, 1.999956862745101e-2, 2.000001960784317e-2, 2.000001960784317e-2, 2.0000156862745103e-2, 2.000005882352937e-2, 2.0000039215686247e-2, 1.999974509803919e-2, 2.0000098039215663e-2, 2.0000176470588226e-2, 2.0000039215686247e-2, -2.0000352941176473e-2 ], [ 1.1764705882352941e-2, 7.84313725490196e-3, 1.1764705882352941e-2, 1.1764705882352941e-2, 3.92156862745098e-3, 0.0, -2.0e-2, -1.9999705882352944e-2, 2.0000117647058786e-2, 2.0000176470588226e-2, 1.9999725490196022e-2, 1.9999882352941124e-2, 1.999956862745101e-2, 2.00004509803922e-2, 1.999990196078436e-2, 1.999980392156863e-2, 1.9999529411764652e-2, 2.0000117647058852e-2, 2.000027450980391e-2, 1.9999843137254877e-2, 1.999990196078436e-2, 2.0000333333333325e-2, 1.99998235294118e-2, 2.0000058823529416e-2, 2.0000254901960786e-2, 2.0000137254901976e-2, 2.0000313725490226e-2, 2.0000098039215698e-2 ], [ 0.0, 0.0, 0.0, 0.0, 0.0, -1.999954901960782e-2, 2.0000294117647033e-2, 2.0000156862745103e-2, 1.999968627450982e-2, 2.0000137254901976e-2, 2.0000470588235324e-2, 2.0000333333333283e-2, 2.0000137254901976e-2, 1.9999529411764652e-2, 2.0000294117647033e-2, 1.999980392156863e-2, 1.9999529411764652e-2, 1.999980392156863e-2, 1.999980392156863e-2, 2.000001960784317e-2, 2.0000235294117662e-2, 2.0000313725490226e-2, 1.9999647058823573e-2, 2.0000352941176518e-2, 1.999970588235299e-2, 2.0000294117647033e-2, 1.9999725490196022e-2, 1.9999588235294113e-2 ], [ 0.0, 2.0000098039215687e-2, 2.0000470588235304e-2, 2.0000431372549e-2, 1.999996078431373e-2, 2.000005882352937e-2, 1.9999529411764652e-2, 2.0000215686274473e-2, 1.999966666666663e-2, 2.0000470588235324e-2, 1.9999862745098e-2, 2.0000235294117596e-2, 2.0000156862745103e-2, 2.0000254901960786e-2, 1.9999960784313688e-2, 1.9999549019607887e-2, 1.999962745098034e-2, 1.9999549019607887e-2, 1.9999647058823573e-2, 1.9999784313725507e-2, 1.999994117647056e-2, 2.000039215686272e-2, 1.9999764705882314e-2, 1.9999941176470606e-2, 1.999980392156863e-2, 1.9999647058823573e-2, 2.0e-2, 2.0000490196078427e-2 ], [ 0.0, 1.9999843137254922e-2, 2.0000176470588226e-2, 2.0000156862745144e-2, 1.9999764705882314e-2, -2.0000490196078427e-2, -1.9999784313725483e-2, -2.0000333333333325e-2, 1.9999725490196112e-2, 1.9999509803921574e-2, 1.9999882352941124e-2, 1.999962745098038e-2, 2.0000215686274473e-2, 1.9999666666666697e-2, 1.999994117647056e-2, 1.9999921568627437e-2, 2.0000470588235283e-2, 2.000005882352937e-2, 1.9999666666666697e-2, -2.0000039215686313e-2, 1.9999784313725507e-2, 1.9999647058823573e-2, 1.9999529411764652e-2, 1.999962745098034e-2, 1.9999921568627437e-2, 1.9999529411764652e-2, 1.9999725490196022e-2, 2.0000156862745096e-2 ], [ 1.9999686274509813e-2, 1.99998235294118e-2, 1.999970588235299e-2, 1.9999509803921574e-2, 2.0000137254901976e-2, -1.9999882352941145e-2, -2.000043137254899e-2, -2.0000235294117683e-2, 1.9999509803921574e-2, 1.9999843137254922e-2, 2.0000490196078448e-2, 1.9999509803921574e-2, 1.9999509803921574e-2, 1.9999843137254877e-2, 1.9999843137254877e-2, 1.9999862745098e-2, 1.9999725490196067e-2, 2.000001960784317e-2, 2.0000176470588226e-2, 1.999974509803919e-2, 1.9999607843137257e-2, 2.0000470588235324e-2, 2.000001960784317e-2, 1.9999607843137257e-2, 2.0000176470588226e-2, 1.9999725490196067e-2, 2.000005882352937e-2, 2.0000098039215687e-2 ], [ -2.000001960784316e-2, 2.0000411764705843e-2, 1.999962745098038e-2, 2.0000058823529416e-2, 1.9999882352941124e-2, 1.9999882352941124e-2, 1.999956862745101e-2, 1.9999725490196067e-2, 2.000001960784317e-2, 1.9999607843137257e-2, 2.0000294117647033e-2, 2.000001960784317e-2, 2.00004509803922e-2, 1.999974509803919e-2, 1.9999607843137257e-2, 1.9999882352941124e-2, 2.000001960784317e-2, 1.9999725490196067e-2, 1.9999725490196067e-2, 2.0000156862745103e-2, 2.0000294117647033e-2, 1.9999725490196067e-2, 1.9999862745098e-2, 1.9999862745098e-2, 2.0000294117647033e-2, 2.0000294117647033e-2, 2.0000352941176473e-2, 7.84313725490196e-3 ], [ -2.0e-2, 2.0000372549019627e-2, 1.9999725490196067e-2, 1.9999784313725507e-2, 2.0000450980392156e-2, 2.000033333333335e-2, 2.0000196078431415e-2, 1.9999901960784314e-2, 2.0000313725490226e-2, 1.9999745098039257e-2, 2.0000470588235283e-2, 2.000017647058818e-2, 1.9999901960784314e-2, 2.0000196078431415e-2, 1.999962745098034e-2, 1.999962745098034e-2, 1.9999921568627437e-2, 2.000005882352937e-2, 2.000005882352937e-2, 2.000005882352937e-2, 2.0000196078431415e-2, 2.0000196078431415e-2, 2.0000196078431415e-2, 1.9999921568627437e-2, 1.9999647058823573e-2, -2.000007843137256e-2, 1.9999843137254877e-2, 0.0 ], [ 0.0, 0.0, 0.0, 2.0000117647058824e-2, 2.0000274509803934e-2, 1.9999823529411775e-2, 2.0000372549019617e-2, 2.0000490196078427e-2, 1.999992156862746e-2, 1.9999941176470585e-2, 2.0000254901960782e-2, 1.999998039215686e-2, 1.999986274509805e-2, 2.0000470588235293e-2, 2.000019607843137e-2, 2.000049019607843e-2, 2.000035294117647e-2, 1.999978431372549e-2, 2.0000078431372546e-2, 1.9999647058823528e-2, 1.9999647058823528e-2, 1.999978431372549e-2, 2.000035294117647e-2, 1.9999529411764704e-2, -2.000043137254902e-2, -2.0e-2, -2.0e-2, -2.0e-2 ], [ 0.0, 0.0, 0.0, 0.0, 0.0, 0.0, 0.0, 0.0, 0.0, 0.0, 0.0, 0.0, 0.0, 0.0, 0.0, 0.0, 0.0, 0.0, 0.0, 0.0, 0.0, 0.0, 0.0, 0.0, 0.0, 0.0, 0.0, 0.0 ], [ 0.0, 0.0, 0.0, 0.0, 0.0, 0.0, 0.0, 0.0, 0.0, 0.0, 0.0, 0.0, 0.0, 0.0, 0.0, 0.0, 0.0, 0.0, 0.0, 0.0, 0.0, 0.0, 0.0, 0.0, 0.0, 0.0, 0.0, 0.0 ], [ -2.0e-2, 0.0, 0.0, -2.0e-2, 0.0, 0.0, 0.0, 0.0, 0.0, 0.0, 0.0, 0.0, 0.0, 0.0, 0.0, 0.0, 0.0, 0.0, 0.0, 0.0, 0.0, 0.0, 0.0, 0.0, 0.0, 0.0, 0.0, 0.0 ], [ 0.0, -2.0e-2, 0.0, 0.0, 0.0, 0.0, 0.0, 0.0, 0.0, 0.0, 0.0, 0.0, 0.0, 0.0, 0.0, 0.0, 0.0, 0.0, 0.0, 0.0, 0.0, 0.0, 0.0, 0.0, 0.0, 0.0, -2.0e-2, 0.0 ], [ -2.0e-2, 0.0, -2.0e-2, 0.0, 0.0, 0.0, 0.0, 0.0, 0.0, 0.0, 0.0, 0.0, 0.0, 0.0, 0.0, 0.0, 0.0, 0.0, 0.0, 0.0, 0.0, 0.0, 0.0, 0.0, 0.0, 0.0, 0.0, 0.0 ], [ 0.0, 0.0, 0.0, 0.0, 0.0, 0.0, 0.0, 0.0, 0.0, 0.0, 0.0, 0.0, 0.0, 0.0, 0.0, 0.0, 0.0, 0.0, 0.0, 0.0, 0.0, 0.0, 0.0, 0.0, -1.6196e-2, 0.0, 0.0, 0.0 ], [ 0.0, 0.0, 0.0, 0.0, 0.0, 0.0, 0.0, 0.0, 0.0, 0.0, 0.0, 0.0, 0.0, 0.0, 0.0, 0.0, 0.0, 0.0, 0.0, 0.0, 0.0, 0.0, 0.0, 0.0, 0.0, 0.0, 0.0, 0.0 ] ]
  robust!23 [......................................................] 0/9 queries
  robust!23 [======>...............................................] 1/9 queries
  robust!23 [============>.........................................] 2/9 queries
  robust!23 [==================>...................................] 3/9 queries
    result: ✗ - Marabou found a counterexample
      perturbation: [ [ 0.0, -2.0e-2, -2.0e-2, -2.0e-2, -2.0e-2, 0.0, 0.0, -2.0e-2, -2.0e-2, 0.0, 0.0, -2.0e-2, 0.0, 0.0, 0.0, 0.0, -2.0e-2, 0.0, 0.0, 0.0, 0.0, 0.0, 0.0, 0.0, 0.0, -2.0e-2, 0.0, 0.0 ], [ 0.0, -2.0e-2, -2.0e-2, -2.0e-2, 0.0, 0.0, 0.0, 0.0, 0.0, -2.0e-2, -2.0e-2, -2.0e-2, 0.0, 0.0, 0.0, 0.0, 0.0, -2.0e-2, -2.0e-2, -2.0e-2, 0.0, 0.0, 0.0, 0.0, 0.0, 0.0, 0.0, 0.0 ], [ 0.0, -2.0e-2, -2.0e-2, 0.0, 0.0, 0.0, -2.0e-2, -2.0e-2, 0.0, -2.0e-2, 0.0, 0.0, 0.0, -2.0e-2, -2.0e-2, 0.0, -2.0e-2, 0.0, -2.0e-2, -2.0e-2, -2.0e-2, 0.0, -2.0e-2, 0.0, 0.0, 0.0, -2.0e-2, 0.0 ], [ -2.0e-2, -2.0e-2, 0.0, 0.0, -2.0e-2, 0.0, 0.0, 0.0, 0.0, 0.0, 0.0, 0.0, 0.0, -2.0e-2, 0.0, 0.0, 0.0, 0.0, 0.0, 0.0, 0.0, 0.0, 0.0, -2.0e-2, 0.0, 0.0, -2.0e-2, 0.0 ], [ 0.0, 0.0, 0.0, -2.0e-2, 0.0, -2.0e-2, 0.0, 0.0, 0.0, 0.0, 0.0, 0.0, 0.0, 0.0, 0.0, 0.0, 0.0, 0.0, 0.0, 0.0, 0.0, 0.0, 0.0, -2.0e-2, 0.0, 0.0, 0.0, -2.0e-2 ], [ -2.0e-2, -2.0e-2, 0.0, 0.0, -2.0e-2, 0.0, -2.0e-2, 0.0, 0.0, -2.0e-2, 0.0, 0.0, 0.0, 0.0, 0.0, 0.0, 0.0, 0.0, 0.0, 0.0, 0.0, 0.0, 0.0, -2.0e-2, 0.0, 0.0, 0.0, -2.0e-2 ], [ -2.0e-2, 0.0, 0.0, 0.0, -2.0e-2, 0.0, -2.0e-2, 0.0, -2.0e-2, -2.0e-2, -2.0e-2, -2.0e-2, 0.0, 0.0, 0.0, 0.0, 0.0, 0.0, 0.0, 0.0, 0.0, -2.0e-2, 0.0, -2.0e-2, 0.0, 0.0, 0.0, 0.0 ], [ 0.0, 0.0, -2.0e-2, 0.0, -2.0e-2, -2.0e-2, -2.0e-2, -2.0e-2, -2.0e-2, -2.000029411764706e-2, -2.0e-2, -2.0e-2, -2.0e-2, -2.0e-2, -2.0e-2, 1.999966666666663e-2, 1.9999647058823507e-2, 1.9999745098039225e-2, -1.9999980392156867e-2, 1.9999823529411764e-2, 1.1764705882352941e-2, 0.0, 0.0, 2.000049019607843e-2, 1.9999784313725472e-2, 2.0000392156862754e-2, 0.0, 0.0 ], [ 0.0, -2.0e-2, 0.0, -2.0e-2, -2.0e-2, -2.0e-2, -2.0e-2, -2.0e-2, -2.0e-2, -2.000043137254902e-2, -2.0e-2, -2.000029411764706e-2, -2.0e-2, -2.0e-2, 2.0000078431372494e-2, 1.9999843137254877e-2, 2.000007843137254e-2, 2.0000137254901976e-2, -2.0000294117647057e-2, 2.000027450980391e-2, 1.9999725490196067e-2, -2.0000156862745123e-2, 2.0000431372548966e-2, 2.0000411764705843e-2, -2.000043137254899e-2, 1.999962745098034e-2, 1.9999823529411775e-2, 0.0 ], [ -2.0e-2, -2.0e-2, 0.0, -2.0e-2, -2.0e-2, -2.0e-2, -2.0e-2, -2.0e-2, -2.0e-2, -2.0e-2, -2.000029411764706e-2, -2.0e-2, 0.0, 1.9999803921568672e-2, 2.0000019607843103e-2, 2.0000333333333325e-2, 2.0000411764705843e-2, 1.999980392156863e-2, -1.9999745098039215e-2, 2.000009803921573e-2, 2.000027450980391e-2, 2.0000352941176473e-2, 1.9999647058823573e-2, 1.999950980392153e-2, 2.000039215686272e-2, 2.0000470588235283e-2, 2.0000352941176493e-2, 0.0 ], [ -2.0e-2, 0.0, 0.0, -2.0e-2, -2.0e-2, -2.0e-2, -2.0e-2, 0.0, 0.0, -2.0e-2, -2.0e-2, 0.0, 2.0000274509803954e-2, 2.000041176470589e-2, 0.0, 0.0, 1.999978431372549e-2, 2.0000372549019617e-2, 2.0000392156862754e-2, 1.9999980392156853e-2, 2.000007843137254e-2, 1.999996078431373e-2, 2.0000411764705888e-2, 2.0000019607843103e-2, 2.0000215686274504e-2, 1.9999607843137302e-2, 1.9999941176470595e-2, 0.0 ], [ -2.0e-2, 0.0, -2.0e-2, 0.0, -2.0e-2, -2.0e-2, -2.0e-2, 0.0, 3.92156862745098e-3, -2.0e-2, -2.0e-2, 1.9999745098039236e-2, 2.0000352941176473e-2, 0.0, 0.0, 0.0, 0.0, 0.0, 0.0, 0.0, -2.0e-2, 0.0, 0.0, 0.0, 0.0, 1.999984313725491e-2, 1.9999588235294134e-2, -2.0e-2 ], [ -2.0e-2, 0.0, -2.000029411764706e-2, -1.999958823529412e-2, -2.0000019607843138e-2, 1.96078431372549e-2, -2.0e-2, 0.0, -2.0e-2, -2.0e-2, -1.999964705882355e-2, 1.9999921568627482e-2, 1.9999529411764652e-2, 0.0, 0.0, 1.1764705882352941e-2, 1.568627450980392e-2, 1.568627450980392e-2, 3.92156862745098e-3, 0.0, 0.0, 0.0, 2.0000098039215698e-2, 2.0000411764705888e-2, 1.999988235294119e-2, 1.9999784313725507e-2, 2.0000117647058852e-2, -1.9999764705882352e-2 ], [ 0.0, 0.0, 0.0, 0.0, 0.0, -2.0e-2, -2.0e-2, 0.0, -1.999966666666667e-2, -1.9999901960784338e-2, 2.0000313725490156e-2, 1.999996078431373e-2, 2.000017647058818e-2, 1.999988235294119e-2, 1.9999529411764704e-2, 0.0, 0.0, 0.0, 0.0, 0.0, 2.0000137254901972e-2, 1.999950980392153e-2, 1.9999666666666697e-2, 1.9999999999999976e-2, 2.000007843137254e-2, 1.999998039215681e-2, 2.0000411764705843e-2, 1.999998039215686e-2 ], [ 0.0, 0.0, 1.9999666666666666e-2, -1.999988235294118e-2, 1.999952941176473e-2, -2.0000137254901948e-2, -2.0000450980392135e-2, 2.0000156862745144e-2, 2.0000470588235324e-2, -2.0000313725490246e-2, 2.00003137254902e-2, 1.9999941176470606e-2, 2.00004509803922e-2, 2.000005882352937e-2, 2.0e-2, 2.000043137254901e-2, 0.0, 0.0, 0.0, 2.000045098039217e-2, 2.000033333333335e-2, 2.0000352941176473e-2, 1.999968627450982e-2, 2.0000196078431415e-2, 2.0000372549019596e-2, 2.0000411764705843e-2, 2.0000352941176473e-2, 1.9999627450980415e-2 ], [ 0.0, 1.9999745098039225e-2, 2.000027450980391e-2, -2.000027450980389e-2, 1.9999901960784293e-2, 2.000037254901964e-2, -1.9999784313725528e-2, 1.999988235294117e-2, 2.000019607843138e-2, 1.9999745098039215e-2, 2.000011764705883e-2, 2.0000352941176518e-2, 2.0000470588235324e-2, 2.000001960784317e-2, 1.9999549019607887e-2, 2.0000490196078406e-2, 1.9999588235294092e-2, 2.000007843137253e-2, 2.000041176470588e-2, 1.999950980392153e-2, 1.999976470588238e-2, 2.0000254901960786e-2, 2.0000372549019596e-2, 1.9999823529411754e-2, 1.9999843137254877e-2, 2.0000294117647033e-2, 1.999950980392153e-2, 1.9999647058823528e-2 ], [ 0.0, 1.9999529411764697e-2, 1.999956862745101e-2, 2.0000058823529416e-2, 1.9999568627450944e-2, -1.99996862745098e-2, -1.9999666666666686e-2, 2.0000274509803944e-2, 1.9999803921568606e-2, -2.0000196078431395e-2, 1.9999941176470606e-2, 1.9999588235294134e-2, 2.0000411764705843e-2, 1.999950980392153e-2, 2.0000078431372494e-2, 1.9999823529411754e-2, 1.999956862745101e-2, 2.0000431372548966e-2, 2.000027450980391e-2, 1.9999529411764652e-2, 1.9999705882352944e-2, 1.9999705882352944e-2, 1.9999705882352944e-2, 1.999956862745101e-2, 1.999998039215681e-2, 2.0000137254901976e-2, 2.0000196078431415e-2, 1.999986274509805e-2 ], [ 1.99996862745098e-2, 1.9999705882352944e-2, 2.0000176470588226e-2, 2.0000294117647033e-2, 1.9999843137254877e-2, 1.999968627450982e-2, 2.0000431372548966e-2, 2.0000000000000046e-2, 1.999956862745101e-2, 1.9999960784313688e-2, -1.9999784313725462e-2, 1.9999666666666697e-2, 2.0000372549019596e-2, -1.999960784313728e-2, 2.000027450980391e-2, 2.0000117647058852e-2, 2.000009803921573e-2, 1.9999529411764652e-2, 2.0000372549019596e-2, 2.0000411764705843e-2, 2.0000137254901976e-2, 1.9999705882352944e-2, -1.9999568627451034e-2, 1.9999549019607887e-2, 1.999968627450982e-2, 2.00004509803922e-2, 2.0000372549019596e-2, -1.9999588235294106e-2 ], [ 2.0000019607843134e-2, 1.9999980392156853e-2, 2.000001960784317e-2, 2.0000000000000046e-2, 2.0000137254901976e-2, 1.9999705882352944e-2, 2.0000137254901976e-2, 1.9999843137254877e-2, 2.000027450980391e-2, 2.0000117647058852e-2, 1.999968627450982e-2, 2.0000411764705843e-2, 1.9999843137254877e-2, 1.9999823529411754e-2, 2.0000313725490226e-2, 1.999998039215681e-2, 2.000025490196083e-2, 1.999996078431372e-2, 1.999978431372549e-2, 2.0000352941176518e-2, 2.0000254901960786e-2, 2.000027450980391e-2, -1.9999725490196088e-2, 2.000027450980391e-2, 1.9999705882352944e-2, 1.9999607843137257e-2, 1.999998039215681e-2, -1.999994117647059e-2 ], [ 0.0, 0.0, 2.0000333333333332e-2, 2.0000392156862754e-2, 2.0000098039215663e-2, 1.999998039215681e-2, 1.9999784313725507e-2, 1.999962745098034e-2, 2.0000019607843124e-2, 2.000017647058818e-2, 2.0000470588235283e-2, 1.999976470588238e-2, 2.0000019607843124e-2, 2.0000411764705888e-2, 1.9999803921568627e-2, 0.0, 0.0, 0.0, 0.0, 2.0000431372548966e-2, 2.000033333333335e-2, 2.0000039215686247e-2, -3.9215686274509665e-3, 2.0e-2, 2.0000294117647102e-2, 2.0000137254901976e-2, 2.0e-2, 1.9999823529411775e-2 ], [ 0.0, 0.0, 0.0, 0.0, 0.0, 0.0, 0.0, 2.0000372549019606e-2, 2.000043137254902e-2, 1.999986274509805e-2, -1.999966666666667e-2, 2.0000372549019606e-2, 0.0, 0.0, 0.0, 0.0, 0.0, 0.0, 0.0, 1.999964705882354e-2, 2.0000019607843145e-2, 2.0000176470588247e-2, -1.999980392156863e-2, 1.9999686274509813e-2, 1.9999882352941173e-2, 1.9999901960784324e-2, -1.999954901960783e-2, 0.0 ], [ 0.0, 0.0, 0.0, 0.0, 0.0, 0.0, 0.0, 0.0, 0.0, 0.0, -2.0e-2, 0.0, 0.0, 0.0, 0.0, 0.0, 0.0, 0.0, 0.0, 0.0, -2.0e-2, 0.0, -2.0e-2, 0.0, 0.0, 0.0, 0.0, 0.0 ], [ 0.0, 0.0, 0.0, 0.0, 0.0, 0.0, 0.0, 0.0, -2.0e-2, 0.0, -2.0e-2, -2.0e-2, -2.0e-2, -2.0e-2, 0.0, 0.0, 0.0, 0.0, 0.0, -2.0e-2, -2.0e-2, 0.0, -2.0e-2, 0.0, 0.0, 0.0, 0.0, 0.0 ], [ 0.0, -6.545e-3, 0.0, 0.0, 0.0, 0.0, 0.0, 0.0, 0.0, 0.0, 0.0, 0.0, 0.0, 0.0, 0.0, 0.0, 0.0, 0.0, 0.0, -2.0e-2, 0.0, 0.0, 0.0, 0.0, 0.0, 0.0, -2.0e-2, 0.0 ], [ -2.0e-2, -2.0e-2, 0.0, 0.0, 0.0, 0.0, 0.0, 0.0, -2.0e-2, 0.0, 0.0, 0.0, 0.0, 0.0, 0.0, 0.0, 0.0, 0.0, 0.0, 0.0, 0.0, 0.0, 0.0, 0.0, 0.0, 0.0, -2.0e-2, -2.0e-2 ], [ -2.0e-2, 0.0, 0.0, 0.0, 0.0, 0.0, 0.0, 0.0, -2.0e-2, 0.0, 0.0, 0.0, 0.0, 0.0, -2.0e-2, 0.0, 0.0, 0.0, 0.0, -2.0e-2, 0.0, 0.0, 0.0, 0.0, 0.0, 0.0, -2.0e-2, -2.0e-2 ], [ -2.0e-2, -2.0e-2, 0.0, 0.0, 0.0, 0.0, 0.0, 0.0, -2.0e-2, 0.0, 0.0, 0.0, 0.0, 0.0, 0.0, 0.0, 0.0, 0.0, 0.0, -2.0e-2, 0.0, -2.0e-2, -2.0e-2, -2.0e-2, 0.0, 0.0, 0.0, 0.0 ], [ 0.0, -2.0e-2, -2.0e-2, -2.0e-2, -2.0e-2, -2.0e-2, 0.0, 0.0, 0.0, 0.0, 0.0, 0.0, 0.0, 0.0, 0.0, 0.0, 0.0, 0.0, 0.0, -2.0e-2, 0.0, -2.0e-2, -2.0e-2, -2.0e-2, -2.0e-2, 0.0, 0.0, -2.0e-2 ] ]
  robust!24 [......................................................] 0/9 queries
  robust!24 [======>...............................................] 1/9 queries
  robust!24 [============>.........................................] 2/9 queries
  robust!24 [==================>...................................] 3/9 queries
  robust!24 [========================>.............................] 4/9 queries
  robust!24 [==============================>.......................] 5/9 queries
  robust!24 [====================================>.................] 6/9 queries
  robust!24 [==========================================>...........] 7/9 queries
  robust!24 [================================================>.....] 8/9 queries
  robust!24 [======================================================] 9/9 queries
  robust!25 [......................................................] 0/9 queries
  robust!25 [======>...............................................] 1/9 queries
  robust!25 [============>.........................................] 2/9 queries
  robust!25 [==================>...................................] 3/9 queries
    result: 🗸 - Marabou proved no counterexample exists

    result: ✗ - Marabou found a counterexample
      perturbation: [ [ 0.0, -2.0e-2, -2.0e-2, -2.0e-2, 0.0, 0.0, 0.0, 0.0, 0.0, 0.0, 2.0000490196078427e-2, 1.9999803921568627e-2, 0.0, 0.0, 0.0, 0.0, 0.0, 0.0, 1.999954901960784e-2, 0.0, 0.0, 0.0, 0.0, 3.92156862745098e-3, 0.0, -2.0e-2, 0.0, 0.0 ], [ 0.0, -2.0e-2, -2.0e-2, -2.0e-2, 0.0, 0.0, 0.0, 3.92156862745098e-3, 2.000045098039217e-2, -2.000041176470587e-2, 1.999996078431372e-2, 2.0e-2, 1.9999784313725438e-2, 1.999964705882355e-2, 1.999964705882355e-2, 1.9999784313725483e-2, 1.9999784313725438e-2, 2.0000450980392156e-2, -2.000035294117645e-2, -2.0000156862745103e-2, 1.999962745098039e-2, 0.0, 0.0, 0.0, 0.0, 0.0, 0.0, 0.0 ], [ 0.0, -2.0e-2, 0.0, 0.0, 0.0, 0.0, 1.9999529411764704e-2, 1.9999666666666662e-2, 1.999998039215686e-2, 1.9999843137254898e-2, 1.96078431372549e-2, 2.000045098039218e-2, 1.999998039215681e-2, 1.999950980392153e-2, 1.999962745098038e-2, 1.9999823529411754e-2, 1.999968627450982e-2, 1.999996078431372e-2, 1.96078431372549e-2, 1.9999843137254898e-2, 1.999950980392155e-2, -2.000027450980391e-2, 0.0, 0.0, 0.0, 0.0, 0.0, 0.0 ], [ -2.0e-2, -2.0e-2, 0.0, 0.0, 0.0, 0.0, 1.9999686274509813e-2, 2.000045098039217e-2, 1.9999901960784324e-2, 2.000045098039217e-2, 1.9999705882352937e-2, 1.9999666666666666e-2, 3.92156862745098e-3, 1.999958823529413e-2, 1.9999666666666673e-2, 1.9999843137254898e-2, 1.999954901960784e-2, 1.9999686274509803e-2, 1.999986274509805e-2, 1.9999745098039215e-2, 2.0000470588235293e-2, 1.9999666666666662e-2, 1.9999823529411764e-2, 0.0, 0.0, 0.0, 0.0, 0.0 ], [ 0.0, 0.0, 0.0, 3.92156862745098e-3, 0.0, 1.9999529411764704e-2, 1.9999784313725472e-2, 1.999958823529413e-2, 2.000045098039217e-2, 1.999958823529413e-2, 1.999986274509805e-2, 1.999998039215686e-2, 1.9999705882352937e-2, 2.000049019607843e-2, 2.000045098039217e-2, 1.999956862745098e-2, 1.9999843137254898e-2, 1.9999686274509813e-2, 1.999986274509805e-2, 1.999958823529413e-2, 1.9999745098039215e-2, 1.9999705882352937e-2, 1.999962745098039e-2, 0.0, 0.0, 0.0, 0.0, 0.0 ], [ 0.0, 0.0, 0.0, 0.0, 0.0, 1.9999745098039215e-2, 1.999980392156865e-2, 2.000045098039217e-2, 1.999986274509805e-2, 2.000000000000001e-2, 1.999986274509805e-2, 1.999956862745098e-2, 1.9999705882352937e-2, 2.0000470588235293e-2, 1.9999901960784324e-2, 1.9999686274509813e-2, 2.000000000000001e-2, 1.999986274509805e-2, 1.999958823529413e-2, 2.000045098039217e-2, 1.9999882352941173e-2, 1.999986274509805e-2, 1.9999705882352937e-2, 0.0, 0.0, 0.0, 0.0, 0.0 ], [ 0.0, 0.0, 0.0, 0.0, 0.0, 1.9999686274509813e-2, 1.9999941176470585e-2, 1.9999725490196088e-2, 1.999986274509805e-2, 1.999986274509805e-2, 1.9999725490196088e-2, 1.999956862745098e-2, 1.9999745098039215e-2, 1.9999686274509813e-2, 1.9999745098039225e-2, 2.0000470588235293e-2, 1.9999843137254898e-2, 1.9999725490196088e-2, 1.9999725490196088e-2, 1.999958823529413e-2, 1.999958823529413e-2, 1.9999705882352937e-2, 1.9999686274509813e-2, 3.92156862745098e-3, 0.0, 0.0, 0.0, 0.0 ], [ 0.0, 0.0, 0.0, 0.0, 1.9999980392156863e-2, 1.9999941176470585e-2, 1.9999901960784338e-2, 1.9999549019607855e-2, 1.9999705882352937e-2, 1.999986274509805e-2, 1.9999882352941173e-2, 1.9999745098039215e-2, 1.999958823529413e-2, 1.9999745098039215e-2, 1.999998039215686e-2, 1.9999549019607855e-2, 1.9999607843137254e-2, 1.9999607843137254e-2, 2.000045098039217e-2, 1.9999745098039215e-2, 1.999958823529413e-2, 1.999952941176473e-2, 1.999998039215686e-2, 1.9999647058823528e-2, 0.0, 0.0, 0.0, 0.0 ], [ 0.0, 0.0, 0.0, 0.0, 1.9999803921568627e-2, 2.0000470588235304e-2, 1.999984313725491e-2, 1.999996078431371e-2, 2.000000000000001e-2, 1.9999705882352937e-2, 2.000000000000001e-2, 2.000045098039217e-2, 1.999956862745098e-2, 2.000049019607843e-2, 2.000000000000001e-2, 1.999998039215686e-2, 1.9999725490196088e-2, 1.999986274509805e-2, 1.999986274509805e-2, 1.9999882352941173e-2, 1.9999705882352937e-2, 1.9999666666666662e-2, 1.999998039215686e-2, 1.9999764705882366e-2, 0.0, 0.0, 0.0, 0.0 ], [ 0.0, 0.0, 0.0, 0.0, 1.9999764705882366e-2, 1.999988235294116e-2, 1.999996078431372e-2, 1.9999705882352937e-2, 1.9999686274509813e-2, 2.000000000000001e-2, 1.9999686274509813e-2, 1.999986274509805e-2, 1.9999725490196088e-2, 2.000000000000001e-2, 1.9999549019607855e-2, 2.000045098039217e-2, 2.000000000000001e-2, 1.9999705882352937e-2, 1.999958823529413e-2, 1.9999843137254898e-2, 1.9999745098039225e-2, 1.9999784313725472e-2, 1.9999686274509813e-2, 1.9999882352941173e-2, 0.0, 0.0, 0.0, 0.0 ], [ 0.0, 0.0, 0.0, 0.0, 2.000000000000001e-2, 1.9999627450980415e-2, 2.000047058823526e-2, 1.9999941176470585e-2, 1.9999686274509813e-2, 1.9999705882352937e-2, 1.9999823529411775e-2, 1.999986274509805e-2, 1.9999901960784324e-2, 1.999984313725491e-2, 1.9999941176470595e-2, 1.9999901960784324e-2, 1.9999705882352937e-2, 1.9999823529411775e-2, 1.9999764705882366e-2, 1.999952941176473e-2, 1.9999921568627416e-2, 1.9999901960784338e-2, 1.9999686274509813e-2, 2.000000000000001e-2, 0.0, 0.0, 0.0, 0.0 ], [ 0.0, 0.0, 0.0, 0.0, 1.9999686274509813e-2, 1.999952941176473e-2, 1.9999529411764697e-2, 1.999996078431371e-2, 1.999958823529413e-2, 1.999998039215686e-2, 1.999952941176473e-2, 1.9999725490196088e-2, 1.999958823529413e-2, 1.9999823529411775e-2, 1.9999627450980415e-2, 1.9999745098039215e-2, 1.9999686274509813e-2, 1.999996078431371e-2, 1.999962745098039e-2, 1.999980392156865e-2, 1.9999725490196112e-2, 2.000000000000002e-2, 1.9999705882352937e-2, 1.9999686274509813e-2, 0.0, 0.0, 0.0, 0.0 ], [ 0.0, 0.0, 0.0, 1.9999980392156863e-2, 1.999952941176473e-2, 1.9999607843137254e-2, 1.999962745098038e-2, 1.9999607843137236e-2, 2.000049019607843e-2, 1.999996078431371e-2, 1.999980392156865e-2, 1.999958823529413e-2, 1.999986274509805e-2, 1.9999705882352937e-2, 1.9999784313725483e-2, 1.9999764705882366e-2, 1.9999686274509813e-2, 1.999952941176473e-2, 1.9999745098039215e-2, 1.9999607843137254e-2, 1.999970588235299e-2, 1.9999784313725483e-2, 1.999962745098039e-2, 1.999996078431371e-2, 0.0, 0.0, 0.0, 0.0 ], [ 0.0, 0.0, 0.0, 1.9999529411764704e-2, 1.999980392156865e-2, 1.9999647058823528e-2, 1.9999607843137257e-2, 2.000047058823526e-2, 1.9999960784313726e-2, 1.999980392156865e-2, 1.9999627450980415e-2, 1.9999882352941173e-2, 1.999986274509805e-2, 1.9999607843137236e-2, 1.9999568627450944e-2, 1.9999647058823528e-2, 1.999980392156865e-2, 1.999952941176473e-2, 1.9999745098039215e-2, 1.9999803921568627e-2, 1.999954901960782e-2, 2.0000450980392135e-2, 1.9999509803921567e-2, 1.999964705882354e-2, 3.92156862745098e-3, 0.0, 0.0, 0.0 ], [ 0.0, 0.0, 0.0, 1.9999803921568627e-2, 1.999950980392155e-2, 1.9999607843137254e-2, 1.9999784313725438e-2, 1.999954901960782e-2, 1.1764705882352941e-2, 1.9999666666666662e-2, 1.9999588235294113e-2, 1.9999745098039215e-2, 2.000000000000001e-2, 1.9999666666666662e-2, 1.999974509803919e-2, 1.9999647058823528e-2, 1.9999627450980415e-2, 1.999980392156865e-2, 1.999958823529413e-2, 1.9999980392156863e-2, 1.999996078431373e-2, 1.999954901960782e-2, 1.9999960784313726e-2, 1.999992156862746e-2, 1.9999686274509803e-2, 0.0, 0.0, 0.0 ], [ 0.0, 0.0, 0.0, 1.999962745098039e-2, 1.9999549019607855e-2, 1.999950980392155e-2, 1.9999725490196112e-2, 1.9999843137254877e-2, 1.96078431372549e-2, 1.999952941176473e-2, 1.9999862745098032e-2, 1.9999607843137254e-2, 1.999998039215686e-2, 2.000000000000001e-2, 1.9999529411764697e-2, 1.999978431372549e-2, 2.000045098039218e-2, 1.999996078431371e-2, 1.9999725490196088e-2, 1.96078431372549e-2, 1.9999725490196112e-2, 1.999966666666663e-2, 1.9999686274509803e-2, 1.999988235294116e-2, 1.9999823529411764e-2, 0.0, 0.0, 0.0 ], [ 0.0, 0.0, 0.0, 1.9999607843137254e-2, 1.9999607843137254e-2, 1.9999666666666673e-2, 1.9999980392156853e-2, 1.999964705882355e-2, 1.999954901960784e-2, 1.9999705882352937e-2, 1.9999862745098032e-2, 1.999986274509805e-2, 1.999998039215686e-2, 1.9999882352941173e-2, 1.999976470588235e-2, 1.9999901960784324e-2, 1.999984313725491e-2, 2.000000000000001e-2, 1.999956862745098e-2, 1.9999529411764704e-2, 1.9999980392156842e-2, 2.0000490196078448e-2, 1.9999980392156863e-2, 1.9999980392156842e-2, 1.9999980392156863e-2, 0.0, 0.0, 0.0 ], [ 0.0, 0.0, 0.0, 1.999978431372549e-2, 1.9999745098039215e-2, 1.9999862745098032e-2, 1.999962745098038e-2, 1.9999627450980415e-2, 1.9999647058823528e-2, 1.9999705882352937e-2, 1.999976470588236e-2, 1.9999705882352937e-2, 1.9999607843137254e-2, 1.9999549019607866e-2, 1.999976470588235e-2, 1.9999745098039215e-2, 1.999964705882355e-2, 1.999956862745098e-2, 2.000000000000001e-2, 1.9999647058823528e-2, 2.000000000000001e-2, 1.9999588235294134e-2, 1.9999725490196088e-2, 1.999984313725491e-2, 1.9999960784313726e-2, 0.0, 0.0, 0.0 ], [ 0.0, 0.0, 0.0, 1.999978431372549e-2, 1.9999686274509813e-2, 1.9999882352941173e-2, 1.9999784313725507e-2, 1.9999823529411785e-2, 1.9999607843137254e-2, 1.999956862745098e-2, 1.9999647058823507e-2, 1.9999941176470585e-2, 1.9999882352941173e-2, 1.999952941176473e-2, 1.999992156862746e-2, 1.999956862745098e-2, 1.9999588235294068e-2, 1.999976470588235e-2, 1.9999686274509813e-2, 1.999952941176473e-2, 2.000000000000001e-2, 2.0000470588235304e-2, 1.9999862745098032e-2, 1.9999745098039225e-2, 1.999994117647059e-2, 0.0, 0.0, 0.0 ], [ 0.0, 0.0, 0.0, 1.9999647058823528e-2, 1.999998039215686e-2, 1.9999529411764704e-2, 1.9999745098039257e-2, 1.9999588235294113e-2, 1.9999529411764704e-2, 1.999958823529413e-2, 1.9999509803921563e-2, 1.999950980392155e-2, 1.999986274509805e-2, 2.000000000000001e-2, 1.999980392156865e-2, 1.9999686274509813e-2, 1.999964705882355e-2, 1.9999901960784324e-2, 1.9999705882352937e-2, 1.9999745098039215e-2, 1.999956862745098e-2, 1.9999941176470585e-2, 2.000047058823526e-2, 1.9999784313725472e-2, 1.9999764705882366e-2, 0.0, 0.0, 0.0 ], [ 0.0, 0.0, 0.0, 1.9999764705882366e-2, 1.9999725490196088e-2, 1.9999960784313726e-2, 1.9999862745098e-2, 1.9999666666666662e-2, 1.999992156862745e-2, 1.999998039215686e-2, 1.9999862745098046e-2, 2.0000490196078427e-2, 2.000000000000001e-2, 1.999988235294116e-2, 1.9999549019607855e-2, 2.0000490196078427e-2, 1.9999588235294068e-2, 1.9999901960784324e-2, 1.9999666666666662e-2, 2.000045098039217e-2, 1.9999764705882366e-2, 1.999976470588235e-2, 1.9999803921568672e-2, 2.000000000000001e-2, 1.9999882352941173e-2, 0.0, 0.0, 0.0 ], [ 0.0, 0.0, 0.0, 1.9999882352941173e-2, 1.9999705882352937e-2, 1.9999960784313726e-2, 1.9999843137254877e-2, 1.9999843137254898e-2, 1.9999686274509813e-2, 1.9999549019607855e-2, 1.9999627450980426e-2, 1.9999980392156842e-2, 1.999956862745098e-2, 1.9999509803921563e-2, 1.9999882352941173e-2, 1.9999588235294113e-2, 1.999970588235299e-2, 1.9999764705882366e-2, 2.0000470588235304e-2, 1.999980392156865e-2, 1.9999666666666666e-2, 1.999996078431372e-2, 1.9999980392156853e-2, 1.9999764705882366e-2, 1.999958823529413e-2, 0.0, 0.0, 0.0 ], [ 0.0, 0.0, 0.0, 2.0000470588235293e-2, 2.000045098039217e-2, 1.9999823529411764e-2, 1.99998235294118e-2, 1.9999666666666666e-2, 1.999998039215686e-2, 1.999980392156865e-2, 1.999996078431372e-2, 1.9999705882352923e-2, 1.9999941176470585e-2, 1.9999607843137254e-2, 2.0000490196078427e-2, 2.000000000000002e-2, 1.9999686274509754e-2, 1.999994117647059e-2, 1.9999745098039225e-2, 1.999964705882354e-2, 1.1764705882352941e-2, 1.999976470588236e-2, 1.999966666666663e-2, 1.999962745098039e-2, 2.000000000000001e-2, 0.0, 0.0, 0.0 ], [ 0.0, 0.0, 0.0, 1.999952941176473e-2, 1.9999823529411775e-2, 1.9999823529411775e-2, 1.999956862745101e-2, 1.99996862745098e-2, 1.9999549019607866e-2, 1.9999725490196112e-2, 1.999964705882355e-2, 2.0000490196078427e-2, 1.999996078431371e-2, 1.999956862745099e-2, 1.999956862745099e-2, 1.9999549019607866e-2, 1.999970588235299e-2, 1.9999784313725472e-2, 1.999964705882355e-2, 1.9999705882352923e-2, 1.9999901960784338e-2, 1.9999745098039225e-2, 1.9999843137254922e-2, 1.999986274509805e-2, 1.9999843137254898e-2, 0.0, -2.0e-2, -2.0e-2 ], [ 0.0, -2.0e-2, 0.0, 1.999980392156865e-2, 1.9999941176470585e-2, 1.999984313725491e-2, 1.9999980392156863e-2, 1.9999627450980415e-2, 1.9999941176470585e-2, 1.9999666666666662e-2, 1.999998039215686e-2, 1.999976470588236e-2, 1.9999803921568672e-2, 1.9999509803921563e-2, 2.0000000000000046e-2, 1.9999627450980426e-2, 1.9999941176470585e-2, 1.999980392156865e-2, 1.9999901960784338e-2, 1.999976470588235e-2, 1.9999725490196088e-2, 1.9999960784313726e-2, 2.0000450980392135e-2, 1.9999843137254898e-2, 1.999996078431371e-2, 0.0, -2.0e-2, -2.0e-2 ], [ 0.0, 0.0, 0.0, 1.999996078431371e-2, 1.9999901960784324e-2, 1.99996862745098e-2, 1.96078431372549e-2, 0.0, 0.0, 0.0, 0.0, 1.999978431372549e-2, 1.9999941176470585e-2, 0.0, 1.9999647058823528e-2, 1.9999803921568627e-2, 0.0, 0.0, 0.0, 0.0, 0.0, 0.0, 1.999996078431373e-2, 1.9999549019607855e-2, 1.999980392156865e-2, 0.0, -2.0e-2, -2.0e-2 ], [ -2.0e-2, -2.0e-2, 0.0, 1.999994117647059e-2, 1.9999509803921567e-2, 2.000000000000001e-2, 1.999954901960784e-2, 0.0, 0.0, 0.0, 0.0, 1.9999529411764704e-2, 1.999978431372549e-2, 1.1764705882352941e-2, 0.0, 2.000049019607843e-2, 0.0, 0.0, 0.0, 3.92156862745098e-3, 0.0, 3.92156862745098e-3, 1.9999705882352937e-2, 1.999992156862745e-2, 1.9999529411764704e-2, 0.0, 0.0, -2.0e-2 ], [ 0.0, -2.0e-2, -2.0e-2, -2.0e-2, -2.0e-2, 0.0, 0.0, 0.0, 0.0, 0.0, 0.0, 1.1764705882352941e-2, 0.0, 0.0, 1.9999764705882366e-2, 1.9999882352941173e-2, 0.0, 0.0, 0.0, 3.92156862745098e-3, 0.0, 0.0, -2.0e-2, -2.0e-2, -2.0e-2, -2.0e-2, 0.0, -2.0e-2 ] ]
  robust!26 [......................................................] 0/9 queries
  robust!26 [======>...............................................] 1/9 queries
  robust!26 [============>.........................................] 2/9 queries
  robust!26 [==================>...................................] 3/9 queries
    result: ✗ - Marabou found a counterexample
      perturbation: [ [ 0.0, 0.0, 0.0, 0.0, 0.0, 0.0, 0.0, 0.0, 0.0, 3.92156862745098e-3, 0.0, -2.0e-2, 2.0000274509803944e-2, 2.0000039215686227e-2, 1.999996078431372e-2, 1.9999980392156853e-2, 2.0000039215686268e-2, -2.0e-2, 0.0, 7.84313725490196e-3, 3.92156862745098e-3, 0.0, 0.0, 0.0, 0.0, 0.0, 0.0, 0.0 ], [ 0.0, 0.0, 0.0, 0.0, 0.0, 0.0, 0.0, 0.0, 0.0, 0.0, 0.0, 1.999996078431371e-2, 2.0e-2, 2.0000196078431415e-2, 2.000021568627454e-2, 2.0000352941176473e-2, 2.0e-2, 1.9999607843137254e-2, 0.0, 0.0, 0.0, 0.0, 0.0, 0.0, 0.0, 0.0, 0.0, 0.0 ], [ 0.0, 0.0, 0.0, 0.0, 3.92156862745098e-3, 0.0, 0.0, 0.0, 0.0, 2.0000235294117628e-2, 1.9999882352941124e-2, 2.000017647058818e-2, 2.000001960784317e-2, 1.9999921568627437e-2, 1.9999607843137215e-2, 1.9999647058823573e-2, 1.999974509803919e-2, 2.000033333333335e-2, 2.0000117647058786e-2, 1.999998039215686e-2, 0.0, 0.0, 0.0, 0.0, 0.0, 0.0, 0.0, 0.0 ], [ 0.0, 0.0, 0.0, 0.0, 0.0, 7.84313725490196e-3, 0.0, 2.0000294117647067e-2, 1.999974509803919e-2, 1.999968627450982e-2, 2.0000137254901976e-2, 1.9999607843137257e-2, 2.000009803921573e-2, 2.0000450980392156e-2, 2.000009803921573e-2, 1.9999901960784314e-2, 2.000039215686272e-2, 1.9999882352941124e-2, 2.0000411764705843e-2, 1.999998039215681e-2, 2.0000333333333283e-2, 2.0000039215686268e-2, 0.0, 0.0, 0.0, 0.0, 0.0, 0.0 ], [ 0.0, 0.0, 0.0, 0.0, 3.92156862745098e-3, 0.0, 2.0000333333333332e-2, 1.9999843137254877e-2, 2.00004509803922e-2, 2.000019607843135e-2, 2.0000490196078448e-2, 2.0000431372548966e-2, 1.9999843137254877e-2, 2.000001960784317e-2, 2.0000156862745103e-2, 2.0000117647058852e-2, 1.9999823529411754e-2, 1.9999725490196067e-2, 2.0000058823529416e-2, 2.000019607843135e-2, 2.00004509803922e-2, 2.0000411764705843e-2, 2.000045098039217e-2, 0.0, 3.92156862745098e-3, 0.0, 0.0, 0.0 ], [ 0.0, 0.0, 0.0, 0.0, 0.0, 0.0, 2.00003137254902e-2, 2.0000137254901976e-2, 2.0000333333333283e-2, 2.0000313725490156e-2, 2.0000039215686292e-2, 1.9999764705882314e-2, 2.0000490196078448e-2, 2.0000470588235324e-2, 2.0000333333333283e-2, 1.9999921568627482e-2, 1.999962745098038e-2, 2.0000470588235324e-2, 1.999974509803919e-2, 1.999974509803919e-2, 1.999962745098038e-2, 2.000001960784317e-2, 2.0000392156862765e-2, 0.0, 0.0, 0.0, 0.0, 0.0 ], [ 0.0, 0.0, 0.0, 0.0, 0.0, 0.0, 1.9999529411764652e-2, 1.9999862745098e-2, 2.0000313725490156e-2, 2.0000039215686292e-2, 2.0000039215686292e-2, 2.0000313725490156e-2, 1.9999607843137257e-2, 2.0000156862745103e-2, 2.0000000000000046e-2, 2.0000176470588226e-2, 1.9999882352941124e-2, 1.9999882352941124e-2, 1.999974509803919e-2, 2.0000313725490156e-2, 2.0000470588235324e-2, 2.000001960784317e-2, 1.9999588235294134e-2, 0.0, 0.0, 0.0, 0.0, 0.0 ], [ 0.0, 0.0, 0.0, 0.0, -2.0e-2, 0.0, 1.999994117647056e-2, 2.0000431372548966e-2, 1.9999588235294134e-2, 2.00004509803922e-2, 2.0000313725490156e-2, 2.0000313725490156e-2, 2.0000470588235324e-2, 1.999974509803919e-2, 1.999962745098038e-2, 1.9999764705882314e-2, 2.0000039215686292e-2, 2.000001960784317e-2, 1.9999588235294134e-2, 2.000001960784317e-2, 2.000001960784317e-2, 2.00004509803922e-2, 2.00004509803922e-2, 1.9999823529411764e-2, 0.0, 0.0, 0.0, 0.0 ], [ 0.0, 0.0, 0.0, 0.0, -2.0e-2, 0.0, 2.0000313725490156e-2, 2.0000411764705843e-2, 2.0000000000000046e-2, 2.0000176470588226e-2, 2.0000058823529416e-2, 2.0000215686274473e-2, 1.9999784313725438e-2, 2.000019607843135e-2, 2.0000058823529416e-2, 2.0000352941176518e-2, 2.0000215686274473e-2, 2.0000215686274473e-2, 1.999962745098038e-2, 1.9999607843137257e-2, 2.0000294117647033e-2, 2.0000294117647033e-2, 1.999956862745101e-2, 2.000019607843137e-2, 0.0, 0.0, 0.0, 0.0 ], [ 0.0, 0.0, 0.0, 0.0, 0.0, 1.999962745098039e-2, 1.9999549019607887e-2, 1.999998039215681e-2, 1.9999862745098e-2, 1.9999588235294134e-2, 1.999962745098038e-2, 2.0000215686274473e-2, 2.0000058823529416e-2, 1.9999882352941124e-2, 2.0000039215686292e-2, 1.9999647058823507e-2, 1.9999921568627482e-2, 1.9999921568627482e-2, 1.9999784313725438e-2, 2.0000254901960786e-2, 2.0000196078431415e-2, 1.999956862745101e-2, 2.0000117647058852e-2, 1.9999549019607855e-2, 0.0, 0.0, 0.0, 0.0 ], [ 0.0, 0.0, 0.0, 0.0, 0.0, 2.0000254901960782e-2, 1.9999960784313688e-2, 1.9999529411764652e-2, 2.0000196078431415e-2, 1.9999862745098e-2, 2.0000000000000046e-2, 2.0000176470588226e-2, 1.9999764705882314e-2, 1.9999882352941124e-2, 2.0000215686274473e-2, 1.999990196078436e-2, 2.000019607843135e-2, 2.0000313725490156e-2, 2.000001960784317e-2, 1.9999529411764652e-2, 2.0e-2, 2.0000411764705843e-2, 2.000039215686272e-2, 2.0000372549019627e-2, 0.0, 0.0, 0.0, 0.0 ], [ 0.0, 0.0, 0.0, 0.0, 0.0, 1.9999549019607866e-2, 1.9999529411764652e-2, 1.999980392156863e-2, 1.9999921568627437e-2, 2.0000156862745103e-2, 1.9999843137254877e-2, 1.9999764705882314e-2, 2.0000058823529416e-2, 1.9999588235294134e-2, 2.0000470588235324e-2, 2.0000294117647033e-2, 2.0000470588235324e-2, 2.0000176470588226e-2, 2.0000137254901976e-2, 2.0000254901960786e-2, 1.999968627450982e-2, 2.000027450980391e-2, 1.9999960784313688e-2, 2.000037254901964e-2, 0.0, 0.0, 0.0, 0.0 ], [ 0.0, 0.0, 0.0, 0.0, 0.0, 2.0000156862745144e-2, 2.0000254901960786e-2, 1.9999784313725507e-2, 1.999962745098038e-2, 1.9999607843137257e-2, 2.0000411764705843e-2, 1.999962745098038e-2, 1.9999764705882314e-2, 2.0000294117647033e-2, 1.9999588235294134e-2, 1.9999784313725438e-2, 1.9999607843137257e-2, 2.0000333333333283e-2, 2.0000156862745103e-2, 2.000021568627454e-2, 1.9999627450980426e-2, 2.0000078431372494e-2, 2.000039215686272e-2, 1.999968627450982e-2, 0.0, 0.0, 0.0, 0.0 ], [ 0.0, 0.0, 0.0, 0.0, 0.0, 1.999962745098038e-2, 1.999998039215681e-2, 2.0000039215686247e-2, 2.000045098039218e-2, 2.0000058823529416e-2, 2.0000117647058852e-2, 2.0000058823529416e-2, 2.0000313725490156e-2, 2.0000137254901976e-2, 2.0000058823529416e-2, 1.999974509803919e-2, 1.9999607843137257e-2, 2.0000039215686292e-2, 2.0000470588235324e-2, 2.000033333333335e-2, 2.0000254901960782e-2, 2.0000470588235283e-2, 1.9999823529411754e-2, 1.999976470588238e-2, 2.0000235294117645e-2, 0.0, 0.0, 0.0 ], [ 0.0, 0.0, 0.0, 0.0, 0.0, 2.0000235294117662e-2, 2.0000411764705843e-2, 2.0e-2, 0.0, 2.000007843137254e-2, 2.000039215686272e-2, 1.9999921568627482e-2, 1.999974509803919e-2, 1.9999843137254877e-2, 1.9999921568627482e-2, 2.0000039215686292e-2, 1.9999882352941124e-2, 1.999990196078436e-2, 1.9999607843137257e-2, 1.999976470588238e-2, 0.0, 2.0000411764705843e-2, 1.999950980392153e-2, 2.0000411764705843e-2, 2.0000470588235304e-2, 0.0, 0.0, 0.0 ], [ 0.0, 0.0, 0.0, 0.0, 0.0, 2.0000156862745103e-2, 1.9999823529411754e-2, 2.0000039215686247e-2, 0.0, 2.000025490196083e-2, 1.999968627450982e-2, 1.9999764705882314e-2, 2.0000333333333283e-2, 2.0000294117647033e-2, 2.0000313725490156e-2, 1.9999764705882314e-2, 1.999990196078436e-2, 2.0000294117647033e-2, 1.9999882352941124e-2, 2.0000352941176473e-2, 0.0, 1.9999901960784293e-2, 2.000033333333335e-2, 2.0000137254901976e-2, 2.0000156862745144e-2, 0.0, 0.0, 0.0 ], [ 0.0, 0.0, 0.0, 0.0, 1.9999960784313726e-2, 1.9999843137254877e-2, 1.9999647058823573e-2, 1.9999823529411754e-2, 0.0, 1.9999764705882314e-2, 1.9999843137254877e-2, 2.0000039215686292e-2, 1.9999607843137257e-2, 2.000001960784317e-2, 2.0000000000000046e-2, 1.9999588235294134e-2, 2.0000490196078448e-2, 1.9999882352941124e-2, 2.000001960784317e-2, 1.9999607843137215e-2, 0.0, 1.9999784313725472e-2, 2.0e-2, 2.0000137254901976e-2, 1.9999803921568672e-2, 0.0, 0.0, 0.0 ], [ 0.0, 0.0, 0.0, 0.0, 1.9999803921568627e-2, 2.0000411764705843e-2, 2.0000490196078406e-2, 2.0000000000000046e-2, 0.0, 1.9999960784313688e-2, 1.9999862745098e-2, 1.9999764705882314e-2, 2.0000313725490156e-2, 1.999956862745101e-2, 1.9999647058823507e-2, 2.0000039215686292e-2, 2.0000176470588226e-2, 1.9999921568627482e-2, 2.0000352941176518e-2, 1.9999862745098067e-2, 0.0, 2.0000137254901972e-2, 2.0e-2, 2.0000000000000046e-2, 1.9999509803921574e-2, 0.0, 0.0, 0.0 ], [ 0.0, 0.0, 0.0, 0.0, 2.0000019607843134e-2, 2.0000411764705843e-2, 1.999994117647056e-2, 2.0000000000000046e-2, 0.0, 1.9999745098039257e-2, 2.0000039215686292e-2, 2.0000313725490156e-2, 1.999990196078436e-2, 1.999956862745101e-2, 2.0000470588235324e-2, 2.0000470588235324e-2, 1.999990196078436e-2, 2.0000313725490156e-2, 2.000007843137254e-2, 1.999976470588238e-2, 2.0000058823529395e-2, 2.0000137254901972e-2, 2.0e-2, 2.0000411764705843e-2, 2.0000352941176518e-2, 0.0, 0.0, 0.0 ], [ 0.0, 0.0, 0.0, 0.0, 1.999952941176473e-2, 2.0000117647058852e-2, 2.000009803921573e-2, 1.9999607843137257e-2, 2.0000137254901972e-2, 1.999976470588238e-2, 2.0000352941176518e-2, 2.0000333333333283e-2, 2.0000470588235324e-2, 2.000027450980391e-2, 2.0000431372548966e-2, 1.999974509803919e-2, 1.999990196078436e-2, 1.9999764705882314e-2, 1.9999921568627482e-2, 1.9999843137254877e-2, 1.999996078431373e-2, 1.9999705882352937e-2, 2.0e-2, 1.9999960784313688e-2, 2.0000294117647078e-2, 0.0, 0.0, 0.0 ], [ 0.0, 0.0, 0.0, 0.0, 1.999952941176473e-2, 1.9999745098039257e-2, 2.0000254901960786e-2, 1.9999607843137257e-2, 1.999988235294117e-2, 2.0000254901960786e-2, 1.999962745098038e-2, 2.0000333333333283e-2, 1.9999588235294134e-2, 2.0000000000000046e-2, 1.999974509803919e-2, 2.00004509803922e-2, 2.0000313725490156e-2, 1.9999764705882314e-2, 1.999962745098038e-2, 1.9999607843137257e-2, 1.9999588235294134e-2, 1.999996078431372e-2, 2.0e-2, 2.000005882352937e-2, 2.000023529411764e-2, 0.0, 0.0, 0.0 ], [ 0.0, 0.0, 0.0, 0.0, 1.9999666666666662e-2, 2.0000313725490226e-2, 1.9999960784313688e-2, 1.999974509803919e-2, 1.9999647058823507e-2, 2.0000294117647033e-2, 2.0000470588235324e-2, 2.0000470588235324e-2, 2.00004509803922e-2, 2.0000431372548966e-2, 2.000019607843135e-2, 1.999974509803919e-2, 2.0000470588235324e-2, 1.999990196078436e-2, 2.000019607843135e-2, 1.9999607843137257e-2, 2.0000000000000046e-2, 1.9999901960784293e-2, 1.999988235294119e-2, 1.9999784313725507e-2, 1.9999862745098046e-2, 0.0, 0.0, 0.0 ], [ 0.0, 0.0, 0.0, 0.0, 1.9999627450980415e-2, 2.0000313725490226e-2, 1.999968627450982e-2, 2.0000431372548966e-2, 2.0000333333333283e-2, 1.9999882352941124e-2, 2.0000470588235324e-2, 2.0000039215686292e-2, 2.0000470588235324e-2, 1.9999862745098e-2, 2.0000176470588226e-2, 2.00004509803922e-2, 2.0000470588235324e-2, 1.9999764705882314e-2, 2.0000470588235324e-2, 1.9999607843137257e-2, 2.000001960784317e-2, 1.9999980392156853e-2, 1.9999784313725507e-2, 2.0000078431372494e-2, 2.000043137254901e-2, 0.0, 0.0, 0.0 ], [ 0.0, 0.0, 0.0, 0.0, 2.000000000000001e-2, 1.9999588235294092e-2, 2.0000254901960786e-2, 1.9999549019607887e-2, 2.0000333333333283e-2, 2.0000176470588226e-2, 1.999974509803919e-2, 1.999974509803919e-2, 1.9999607843137257e-2, 1.9999862745098e-2, 2.0000039215686292e-2, 2.00004509803922e-2, 2.0000470588235324e-2, 2.0000470588235324e-2, 2.0000039215686292e-2, 1.9999607843137257e-2, 1.9999764705882314e-2, 1.999974509803919e-2, 1.9999784313725507e-2, 2.000005882352937e-2, 1.9999509803921563e-2, 0.0, 0.0, 0.0 ], [ 0.0, 0.0, 0.0, 0.0, 0.0, 1.9999725490196067e-2, 2.000039215686272e-2, 2.000027450980391e-2, 1.9999843137254877e-2, 2.00004509803922e-2, 1.999990196078436e-2, 2.0000470588235324e-2, 1.999990196078436e-2, 2.0000176470588226e-2, 1.999974509803919e-2, 1.999974509803919e-2, 1.9999764705882314e-2, 2.000019607843135e-2, 2.000019607843135e-2, 2.0000470588235324e-2, 2.0000137254901976e-2, 1.9999705882352944e-2, 1.999950980392153e-2, 1.999980392156863e-2, 2.000015686274508e-2, 0.0, -2.0e-2, 0.0 ], [ 0.0, 0.0, 0.0, 0.0, 0.0, 2.000037254901964e-2, 1.9999960784313688e-2, 2.0000490196078448e-2, 1.9999588235294068e-2, 2.0000470588235283e-2, 2.0000000000000046e-2, 2.0000431372548966e-2, 1.999956862745101e-2, 1.9999705882352944e-2, 2.0000000000000046e-2, 1.999956862745101e-2, 2.0000000000000046e-2, 2.0000431372548966e-2, 2.0000294117647033e-2, 2.0000352941176473e-2, 1.9999607843137257e-2, 2.000023529411764e-2, 1.9999647058823573e-2, 1.9999529411764652e-2, 2.000031372549019e-2, 0.0, -2.0e-2, 0.0 ], [ -2.0e-2, 0.0, 0.0, 0.0, 0.0, 1.9999843137254877e-2, 1.999962745098034e-2, 1.9999607843137257e-2, 0.0, 0.0, 2.000031372549021e-2, 1.999980392156865e-2, 1.999992156862746e-2, 2.0000490196078427e-2, 1.9999901960784338e-2, 1.9999901960784338e-2, 1.999988235294116e-2, 2.0000078431372574e-2, 2.000019607843137e-2, 0.0, 0.0, 1.9999882352941173e-2, 2.000005882352937e-2, 1.9999666666666697e-2, 1.999956862745099e-2, 0.0, 0.0, 0.0 ], [ 0.0, 0.0, 0.0, 0.0, 0.0, 1.9999803921568627e-2, 1.999958823529413e-2, 2.0000392156862744e-2, 0.0, 0.0, 0.0, 0.0, 0.0, 0.0, 0.0, 0.0, 0.0, 0.0, 0.0, 0.0, 0.0, 0.0, 1.9999980392156863e-2, -1.4543921568627452e-2, -2.0e-2, 0.0, 0.0, 0.0 ] ]
  robust!27 [......................................................] 0/9 queries
  robust!27 [======>...............................................] 1/9 queries
  robust!27 [============>.........................................] 2/9 queries
    result: ✗ - Marabou found a counterexample
      perturbation: [ [ 0.0, 0.0, 0.0, 0.0, -2.0e-2, 0.0, 0.0, -2.0e-2, -2.0e-2, 2.0000078431372574e-2, 2.00003137254902e-2, 1.9999627450980415e-2, 2.0000117647058824e-2, 0.0, 2.0000254901960782e-2, 2.0000039215686286e-2, 2.0000294117647067e-2, 1.999966666666663e-2, 2.0000470588235304e-2, 0.0, -2.0e-2, 0.0, 0.0, 0.0, 0.0, 0.0, 0.0, 0.0 ], [ 0.0, 0.0, 0.0, 0.0, 0.0, 0.0, 0.0, 7.84313725490196e-3, 2.0e-2, 2.000017647058818e-2, 2.0000450980392156e-2, 1.999988235294119e-2, 2.0e-2, 2.0e-2, 2.0000450980392156e-2, 2.0e-2, 1.9999607843137215e-2, 1.999976470588238e-2, 2.0000470588235283e-2, 2.0e-2, 0.0, 0.0, 0.0, 0.0, 0.0, 0.0, 0.0, 0.0 ], [ 0.0, 0.0, 0.0, 0.0, 0.0, 0.0, 0.0, 0.0, 1.999994117647056e-2, 1.9999921568627437e-2, 2.0000352941176473e-2, 1.9999784313725507e-2, 2.0000490196078406e-2, 1.999968627450982e-2, 1.9999862745098032e-2, 1.9999862745098e-2, 2.000005882352937e-2, 1.9999666666666697e-2, 1.999950980392153e-2, 1.9999549019607887e-2, 0.0, 0.0, 0.0, 0.0, 0.0, 0.0, 0.0, 0.0 ], [ 0.0, 0.0, 0.0, 0.0, 0.0, 0.0, 0.0, 0.0, 2.0000254901960786e-2, 1.999976470588238e-2, 2.0000490196078406e-2, 2.000005882352937e-2, 2.0000196078431415e-2, 1.9999784313725507e-2, 2.0000137254901976e-2, 1.999994117647056e-2, 2.0000196078431415e-2, 1.999950980392153e-2, 2.000021568627454e-2, 2.0000431372548966e-2, 0.0, 0.0, 0.0, 0.0, 0.0, 0.0, 0.0, 0.0 ], [ 0.0, 0.0, 0.0, 0.0, 0.0, 0.0, 0.0, 0.0, 2.0e-2, 2.000033333333335e-2, 1.999962745098034e-2, 1.999962745098034e-2, 2.0000490196078406e-2, 1.999976470588238e-2, 1.9999607843137215e-2, 1.999962745098034e-2, 2.000021568627454e-2, 1.9999784313725507e-2, 2.0000078431372494e-2, 1.9999607843137215e-2, 0.0, 0.0, 0.0, 0.0, 0.0, 0.0, 0.0, 0.0 ], [ 0.0, 0.0, 0.0, 0.0, 0.0, 0.0, 0.0, 0.0, 2.0e-2, 1.9999901960784314e-2, 1.999962745098034e-2, 1.999962745098034e-2, 2.000005882352937e-2, 2.0000490196078406e-2, 2.0000352941176473e-2, 2.0000352941176473e-2, 2.0000490196078406e-2, 1.9999784313725507e-2, 2.0000372549019596e-2, 1.9999725490196022e-2, 0.0, 0.0, 0.0, 0.0, 0.0, 0.0, 0.0, 0.0 ], [ 0.0, 0.0, 0.0, 0.0, 0.0, 0.0, 0.0, 0.0, 2.0e-2, 2.0000196078431415e-2, 2.0000196078431415e-2, 2.000005882352937e-2, 2.000005882352937e-2, 1.999962745098034e-2, 2.0000196078431415e-2, 1.999962745098034e-2, 2.0000490196078406e-2, 1.9999784313725507e-2, 2.0000372549019596e-2, 2.0e-2, 0.0, 0.0, 0.0, 0.0, 0.0, 0.0, 0.0, 0.0 ], [ 0.0, 0.0, 0.0, 0.0, 0.0, 0.0, 0.0, 2.000049019607843e-2, 2.0e-2, 2.0000196078431415e-2, 1.999962745098034e-2, 1.9999921568627437e-2, 1.9999921568627437e-2, 2.0000490196078406e-2, 2.000005882352937e-2, 2.000005882352937e-2, 2.0000490196078406e-2, 2.000021568627454e-2, 2.0000372549019596e-2, 2.0e-2, 1.9999647058823528e-2, 0.0, 0.0, 0.0, 0.0, 0.0, 0.0, 0.0 ], [ 0.0, 0.0, 0.0, 0.0, 0.0, 0.0, 0.0, 1.9999843137254898e-2, 2.0000019607843124e-2, 2.0000196078431415e-2, 1.9999921568627437e-2, 2.0000352941176473e-2, 2.0000352941176473e-2, 1.9999784313725507e-2, 1.9999921568627437e-2, 1.999962745098034e-2, 2.0000352941176473e-2, 1.999950980392153e-2, 2.000009803921573e-2, 2.0e-2, 2.0000019607843134e-2, 0.0, 0.0, 0.0, 0.0, 0.0, 0.0, 0.0 ], [ 0.0, 0.0, 0.0, 0.0, 0.0, 0.0, 0.0, 2.0000058823529395e-2, 2.0000450980392156e-2, 2.000033333333335e-2, 2.0000196078431415e-2, 1.9999921568627437e-2, 2.0000352941176473e-2, 2.0000352941176473e-2, 1.9999921568627437e-2, 2.0000490196078406e-2, 1.9999921568627437e-2, 1.9999647058823573e-2, 2.000009803921573e-2, 2.0e-2, 2.0000098039215698e-2, 0.0, 0.0, 0.0, 0.0, 0.0, 0.0, 0.0 ], [ 0.0, 0.0, 0.0, 0.0, 0.0, 0.0, 0.0, 1.999980392156865e-2, 1.9999745098039257e-2, 2.0000196078431415e-2, 1.9999901960784314e-2, 2.0000490196078406e-2, 2.0000490196078406e-2, 1.9999921568627437e-2, 1.9999921568627437e-2, 2.0000352941176473e-2, 2.0000352941176473e-2, 1.9999784313725507e-2, 1.9999666666666697e-2, 2.0e-2, 1.999964705882354e-2, 0.0, 0.0, 0.0, 0.0, 0.0, 0.0, 0.0 ], [ 0.0, 0.0, 0.0, 0.0, 0.0, 0.0, 0.0, 1.9999647058823528e-2, 2.0e-2, 2.000005882352937e-2, 2.0000039215686247e-2, 1.999962745098034e-2, 1.999962745098034e-2, 2.0000490196078406e-2, 1.9999921568627437e-2, 1.9999784313725507e-2, 2.000021568627454e-2, 1.9999647058823573e-2, 1.9999529411764652e-2, 2.0e-2, 2.0000274509803934e-2, 0.0, 0.0, 0.0, 0.0, 0.0, 0.0, 0.0 ], [ 0.0, 0.0, 0.0, 0.0, 0.0, 0.0, 0.0, 0.0, 2.0e-2, 1.9999901960784314e-2, 2.000033333333335e-2, 1.999962745098034e-2, 2.0000196078431415e-2, 2.0000490196078406e-2, 1.9999921568627437e-2, 2.000021568627454e-2, 2.000021568627454e-2, 2.000021568627454e-2, 1.9999666666666697e-2, 2.0e-2, 7.84313725490196e-3, 0.0, 0.0, 0.0, 0.0, 0.0, 0.0, 0.0 ], [ 0.0, 0.0, 0.0, 0.0, 0.0, 0.0, 0.0, 0.0, 2.0e-2, 1.9999607843137215e-2, 1.999976470588238e-2, 2.000005882352937e-2, 1.999976470588238e-2, 1.9999921568627437e-2, 1.9999921568627437e-2, 1.9999784313725507e-2, 2.000021568627454e-2, 1.9999784313725507e-2, 1.999994117647056e-2, 2.0000431372549032e-2, 0.0, 0.0, 0.0, 0.0, 0.0, 0.0, 0.0, 0.0 ], [ 0.0, 0.0, 0.0, 0.0, 0.0, 0.0, 0.0, 0.0, 2.0e-2, 2.0000039215686247e-2, 2.0000196078431415e-2, 2.000005882352937e-2, 2.0000196078431415e-2, 1.9999921568627437e-2, 2.0000352941176473e-2, 2.000021568627454e-2, 1.9999647058823573e-2, 1.9999921568627437e-2, 2.0000078431372494e-2, 2.0000156862745058e-2, 0.0, 0.0, 0.0, 0.0, 0.0, 0.0, 0.0, 0.0 ], [ 0.0, 0.0, 0.0, 0.0, 0.0, 0.0, 0.0, 1.9999823529411764e-2, 2.0e-2, 2.0000039215686247e-2, 2.0000196078431415e-2, 2.0000196078431415e-2, 1.999976470588238e-2, 2.0000490196078406e-2, 2.0000352941176473e-2, 2.0000352941176473e-2, 2.000021568627454e-2, 2.0000490196078406e-2, 2.0000352941176473e-2, 2.0e-2, 7.84313725490196e-3, 0.0, 0.0, 0.0, 0.0, 0.0, 0.0, 0.0 ], [ 0.0, 0.0, 0.0, 0.0, 0.0, 0.0, 0.0, 2.000049019607843e-2, 2.0e-2, 2.0000470588235283e-2, 1.999976470588238e-2, 1.999976470588238e-2, 2.000033333333335e-2, 2.0000490196078406e-2, 2.0000352941176473e-2, 2.0000490196078406e-2, 1.9999784313725507e-2, 2.0000490196078406e-2, 2.0000352941176473e-2, 2.0e-2, 2.0000372549019606e-2, 0.0, 0.0, 0.0, 0.0, 0.0, 0.0, 0.0 ], [ 0.0, 0.0, 0.0, 0.0, 0.0, 0.0, 0.0, 2.000045098039217e-2, 2.0e-2, 2.0000039215686247e-2, 2.000033333333335e-2, 2.000033333333335e-2, 1.9999901960784314e-2, 2.0000490196078406e-2, 2.0000352941176473e-2, 1.9999921568627437e-2, 2.000021568627454e-2, 2.0000490196078406e-2, 2.000021568627454e-2, 2.0e-2, 2.000019607843137e-2, 0.0, 0.0, 0.0, 0.0, 0.0, 0.0, 0.0 ], [ 0.0, 0.0, 0.0, 0.0, 0.0, 0.0, 0.0, 1.9999686274509813e-2, 2.0e-2, 2.0000470588235283e-2, 2.000033333333335e-2, 2.000033333333335e-2, 2.0000470588235283e-2, 2.000005882352937e-2, 1.9999784313725507e-2, 1.9999921568627437e-2, 1.9999784313725507e-2, 2.000005882352937e-2, 2.0000078431372494e-2, 2.0e-2, 2.0000254901960782e-2, 0.0, 0.0, 0.0, 0.0, 0.0, 0.0, 0.0 ], [ 0.0, 0.0, 0.0, 0.0, 0.0, 0.0, 0.0, 1.999964705882354e-2, 2.0e-2, 2.0000470588235283e-2, 1.999976470588238e-2, 1.9999901960784314e-2, 2.0000039215686247e-2, 1.999962745098034e-2, 2.000021568627454e-2, 2.0000490196078406e-2, 2.0000352941176473e-2, 1.999962745098034e-2, 2.0000078431372494e-2, 2.0e-2, 2.0000470588235304e-2, 0.0, 0.0, 0.0, 0.0, 0.0, 0.0, 0.0 ], [ 0.0, 0.0, 0.0, 0.0, 0.0, 0.0, 0.0, 2.0000470588235304e-2, 2.0e-2, 2.0000039215686247e-2, 2.000033333333335e-2, 2.0000470588235283e-2, 1.9999607843137215e-2, 1.999962745098034e-2, 1.9999784313725507e-2, 1.999962745098034e-2, 2.0000352941176473e-2, 2.000005882352937e-2, 1.9999647058823573e-2, 2.0e-2, 2.0000137254901955e-2, 0.0, 0.0, 0.0, 0.0, 0.0, 0.0, 0.0 ], [ 0.0, 0.0, 0.0, 0.0, 0.0, 0.0, 0.0, 2.0000431372549e-2, 2.0e-2, 2.0000039215686247e-2, 2.000033333333335e-2, 2.0000039215686247e-2, 1.9999607843137215e-2, 1.999962745098034e-2, 1.9999784313725507e-2, 1.999976470588238e-2, 2.000005882352937e-2, 1.9999921568627437e-2, 1.9999784313725507e-2, 2.0e-2, 1.9999529411764687e-2, 0.0, 0.0, 0.0, 0.0, 0.0, 0.0, 0.0 ], [ 0.0, 0.0, 0.0, 0.0, 0.0, 0.0, 0.0, 1.99996862745098e-2, 2.0e-2, 2.0000196078431415e-2, 2.000033333333335e-2, 1.9999607843137215e-2, 1.9999607843137215e-2, 1.999962745098034e-2, 2.0000352941176473e-2, 1.999976470588238e-2, 1.9999901960784314e-2, 1.9999921568627437e-2, 2.0000352941176473e-2, 2.0e-2, 1.9999784313725483e-2, 0.0, 0.0, 0.0, 0.0, 0.0, 0.0, 0.0 ], [ 0.0, 0.0, 0.0, 0.0, 0.0, 0.0, 0.0, 2.000023529411764e-2, 2.0e-2, 2.0000196078431415e-2, 2.0000470588235283e-2, 1.9999745098039257e-2, 2.0000039215686247e-2, 1.999962745098034e-2, 1.9999921568627437e-2, 2.0000196078431415e-2, 2.0000039215686247e-2, 1.9999921568627437e-2, 2.000021568627454e-2, 2.0e-2, 2.0000019607843103e-2, 0.0, 0.0, 0.0, 0.0, 0.0, 0.0, 0.0 ], [ 0.0, 0.0, 0.0, 0.0, 0.0, 0.0, 0.0, 1.9999607843137302e-2, 2.0e-2, 2.0000470588235283e-2, 2.0000313725490226e-2, 2.0000313725490226e-2, 2.0000039215686247e-2, 1.999976470588238e-2, 2.000005882352937e-2, 2.000033333333335e-2, 1.9999745098039257e-2, 2.0000490196078406e-2, 2.0000352941176473e-2, 1.999976470588238e-2, 1.999996078431373e-2, 0.0, 0.0, 0.0, 0.0, 0.0, 0.0, 0.0 ], [ 0.0, 0.0, 0.0, 0.0, 0.0, 0.0, 0.0, 2.0000058823529416e-2, 1.9999725490196022e-2, 1.9999901960784314e-2, 1.9999901960784314e-2, 2.0000490196078406e-2, 1.999962745098034e-2, 2.0000352941176473e-2, 1.999994117647056e-2, 2.0000490196078406e-2, 1.999962745098034e-2, 1.9999921568627437e-2, 1.9999647058823573e-2, 2.0000196078431415e-2, 1.999956862745101e-2, 0.0, 0.0, 0.0, 0.0, 0.0, -2.0e-2, -2.0e-2 ], [ -2.0e-2, -2.0e-2, 0.0, 0.0, 0.0, 0.0, 0.0, 2.000025490196083e-2, 2.0e-2, 1.9999725490196022e-2, 2.0e-2, 2.0e-2, 2.0e-2, 2.0e-2, 2.0e-2, 2.0e-2, 2.0e-2, 1.9999725490196022e-2, 1.999988235294119e-2, 2.0e-2, 1.999984313725491e-2, 0.0, 0.0, 0.0, 0.0, 0.0, 0.0, 0.0 ], [ 0.0, -2.0e-2, -2.0e-2, -2.0e-2, 0.0, 0.0, 0.0, 0.0, 1.999996078431371e-2, 1.9999862745098032e-2, 2.000035294117645e-2, 2.000047058823526e-2, 1.9999999999999976e-2, 2.000025490196083e-2, 2.0000117647058786e-2, 1.9999980392156853e-2, 1.999970588235299e-2, 2.0000490196078382e-2, 1.9999705882352923e-2, 1.9999529411764704e-2, 0.0, 0.0, 0.0, -2.0e-2, 0.0, 0.0, 0.0, 0.0 ] ]
  robust!28 [......................................................] 0/9 queries
  robust!28 [======>...............................................] 1/9 queries
  robust!28 [============>.........................................] 2/9 queries
  robust!28 [==================>...................................] 3/9 queries
  robust!28 [========================>.............................] 4/9 queries
  robust!28 [==============================>.......................] 5/9 queries
  robust!28 [====================================>.................] 6/9 queries
    result: ✗ - Marabou found a counterexample
      perturbation: [ [ 0.0, 0.0, 0.0, 0.0, 0.0, 0.0, 0.0, 0.0, 0.0, 0.0, 0.0, 0.0, 0.0, 0.0, 0.0, 0.0, 0.0, 0.0, 0.0, 0.0, 0.0, 0.0, 0.0, 0.0, 0.0, 0.0, 0.0, 0.0 ], [ 0.0, 0.0, 0.0, 0.0, 0.0, 0.0, 0.0, 0.0, 0.0, 0.0, 0.0, 0.0, 0.0, 0.0, 0.0, 0.0, 0.0, 0.0, 0.0, 0.0, 0.0, 0.0, 0.0, 0.0, 0.0, 0.0, 0.0, 0.0 ], [ 0.0, 0.0, 0.0, 0.0, 0.0, 0.0, 0.0, 0.0, 0.0, 0.0, 0.0, 0.0, 0.0, 0.0, 0.0, 0.0, 0.0, 0.0, 0.0, 0.0, 0.0, 0.0, 0.0, 0.0, 0.0, 0.0, 0.0, 0.0 ], [ 0.0, 0.0, 0.0, 0.0, 0.0, 0.0, 0.0, 0.0, 0.0, 0.0, 0.0, 0.0, 0.0, 0.0, 0.0, 0.0, 0.0, 0.0, 0.0, 0.0, 0.0, 0.0, 0.0, 0.0, 0.0, 0.0, 0.0, 0.0 ], [ 0.0, 0.0, 0.0, 0.0, 0.0, 0.0, 0.0, 0.0, 0.0, 0.0, 0.0, 0.0, 0.0, 0.0, 0.0, 0.0, 0.0, 0.0, 0.0, 0.0, 0.0, 0.0, 0.0, 0.0, 0.0, 0.0, 0.0, 0.0 ], [ 0.0, 0.0, 0.0, 0.0, 0.0, 0.0, 0.0, 0.0, 0.0, 0.0, 0.0, 0.0, 0.0, 0.0, 0.0, 0.0, 0.0, 0.0, 1.9999705882352937e-2, 1.9999941176470606e-2, 1.999992156862745e-2, 0.0, 0.0, 0.0, 0.0, 0.0, 0.0, 0.0 ], [ 0.0, 0.0, 0.0, 0.0, 0.0, 0.0, 0.0, 0.0, 0.0, 0.0, 0.0, 0.0, 0.0, 0.0, 1.1764705882352941e-2, 0.0, 1.999988235294116e-2, 2.0000019607843124e-2, 2.000031372549019e-2, 2.0000392156862765e-2, 2.0000137254901976e-2, 2.0000196078431395e-2, 1.9999705882352923e-2, 2.0000098039215698e-2, 1.9999607843137254e-2, 2.0000392156862744e-2, 0.0, 0.0 ], [ 0.0, 0.0, 0.0, 0.0, 0.0, 0.0, 0.0, 0.0, 0.0, 0.0, 0.0, 0.0, 0.0, 7.84313725490196e-3, 0.0, 0.0, 1.9999960784313688e-2, 1.9999941176470606e-2, 2.000035294117645e-2, 2.000011764705883e-2, 2.000005882352946e-2, 1.9999647058823573e-2, 2.0e-2, 1.9999901960784314e-2, 1.9999666666666697e-2, 1.9999647058823507e-2, 1.9999666666666662e-2, 0.0 ], [ 0.0, 0.0, 0.0, 0.0, 0.0, 0.0, 0.0, 0.0, 0.0, 0.0, 0.0, 0.0, 0.0, 1.1764705882352941e-2, 0.0, 1.1764705882352941e-2, 1.999976470588236e-2, 2.0000019607843103e-2, 1.999988235294117e-2, 2.000031372549019e-2, 2.0000372549019617e-2, 1.999964705882354e-2, 2.0000176470588257e-2, 2.000031372549019e-2, 2.0000098039215708e-2, 2.0000372549019627e-2, 1.9999784313725472e-2, 0.0 ], [ 0.0, 0.0, 0.0, 0.0, 0.0, 0.0, 0.0, 0.0, 0.0, 0.0, 0.0, 0.0, 0.0, 0.0, 0.0, 2.000025490196083e-2, 2.0000490196078448e-2, 1.999970588235299e-2, 1.99996862745098e-2, 2.0000411764705878e-2, 2.0000196078431395e-2, 2.000023529411764e-2, 1.9999980392156842e-2, 2.000000000000002e-2, 1.9999745098039225e-2, 1.9999901960784293e-2, 1.9999941176470585e-2, 0.0 ], [ 0.0, 0.0, 0.0, 0.0, 0.0, 0.0, 0.0, 0.0, 0.0, 0.0, 3.92156862745098e-3, 3.92156862745098e-3, 0.0, 0.0, 2.0000137254901955e-2, 2.0000490196078448e-2, 2.000025490196083e-2, 1.9999647058823507e-2, 2.0000294117647078e-2, 2.0000098039215708e-2, 1.9999941176470595e-2, 1.9999705882352923e-2, 2.000045098039218e-2, 2.000011764705883e-2, 2.0000372549019627e-2, 2.0000313725490156e-2, 1.999986274509805e-2, 0.0 ], [ 3.92156862745098e-3, 0.0, 0.0, 0.0, 0.0, 0.0, 0.0, 0.0, 0.0, 0.0, 0.0, 0.0, 0.0, 2.000007843137253e-2, 1.999962745098038e-2, 2.0000294117647078e-2, 2.0000058823529416e-2, 2.0000392156862765e-2, 2.000013725490191e-2, 2.0000235294117596e-2, 2.0000392156862765e-2, 1.9999529411764697e-2, 1.9999941176470606e-2, 2.0000490196078448e-2, 1.9999764705882314e-2, 2.0000372549019596e-2, 1.999998039215686e-2, 0.0 ], [ 3.92156862745098e-3, 0.0, 0.0, 0.0, 3.92156862745098e-3, 0.0, 0.0, 0.0, 1.1764705882352941e-2, 1.568627450980392e-2, 0.0, 1.9999843137254898e-2, 1.999962745098038e-2, 2.0000117647058786e-2, 1.9999509803921563e-2, 1.9999803921568672e-2, 1.9999941176470606e-2, 2.0000450980392135e-2, 1.9999980392156853e-2, 1.9999529411764697e-2, 1.9999529411764697e-2, 2.000007843137254e-2, 1.999996078431373e-2, 2.0000215686274473e-2, 2.0000176470588226e-2, 1.999998039215681e-2, 2.000045098039218e-2, -2.0e-2 ], [ 3.92156862745098e-3, 0.0, 2.000041176470588e-2, 1.96078431372549e-2, 1.568627450980392e-2, 7.84313725490196e-3, 1.568627450980392e-2, 0.0, 0.0, 0.0, 1.999980392156865e-2, 1.999968627450982e-2, 2.0000039215686227e-2, 2.000005882352946e-2, 1.9999647058823507e-2, 2.000019607843135e-2, 1.9999666666666673e-2, 1.9999921568627416e-2, 1.9999843137254922e-2, 2.000043137254901e-2, 2.0000274509803954e-2, 1.9999686274509754e-2, 2.0000490196078448e-2, 2.0000490196078448e-2, 1.999966666666663e-2, 1.9999725490196067e-2, 2.0000019607843103e-2, 0.0 ], [ 0.0, 0.0, 0.0, 0.0, 0.0, 0.0, 0.0, 0.0, 0.0, 1.999964705882354e-2, 1.9999921568627482e-2, 1.999970588235299e-2, 2.000013725490191e-2, 2.0000235294117596e-2, 1.999966666666663e-2, 1.999988235294117e-2, 1.9999627450980426e-2, 1.999996078431373e-2, 2.0000274509803954e-2, 2.000013725490191e-2, 1.999954901960782e-2, 1.9999529411764697e-2, 2.0000450980392135e-2, 1.9999803921568606e-2, 2.000013725490191e-2, 2.0000000000000046e-2, 2.0000333333333283e-2, 0.0 ], [ 0.0, 0.0, 2.000039215686274e-2, 1.9999509803921563e-2, 2.0000392156862754e-2, 1.9999862745098032e-2, 2.0000431372549e-2, 2.0000039215686227e-2, 1.9999941176470606e-2, 1.9999784313725438e-2, 1.9999941176470606e-2, 1.9999921568627482e-2, 1.9999941176470606e-2, 1.9999843137254922e-2, 2.0000490196078382e-2, 2.0000019607843103e-2, 1.9999921568627482e-2, 2.0000392156862765e-2, 2.0000392156862765e-2, 1.9999843137254922e-2, 1.9999843137254922e-2, 2.0000274509803954e-2, 1.999964705882355e-2, 1.9999803921568672e-2, 1.9999784313725438e-2, 2.0000156862745103e-2, 1.999950980392153e-2, 0.0 ], [ 0.0, 2.0000470588235324e-2, 1.999968627450982e-2, 2.0000039215686227e-2, 1.9999901960784293e-2, 2.0000392156862765e-2, 2.0000215686274473e-2, 2.0000117647058786e-2, 2.0000294117647078e-2, 1.9999921568627416e-2, 1.999954901960782e-2, 2.0000294117647078e-2, 2.000035294117645e-2, 2.000025490196083e-2, 1.9999529411764697e-2, 1.9999921568627482e-2, 1.999966666666663e-2, 2.000007843137254e-2, 1.9999529411764697e-2, 2.0000274509803954e-2, 2.0000450980392135e-2, 2.0000490196078382e-2, 1.9999607843137302e-2, 2.0000392156862765e-2, 2.0000117647058786e-2, 1.9999588235294134e-2, 2.000009803921573e-2, 0.0 ], [ 1.9999745098039215e-2, 2.0000078431372494e-2, 2.0000431372548966e-2, 1.9999725490196112e-2, 2.0000333333333314e-2, 1.999950980392155e-2, 1.99996862745098e-2, 2.000043137254901e-2, 1.9999725490196112e-2, 1.999988235294117e-2, 1.99998235294118e-2, 2.000005882352946e-2, 2.000035294117645e-2, 2.0000117647058786e-2, 1.9999686274509754e-2, 1.9999568627450944e-2, 1.9999980392156853e-2, 1.999966666666663e-2, 1.999996078431373e-2, 1.999996078431373e-2, 2.0000294117647078e-2, 1.9999627450980426e-2, 1.9999686274509754e-2, 1.9999980392156853e-2, 1.999954901960782e-2, 2.0000431372548966e-2, 2.000027450980391e-2, 0.0 ], [ 1.9999999999999976e-2, 1.999968627450982e-2, 2.000027450980391e-2, 2.0000313725490156e-2, 2.000019607843135e-2, 1.9999607843137302e-2, 1.9999901960784293e-2, 2.0000176470588268e-2, 2.000005882352946e-2, 2.000023529411764e-2, 2.000011764705883e-2, 1.999988235294117e-2, 2.000025490196083e-2, 1.9999568627450944e-2, 1.9999980392156853e-2, 1.9999843137254922e-2, 1.9999999999999976e-2, 2.0000274509803954e-2, 1.99998235294118e-2, 1.9999980392156853e-2, 2.000025490196083e-2, 2.000007843137254e-2, 2.000007843137254e-2, 2.000007843137254e-2, 2.0000333333333283e-2, 2.000001960784317e-2, 1.9999529411764652e-2, 1.9999705882352923e-2 ], [ 2.0000372549019617e-2, 1.9999960784313688e-2, 2.0000176470588226e-2, 2.0000039215686292e-2, 2.0000490196078448e-2, 1.9999843137254922e-2, 1.9999666666666673e-2, 2.0000294117647067e-2, 1.9999588235294113e-2, 2.0000039215686268e-2, 2.0000137254901955e-2, 2.00003137254902e-2, 2.0000235294117596e-2, 2.000025490196083e-2, 2.0000235294117596e-2, 1.9999941176470606e-2, 2.0000215686274473e-2, 1.999962745098038e-2, 1.9999647058823507e-2, 1.9999509803921574e-2, 2.0000000000000046e-2, 1.9999588235294134e-2, 2.0000313725490156e-2, 1.9999882352941124e-2, 2.0000156862745103e-2, 2.0000156862745103e-2, 1.9999666666666697e-2, 1.9999980392156842e-2 ], [ 0.0, 1.9999803921568606e-2, 1.9999823529411754e-2, 1.9999705882352944e-2, 2.00004509803922e-2, 1.999974509803919e-2, 1.9999509803921574e-2, 2.000037254901964e-2, 2.000043137254901e-2, 1.9999627450980426e-2, 2.0000450980392135e-2, 1.9999529411764697e-2, 1.9999980392156853e-2, 1.9999941176470606e-2, 1.9999921568627482e-2, 1.999974509803919e-2, 2.000001960784317e-2, 2.0000000000000046e-2, 1.9999843137254877e-2, 2.0000156862745103e-2, 2.0000039215686292e-2, 1.999974509803919e-2, 2.000019607843135e-2, 2.000019607843135e-2, 2.000019607843135e-2, 1.999990196078436e-2, 1.9999647058823573e-2, 2.0000450980392135e-2 ], [ 0.0, 0.0, 1.9999823529411764e-2, 2.000043137254901e-2, 2.0000156862745103e-2, 1.9999843137254877e-2, 2.0000254901960786e-2, 2.0000431372548966e-2, 2.00004509803922e-2, 1.999962745098038e-2, 1.999962745098038e-2, 2.0000333333333283e-2, 2.0000333333333283e-2, 2.000001960784317e-2, 1.999998039215681e-2, 1.9999862745098e-2, 2.0000411764705843e-2, 1.9999764705882314e-2, 1.9999882352941124e-2, 2.00004509803922e-2, 1.9999862745098e-2, 1.999956862745101e-2, 1.9999725490196067e-2, 1.9999882352941124e-2, 2.0000137254901976e-2, 1.999998039215681e-2, 1.999956862745101e-2, 1.999992156862745e-2 ], [ 0.0, 0.0, 0.0, 0.0, 0.0, 1.999998039215686e-2, 1.9999901960784293e-2, 2.0000470588235324e-2, 1.9999666666666697e-2, 2.0000333333333283e-2, 1.9999725490196067e-2, 1.999974509803919e-2, 1.9999901960784314e-2, 1.999962745098038e-2, 2.0000294117647078e-2, 0.0, 0.0, 0.0, 0.0, 1.999992156862745e-2, 1.9999529411764697e-2, 1.999956862745099e-2, 2.0000294117647078e-2, 1.9999607843137236e-2, 2.000019607843138e-2, 2.0000156862745096e-2, 0.0, 0.0 ], [ 0.0, 7.84313725490196e-3, 7.84313725490196e-3, 0.0, 0.0, 0.0, 0.0, 0.0, 0.0, 0.0, 1.999978431372549e-2, 0.0, 0.0, 0.0, 0.0, 0.0, 0.0, 0.0, 0.0, 0.0, 0.0, 0.0, 0.0, 0.0, 0.0, 0.0, 0.0, 0.0 ], [ 0.0, -2.0e-2, 0.0, 0.0, 0.0, 0.0, 0.0, 0.0, 0.0, 0.0, 0.0, 0.0, 0.0, 0.0, 0.0, 0.0, 0.0, 0.0, 0.0, 0.0, 0.0, 0.0, 0.0, 0.0, 0.0, 0.0, 0.0, 0.0 ], [ -2.0e-2, 0.0, 0.0, 0.0, 0.0, 0.0, 0.0, 0.0, 0.0, 0.0, 0.0, 0.0, 0.0, 0.0, 0.0, 0.0, 0.0, 0.0, 0.0, 0.0, 0.0, 0.0, 0.0, 0.0, 0.0, 0.0, 0.0, 0.0 ], [ -2.0e-2, -1.8679e-2, 0.0, 0.0, 0.0, 0.0, 0.0, 0.0, 0.0, 0.0, 0.0, 0.0, 0.0, 0.0, 0.0, 0.0, 0.0, 0.0, 0.0, 0.0, 0.0, 0.0, 0.0, 0.0, 0.0, 0.0, 0.0, 0.0 ], [ 0.0, 0.0, 0.0, 0.0, 0.0, 0.0, 0.0, 0.0, 0.0, 0.0, 0.0, 0.0, 0.0, 0.0, 0.0, 0.0, 0.0, 0.0, 0.0, 0.0, 0.0, 0.0, 0.0, 0.0, 0.0, 0.0, 0.0, 0.0 ] ]
  robust!29 [......................................................] 0/9 queries
  robust!29 [======>...............................................] 1/9 queries
  robust!29 [============>.........................................] 2/9 queries
  robust!29 [==================>...................................] 3/9 queries
    result: ✗ - Marabou found a counterexample
      perturbation: [ [ 0.0, -2.0e-2, -2.0e-2, -2.0e-2, -2.0e-2, -2.0e-2, 3.92156862745098e-3, -2.000043137254902e-2, -2.000043137254902e-2, -1.9999725490196078e-2, 3.92156862745098e-3, 0.0, -1.999999999999999e-2, 2.0000156862745144e-2, 1.999984313725491e-2, -1.999974509803917e-2, -2.0000254901960786e-2, 0.0, 7.84313725490196e-3, -1.9999725490196078e-2, -2.0e-2, 3.92156862745098e-3, 0.0, 0.0, 0.0, -2.0e-2, 0.0, 0.0 ], [ 0.0, -2.0e-2, -2.0e-2, -2.0e-2, 0.0, -2.0e-2, 0.0, 3.92156862745098e-3, 7.84313725490196e-3, 0.0, -2.0e-2, -1.9999627450980394e-2, 1.999980392156863e-2, 2.000009803921573e-2, 1.9999666666666697e-2, 2.000005882352937e-2, 1.9999588235294134e-2, -2.0e-2, 0.0, 0.0, 0.0, 3.92156862745098e-3, -2.0e-2, 0.0, 0.0, 0.0, -2.0e-2, 0.0 ], [ 0.0, -2.0e-2, -2.0e-2, 0.0, 0.0, 0.0, 0.0, 7.84313725490196e-3, 0.0, 2.0000235294117628e-2, 2.0000333333333283e-2, 1.999968627450982e-2, 2.0000431372548966e-2, -1.9999568627451034e-2, -1.999966666666665e-2, -1.999986274509802e-2, 1.9999607843137257e-2, 2.0000137254901976e-2, 1.9999627450980426e-2, 1.9999509803921567e-2, 0.0, 7.84313725490196e-3, 0.0, 0.0, 0.0, 0.0, -2.0e-2, 0.0 ], [ -2.0e-2, -2.0e-2, 0.0, 0.0, 0.0, 0.0, 1.568627450980392e-2, 0.0, 1.999998039215686e-2, 2.000027450980391e-2, 1.9999725490196067e-2, 1.9999588235294134e-2, 1.9999588235294134e-2, 2.0000333333333283e-2, -1.999992156862746e-2, -1.99995490196078e-2, 2.0000156862745103e-2, 2.000001960784317e-2, -2.0000274509803934e-2, 1.9999764705882314e-2, 1.568627450980392e-2, 0.0, 0.0, 0.0, -2.0e-2, 0.0, -2.0e-2, -2.0e-2 ], [ -2.0e-2, -2.0e-2, 0.0, 0.0, 0.0, 0.0, 0.0, 0.0, 1.9999921568627482e-2, 1.9999725490196067e-2, 1.9999607843137257e-2, 2.0000176470588226e-2, 2.0000313725490156e-2, 2.0000431372548966e-2, 2.0000235294117596e-2, -2.0000098039215642e-2, 1.9999882352941124e-2, 2.0000470588235324e-2, -2.0000235294117683e-2, -2.0000274509803934e-2, 1.9999862745098032e-2, 0.0, 0.0, 0.0, -2.0e-2, 0.0, 0.0, -2.0e-2 ], [ -2.0e-2, 0.0, 0.0, 0.0, -2.0e-2, 0.0, 0.0, 0.0, 1.9999607843137257e-2, 2.0000294117647033e-2, 2.000001960784317e-2, 1.9999725490196067e-2, 1.9999882352941124e-2, 2.0000294117647033e-2, 2.0000352941176518e-2, 2.0000176470588226e-2, 1.9999607843137257e-2, 2.000001960784317e-2, 2.0000470588235324e-2, 2.000001960784317e-2, 1.999966666666663e-2, 0.0, 0.0, 0.0, -2.0e-2, 0.0, 0.0, -2.0e-2 ], [ 0.0, 0.0, 0.0, 0.0, -2.0e-2, 0.0, -2.0e-2, 1.999992156862745e-2, 1.9999588235294134e-2, 2.000027450980391e-2, 2.0000156862745103e-2, 2.0000156862745103e-2, 2.00004509803922e-2, 1.9999588235294134e-2, 1.999966666666663e-2, 1.9999882352941124e-2, 2.0000039215686292e-2, 2.0000156862745103e-2, 2.000019607843135e-2, 1.9999725490196067e-2, 2.0000156862745103e-2, 0.0, 0.0, 0.0, 0.0, -2.0e-2, -2.0e-2, -2.0e-2 ], [ 0.0, 0.0, 0.0, 0.0, -2.0e-2, 0.0, -2.0e-2, -1.999974509803922e-2, 1.9999725490196067e-2, 2.0000137254901976e-2, 1.9999705882352944e-2, 2.00004509803922e-2, 2.000001960784317e-2, 2.000001960784317e-2, -2.000021568627456e-2, 2.00004509803922e-2, 2.0000313725490156e-2, 2.0000176470588226e-2, 2.0000470588235324e-2, 1.999956862745101e-2, 2.0000000000000046e-2, 0.0, 0.0, -2.0e-2, -2.0e-2, -2.0e-2, -2.0e-2, 0.0 ], [ 0.0, 0.0, 0.0, -2.0e-2, -2.0e-2, 0.0, 0.0, 1.999988235294116e-2, 2.0000156862745103e-2, -2.000043137254899e-2, 2.0000117647058852e-2, 2.00004509803922e-2, -1.99995490196078e-2, 2.000001960784317e-2, 2.0000176470588226e-2, 1.9999882352941124e-2, 2.0000470588235324e-2, 1.9999764705882314e-2, -1.9999705882352965e-2, 1.9999843137254877e-2, 2.0000000000000046e-2, 2.0000392156862744e-2, 0.0, -2.0e-2, -2.0e-2, -2.0e-2, -2.0e-2, 0.0 ], [ 0.0, 0.0, 0.0, -2.0e-2, -2.0e-2, 0.0, -2.0e-2, 2.000023529411764e-2, 2.000001960784317e-2, -2.0000411764705864e-2, -2.000043137254899e-2, 1.9999588235294134e-2, 1.9999882352941124e-2, 2.0000313725490156e-2, 1.9999607843137257e-2, 2.0000313725490156e-2, 1.9999607843137257e-2, 1.999990196078436e-2, -2.0000098039215642e-2, 1.9999705882352944e-2, -2.0000294117647057e-2, 2.000049019607843e-2, 0.0, -2.0e-2, -2.0e-2, -2.0e-2, 0.0, 0.0 ], [ 0.0, 0.0, 0.0, -2.0e-2, -2.0e-2, 0.0, 0.0, 2.0000196078431395e-2, -1.9999980392156832e-2, -1.9999784313725528e-2, -2.0000196078431325e-2, 2.0000431372548966e-2, 2.0000176470588226e-2, 2.00004509803922e-2, 2.0000176470588226e-2, 2.0000313725490156e-2, 2.0000039215686292e-2, 1.999990196078436e-2, 1.9999980392156853e-2, -1.9999882352941145e-2, 2.000027450980391e-2, 1.999958823529413e-2, 0.0, 0.0, -2.0e-2, -2.0e-2, -2.0e-2, 0.0 ], [ 0.0, 0.0, 0.0, -2.0e-2, 0.0, 0.0, -2.0e-2, 2.0000156862745144e-2, -1.0407980392156832e-2, -2.0000196078431325e-2, 2.0000392156862765e-2, 2.0000431372548966e-2, 2.0000176470588226e-2, 1.9999882352941124e-2, 2.0000176470588226e-2, 2.0000313725490156e-2, 2.0000039215686292e-2, 2.0000039215686292e-2, 1.9999999999999976e-2, -2.0000490196078472e-2, 2.0000431372548966e-2, 1.9999549019607855e-2, 0.0, 0.0, 0.0, 0.0, 0.0, 0.0 ], [ 0.0, 0.0, 0.0, -2.0e-2, 0.0, 0.0, -2.0e-2, 1.999954901960782e-2, 2.000001960784317e-2, 1.9999568627450944e-2, 2.000013725490191e-2, 2.0000000000000046e-2, 2.0000176470588226e-2, 2.000001960784317e-2, 2.0000313725490156e-2, 2.0000176470588226e-2, 2.0000470588235324e-2, 2.0000039215686292e-2, 2.0000411764705878e-2, -2.0000450980392114e-2, 2.0000156862745103e-2, 2.0000490196078427e-2, -2.0e-2, 0.0, 0.0, 0.0, 0.0, 0.0 ], [ 0.0, 0.0, 0.0, -2.0e-2, 0.0, 0.0, 0.0, 1.9999529411764697e-2, 2.0000156862745103e-2, 2.0000392156862754e-2, 2.0000019607843103e-2, 2.0000137254901976e-2, 2.0000176470588226e-2, 2.000001960784317e-2, 2.00004509803922e-2, 1.9999607843137257e-2, 2.0000470588235324e-2, 2.0000176470588226e-2, 1.9999901960784338e-2, -1.99995490196078e-2, 1.9999725490196067e-2, 2.000031372549019e-2, 0.0, 0.0, 0.0, 0.0, 0.0, -2.0e-2 ], [ 0.0, 0.0, -2.0e-2, -2.0e-2, 0.0, 0.0, 0.0, 1.9999941176470606e-2, 1.9999725490196067e-2, 1.99996862745098e-2, 2.0000117647058786e-2, 1.999956862745101e-2, -2.0000117647058877e-2, -1.9999980392156832e-2, 2.000001960784317e-2, -1.999996078431371e-2, 2.0000470588235324e-2, 2.00004509803922e-2, 1.9999666666666662e-2, -2.0000019607843145e-2, 1.999956862745101e-2, 2.0000411764705878e-2, 0.0, 0.0, 0.0, 0.0, 0.0, -2.0e-2 ], [ 0.0, 0.0, 0.0, -2.0e-2, 0.0, 0.0, 0.0, 1.9999921568627482e-2, 1.9999725490196067e-2, 1.9999745098039236e-2, 2.0000470588235324e-2, 2.0000431372548966e-2, -1.9999980392156832e-2, 2.00004509803922e-2, 1.9999588235294134e-2, 2.0000470588235324e-2, 2.0000039215686292e-2, 8.713019607843169e-3, 2.0000137254901955e-2, 1.9999588235294068e-2, 2.0000000000000046e-2, 2.0000098039215708e-2, 0.0, 0.0, 0.0, 0.0, 0.0, -2.0e-2 ], [ 0.0, 0.0, 0.0, -2.0e-2, 0.0, 0.0, -2.0e-2, 2.000019607843135e-2, 1.9999588235294134e-2, 2.0000058823529416e-2, 2.0000156862745103e-2, 2.0000000000000046e-2, -1.9999980392156832e-2, 2.000001960784317e-2, 1.9999725490196067e-2, 2.0000470588235324e-2, 2.000001960784317e-2, 1.9999882352941124e-2, 1.99998235294118e-2, 1.999954901960782e-2, 2.0000431372548966e-2, 1.9999803921568606e-2, 0.0, 0.0, 0.0, 0.0, 0.0, 0.0 ], [ -2.0e-2, 0.0, -2.0e-2, -2.0e-2, 0.0, 0.0, 0.0, 2.000007843137254e-2, 2.0000156862745103e-2, 2.000027450980391e-2, 2.000001960784317e-2, 1.9999705882352944e-2, -2.0000411764705864e-2, 2.000001960784317e-2, 2.0000431372548966e-2, 2.0000039215686292e-2, 2.000001960784317e-2, 1.9999588235294134e-2, 2.000019607843135e-2, 2.000039215686272e-2, 1.999956862745101e-2, 2.0000372549019627e-2, 0.0, 0.0, 0.0, 0.0, 0.0, 0.0 ], [ 0.0, 0.0, -2.0e-2, -2.0e-2, 0.0, 0.0, -2.0e-2, 2.0000058823529416e-2, -2.000043137254899e-2, 1.9999725490196067e-2, 1.9999882352941124e-2, 2.000027450980391e-2, 2.000001960784317e-2, 1.9999725490196067e-2, 2.0000431372548966e-2, -1.999996078431371e-2, 1.9999588235294134e-2, 2.0000294117647033e-2, 2.000019607843135e-2, 2.000027450980391e-2, 1.9999705882352944e-2, 1.9999666666666673e-2, 0.0, 0.0, 0.0, 0.0, 0.0, 0.0 ], [ 0.0, 0.0, 0.0, -2.0e-2, -2.0e-2, 0.0, -2.0e-2, 1.9999999999999976e-2, 1.9999588235294134e-2, 2.0000156862745103e-2, 2.0000176470588226e-2, 1.9999549019607887e-2, 2.00004509803922e-2, 2.0000294117647033e-2, 1.999956862745101e-2, 1.9999764705882314e-2, 2.000001960784317e-2, 1.999956862745101e-2, 1.999990196078436e-2, 1.9999882352941124e-2, -2.0000039215686313e-2, 2.0000274509803954e-2, -2.0e-2, 0.0, -2.0e-2, 0.0, 0.0, 0.0 ], [ 0.0, 0.0, -2.0e-2, 0.0, 0.0, -2.0e-2, 0.0, 0.0, 1.999996078431372e-2, 2.0000411764705843e-2, 2.0000470588235324e-2, 1.9999666666666697e-2, 2.0000313725490156e-2, 2.0000137254901976e-2, 2.000027450980391e-2, 1.9999764705882314e-2, 1.9999588235294134e-2, 1.9999843137254877e-2, 1.9999764705882314e-2, 1.999956862745101e-2, -2.00002745098039e-2, 1.9999823529411764e-2, -2.0e-2, -2.0e-2, -2.0e-2, -2.0e-2, -2.0e-2, -2.0e-2 ], [ 0.0, 0.0, 0.0, 0.0, 0.0, 0.0, 0.0, 0.0, 2.0000333333333283e-2, 2.000027450980391e-2, 1.999990196078436e-2, 2.0000078431372494e-2, 1.9999607843137257e-2, 2.0000254901960786e-2, 2.0000000000000046e-2, 2.0000470588235324e-2, 1.9999588235294134e-2, 1.9999823529411754e-2, 1.9999764705882314e-2, 1.9999843137254877e-2, -1.9999843137254922e-2, -2.0e-2, -2.0e-2, -2.0e-2, -2.0e-2, 0.0, -2.0e-2, -2.0e-2 ], [ 0.0, -2.0e-2, -2.0e-2, 0.0, 0.0, 0.0, 0.0, -2.0000019607843138e-2, 2.0000254901960786e-2, 2.0000411764705843e-2, 2.0000470588235324e-2, 2.000005882352937e-2, 2.0000039215686292e-2, 2.0000235294117662e-2, 2.0000431372548966e-2, 1.9999607843137257e-2, 2.0000176470588226e-2, 1.999980392156863e-2, 1.9999607843137257e-2, 1.9999725490196067e-2, 2.00004509803922e-2, 0.0, 0.0, -2.0e-2, -2.0e-2, 0.0, 0.0, 0.0 ], [ 0.0, -2.0e-2, -2.0e-2, -2.0e-2, -2.0e-2, 0.0, 0.0, -1.999962745098038e-2, 1.9999843137254877e-2, 1.9999823529411754e-2, 2.0000333333333283e-2, 2.0000470588235283e-2, 1.9999607843137257e-2, 1.9999921568627437e-2, 1.9999588235294134e-2, 1.9999882352941124e-2, 1.9999607843137257e-2, 1.9999784313725507e-2, 1.9999725490196067e-2, 1.9999588235294134e-2, -2.0000176470588247e-2, 2.0000392156862744e-2, -2.0e-2, -2.0e-2, -2.0e-2, 0.0, -2.0e-2, -2.0e-2 ], [ -2.0e-2, -2.0e-2, 0.0, -2.0e-2, -2.0e-2, -2.0e-2, 0.0, -1.9999666666666673e-2, 1.9999843137254877e-2, -1.999990196078427e-2, -1.999980392156865e-2, 2.0000470588235283e-2, 1.999990196078436e-2, 2.0000470588235283e-2, 2.000001960784317e-2, 1.9999588235294134e-2, 2.0000470588235324e-2, 1.999962745098034e-2, -2.0000294117647057e-2, 1.9999725490196067e-2, 1.9999705882352944e-2, 1.9999941176470585e-2, -2.0e-2, -2.0e-2, -2.0e-2, -2.0e-2, -2.0e-2, -2.0e-2 ], [ 0.0, -2.0e-2, 0.0, -2.0e-2, 0.0, -2.0e-2, 0.0, -2.0000235294117683e-2, 1.9999549019607887e-2, 2.000039215686272e-2, 1.9999882352941124e-2, 2.0000019607843124e-2, 2.0000333333333283e-2, 2.000005882352937e-2, 2.0000039215686292e-2, 2.0000039215686292e-2, 2.0000294117647033e-2, 2.000033333333335e-2, 2.0000137254901976e-2, 1.9999725490196067e-2, 2.0000137254901976e-2, 2.0000294117647078e-2, -2.0e-2, -2.0e-2, -2.0e-2, -2.0e-2, -2.0e-2, -2.0e-2 ], [ -2.0e-2, -2.0e-2, 0.0, -2.0e-2, 0.0, -2.0e-2, 1.9999803921568627e-2, 1.9999960784313688e-2, 2.000039215686272e-2, 1.999980392156863e-2, 2.0000254901960786e-2, 1.9999607843137215e-2, 1.9999960784313688e-2, 2.0e-2, 2.0000137254901976e-2, 1.9999843137254877e-2, 1.9999843137254877e-2, 2.0000156862745058e-2, 1.999980392156863e-2, 1.9999549019607887e-2, 2.0000411764705843e-2, -1.9999823529411775e-2, -2.0e-2, -2.0e-2, -2.0e-2, -2.0e-2, -2.0e-2, -2.0e-2 ], [ 0.0, -2.0e-2, -2.0e-2, -2.0e-2, -2.0e-2, -2.0e-2, -2.0e-2, -2.0e-2, -2.0000058823529412e-2, 2.0000274509803934e-2, 2.000000000000001e-2, 2.000041176470588e-2, 2.000007843137253e-2, 1.9999901960784338e-2, 2.0000098039215708e-2, 1.9999980392156853e-2, 1.999994117647059e-2, 0.0, -1.9999941176470606e-2, 1.9999607843137254e-2, 1.9999803921568627e-2, -2.0e-2, -2.0e-2, -2.0e-2, -2.0e-2, -2.0e-2, -2.0e-2, -2.0e-2 ] ]
  robust!30 [......................................................] 0/9 queries
  robust!30 [======>...............................................] 1/9 queries
  robust!30 [============>.........................................] 2/9 queries
  robust!30 [==================>...................................] 3/9 queries
  robust!30 [========================>.............................] 4/9 queries
  robust!30 [==============================>.......................] 5/9 queries
  robust!30 [====================================>.................] 6/9 queries
  robust!30 [==========================================>...........] 7/9 queries
  robust!30 [================================================>.....] 8/9 queries
  robust!30 [======================================================] 9/9 queries
  robust!31 [......................................................] 0/9 queries
  robust!31 [======>...............................................] 1/9 queries
  robust!31 [============>.........................................] 2/9 queries
  robust!31 [==================>...................................] 3/9 queries
  robust!31 [========================>.............................] 4/9 queries
  robust!31 [==============================>.......................] 5/9 queries
  robust!31 [====================================>.................] 6/9 queries
  robust!31 [==========================================>...........] 7/9 queries
  robust!31 [================================================>.....] 8/9 queries
  robust!31 [======================================================] 9/9 queries
  robust!32 [......................................................] 0/9 queries
  robust!32 [======>...............................................] 1/9 queries
  robust!32 [============>.........................................] 2/9 queries
  robust!32 [==================>...................................] 3/9 queries
  robust!32 [========================>.............................] 4/9 queries
  robust!32 [==============================>.......................] 5/9 queries
  robust!32 [====================================>.................] 6/9 queries
  robust!32 [==========================================>...........] 7/9 queries
  robust!32 [================================================>.....] 8/9 queries
  robust!32 [======================================================] 9/9 queries
  robust!33 [......................................................] 0/9 queries
  robust!33 [======>...............................................] 1/9 queries
  robust!33 [============>.........................................] 2/9 queries
  robust!33 [==================>...................................] 3/9 queries
  robust!33 [========================>.............................] 4/9 queries
  robust!33 [==============================>.......................] 5/9 queries
  robust!33 [====================================>.................] 6/9 queries
  robust!33 [==========================================>...........] 7/9 queries
  robust!33 [================================================>.....] 8/9 queries
    result: 🗸 - Marabou proved no counterexample exists
    result: 🗸 - Marabou proved no counterexample exists
    result: 🗸 - Marabou proved no counterexample exists

    result: ✗ - Marabou found a counterexample
      perturbation: [ [ 0.0, 0.0, -2.0e-2, -2.0e-2, -2.0e-2, 0.0, -1.586643137254902e-2, -2.0e-2, -2.0e-2, -1.999964705882353e-2, 1.9999686274509803e-2, 0.0, 7.84313725490196e-3, 7.84313725490196e-3, 3.92156862745098e-3, 7.84313725490196e-3, 3.92156862745098e-3, 0.0, 1.9999725490196088e-2, -2.0e-2, -2.0e-2, 1.1764705882352941e-2, 0.0, 0.0, 0.0, -2.0e-2, 0.0, 0.0 ], [ 0.0, 0.0, 0.0, 0.0, 0.0, -2.0e-2, 3.92156862745098e-3, 0.0, 1.9999549019607855e-2, 2.0000274509803954e-2, 1.9999784313725472e-2, 0.0, 0.0, 0.0, 0.0, 0.0, 0.0, 0.0, -2.0000019607843145e-2, 1.9999627450980426e-2, -2.0e-2, 0.0, 7.84313725490196e-3, 0.0, 0.0, 0.0, 0.0, 0.0 ], [ 0.0, 0.0, 0.0, 0.0, 0.0, 0.0, 0.0, 1.96078431372549e-2, 7.84313725490196e-3, 0.0, 1.9999980392156863e-2, 1.9999823529411764e-2, 0.0, 0.0, 0.0, 0.0, 0.0, 0.0, 2.0000156862745096e-2, 2.0000392156862744e-2, 1.999964705882354e-2, 0.0, 1.1764705882352941e-2, 0.0, 0.0, 0.0, 0.0, 0.0 ], [ 0.0, 0.0, 0.0, 0.0, 0.0, 1.1764705882352941e-2, 0.0, 2.0000176470588247e-2, 1.999956862745098e-2, 1.9999823529411785e-2, 2.0000235294117596e-2, 2.0000000000000046e-2, 1.9999960784313688e-2, 2.000021568627454e-2, 1.9999901960784314e-2, 1.9999725490196067e-2, 2.0000470588235283e-2, 2.0000039215686292e-2, 1.9999784313725438e-2, 2.0000156862745096e-2, 2.0000098039215708e-2, 1.96078431372549e-2, 0.0, 0.0, 0.0, 0.0, 0.0, 0.0 ], [ 0.0, 0.0, 0.0, 0.0, 0.0, 3.92156862745098e-3, 0.0, 2.000043137254901e-2, 1.999976470588238e-2, 1.999994117647056e-2, 2.0000137254901976e-2, 2.0000294117647033e-2, 2.0000039215686292e-2, 2.0000333333333283e-2, 2.0000117647058852e-2, 2.000019607843135e-2, 1.999966666666663e-2, 1.9999725490196067e-2, 1.9999843137254877e-2, 2.0000078431372494e-2, 1.999998039215681e-2, 1.9999764705882366e-2, 0.0, 0.0, 0.0, 0.0, 0.0, 0.0 ], [ 0.0, 0.0, 0.0, 0.0, 0.0, 0.0, 0.0, 1.9999764705882314e-2, 1.999998039215681e-2, 2.0000039215686292e-2, 2.0000156862745103e-2, 1.9999960784313688e-2, 1.9999921568627416e-2, 1.9999647058823507e-2, 1.9999725490196067e-2, 2.0000372549019596e-2, 1.9999999999999976e-2, 2.0000294117647078e-2, 1.999968627450982e-2, 1.999980392156863e-2, 2.0000490196078406e-2, 2.0000156862745096e-2, 0.0, 0.0, 0.0, 0.0, 0.0, -2.0e-2 ], [ 0.0, 0.0, 0.0, 0.0, 0.0, 0.0, 0.0, 2.0000039215686292e-2, 1.9999823529411754e-2, 2.0000078431372494e-2, 1.999976470588238e-2, 2.0000411764705843e-2, 1.9999568627450944e-2, 1.999974509803919e-2, 1.9999725490196112e-2, 1.9999764705882314e-2, 1.999980392156863e-2, 2.0000431372548966e-2, 2.0000137254901976e-2, 1.9999843137254877e-2, 2.0000137254901976e-2, 2.0000058823529395e-2, 0.0, 0.0, 0.0, 0.0, 0.0, 0.0 ], [ 0.0, 0.0, 0.0, 0.0, 0.0, 0.0, 0.0, 2.000001960784317e-2, 2.000021568627454e-2, 2.0000117647058852e-2, 2.0000411764705843e-2, 1.999950980392153e-2, 1.9999529411764697e-2, 1.9999529411764697e-2, 2.000007843137254e-2, 1.9999549019607887e-2, 1.9999823529411754e-2, 1.9999882352941124e-2, 1.9999843137254877e-2, 1.9999784313725507e-2, 1.999974509803919e-2, 1.9999588235294113e-2, 0.0, 0.0, 0.0, 0.0, 0.0, 0.0 ], [ 0.0, 0.0, 0.0, 0.0, 0.0, 0.0, 0.0, 1.9999862745098067e-2, 2.0000411764705843e-2, 2.0000450980392135e-2, 2.0000058823529416e-2, 1.9999960784313688e-2, 2.0000254901960786e-2, 2.000021568627454e-2, 2.0000078431372494e-2, 2.0000352941176518e-2, 2.0000000000000046e-2, 2.000027450980391e-2, 2.0000333333333283e-2, 2.0000313725490226e-2, 2.0000333333333283e-2, 2.000011764705883e-2, 0.0, 0.0, 0.0, 0.0, 0.0, 0.0 ], [ 0.0, 0.0, 0.0, 0.0, 0.0, 0.0, 1.568627450980392e-2, 2.0000490196078406e-2, 2.0000333333333283e-2, 2.0000039215686227e-2, 1.9999843137254922e-2, 1.999968627450982e-2, 2.000007843137254e-2, 2.0000235294117662e-2, 2.0000156862745103e-2, 1.9999725490196112e-2, 1.9999862745098e-2, 1.9999921568627482e-2, 1.9999607843137257e-2, 2.0000450980392156e-2, 1.999974509803919e-2, 2.000007843137253e-2, 0.0, 0.0, 0.0, 0.0, 0.0, 0.0 ], [ 0.0, 0.0, 0.0, 0.0, 0.0, 0.0, 2.000000000000001e-2, 2.00004509803922e-2, 2.0000137254901976e-2, 1.9999980392156853e-2, 1.9999862745098e-2, 2.0000372549019596e-2, 2.0000156862745144e-2, 1.9999784313725438e-2, 1.999956862745101e-2, 2.00003137254902e-2, 1.9999862745098e-2, 1.999994117647056e-2, 2.0000019607843103e-2, 2.0000470588235283e-2, 1.999968627450982e-2, 2.0000274509803954e-2, 0.0, 0.0, -2.0e-2, 0.0, 0.0, 0.0 ], [ -2.0e-2, 0.0, 0.0, -1.3198e-2, 0.0, 0.0, 1.9999862745098046e-2, 2.0000117647058852e-2, 1.9999647058823573e-2, 1.9999960784313688e-2, 2.0000254901960786e-2, 2.00003137254902e-2, 1.9999803921568672e-2, 2.0000000000000046e-2, 2.0000235294117662e-2, 1.9999588235294068e-2, 2.000037254901964e-2, 2.0000156862745103e-2, 2.000047058823526e-2, 2.0000333333333283e-2, 2.0000000000000046e-2, 2.0000372549019596e-2, 1.568627450980392e-2, 0.0, 0.0, 0.0, 0.0, 0.0 ], [ 0.0, 0.0, 0.0, -2.0e-2, 0.0, 0.0, 2.000005882352937e-2, 2.0000372549019596e-2, 2.000005882352937e-2, 2.0000039215686247e-2, 1.9999705882352944e-2, 1.9999882352941124e-2, 1.999974509803919e-2, 2.0000490196078406e-2, 1.9999647058823573e-2, 2.0000196078431395e-2, 1.9999921568627482e-2, 2.0000000000000046e-2, 1.9999960784313688e-2, 1.9999745098039257e-2, 1.999990196078436e-2, 2.0000372549019596e-2, 2.0000274509803934e-2, 0.0, 0.0, 0.0, 0.0, 0.0 ], [ 0.0, 0.0, 0.0, 0.0, 0.0, 0.0, 1.999968627450982e-2, 1.9999960784313688e-2, 1.999950980392153e-2, 2.0000254901960786e-2, 2.0000411764705888e-2, 2.000039215686272e-2, 1.9999745098039257e-2, 1.9999607843137257e-2, 2.000001960784317e-2, 1.999988235294119e-2, 2.0000137254901976e-2, 2.0000431372548966e-2, 1.9999843137254877e-2, 2.000005882352937e-2, 1.999998039215681e-2, 1.9999843137254877e-2, 1.999984313725491e-2, 0.0, 0.0, 0.0, 0.0, 0.0 ], [ 0.0, 0.0, 0.0, 0.0, 0.0, 2.0000274509803934e-2, 1.9999784313725507e-2, 1.999968627450982e-2, 2.0000450980392156e-2, 2.0000117647058852e-2, 2.0000294117647078e-2, 2.000013725490191e-2, 1.999950980392153e-2, 2.0000137254901976e-2, 1.999970588235299e-2, 1.9999960784313688e-2, 1.9999745098039257e-2, 1.99998235294118e-2, 2.00004509803922e-2, 1.9999745098039257e-2, 2.0000372549019596e-2, 1.9999666666666697e-2, 1.9999803921568672e-2, 0.0, 0.0, 0.0, 0.0, 0.0 ], [ 0.0, 0.0, 0.0, 0.0, 0.0, 2.0000098039215687e-2, 2.0000352941176493e-2, 0.0, 1.999994117647059e-2, 2.0000313725490156e-2, 1.9999941176470606e-2, 1.9999999999999976e-2, 1.9999725490196067e-2, 2.000009803921573e-2, 2.000047058823526e-2, 2.0000411764705843e-2, 2.0000156862745103e-2, 2.0000392156862765e-2, 2.0000117647058852e-2, 1.9999725490196102e-2, 0.0, 0.0, 1.9999980392156863e-2, 0.0, 0.0, 0.0, 0.0, 0.0 ], [ 0.0, 0.0, 0.0, 0.0, 0.0, 0.0, 0.0, 0.0, 0.0, 2.000005882352937e-2, 1.9999705882352944e-2, 1.9999784313725507e-2, 1.999994117647056e-2, 1.9999784313725507e-2, 1.9999509803921574e-2, 1.9999588235294092e-2, 2.000019607843135e-2, 2.0000333333333283e-2, 2.0000352941176473e-2, 2.0000039215686268e-2, 0.0, 0.0, 0.0, 0.0, 0.0, 0.0, 0.0, 0.0 ], [ 0.0, 0.0, 0.0, 0.0, 0.0, 1.1764705882352941e-2, 2.000041176470588e-2, 0.0, 0.0, 1.9999588235294092e-2, 2.0000372549019596e-2, 1.9999647058823507e-2, 1.9999823529411754e-2, 1.9999823529411754e-2, 2.000021568627454e-2, 1.999988235294119e-2, 2.0000039215686292e-2, 2.000023529411764e-2, 1.999956862745101e-2, 1.999996078431372e-2, 0.0, 2.0000117647058824e-2, 7.84313725490196e-3, 0.0, 0.0, 0.0, 0.0, 0.0 ], [ 0.0, 0.0, 0.0, 0.0, 0.0, 0.0, 7.84313725490196e-3, 0.0, 1.9999823529411764e-2, 1.9999705882352944e-2, 2.0000431372548966e-2, 2.0000392156862765e-2, 2.0000098039215663e-2, 1.999970588235299e-2, 2.0000000000000046e-2, 2.000005882352937e-2, 1.9999803921568672e-2, 2.000007843137254e-2, 2.0000117647058852e-2, 1.999964705882355e-2, 0.0, 1.568627450980392e-2, 0.0, 0.0, 0.0, 0.0, 0.0, 0.0 ], [ 0.0, 0.0, 0.0, 0.0, 0.0, 0.0, 3.92156862745098e-3, 0.0, 1.9999960784313726e-2, 2.000009803921573e-2, 2.0000117647058852e-2, 2.0000431372548966e-2, 1.9999588235294134e-2, 2.0000411764705843e-2, 1.9999843137254877e-2, 2.0000019607843124e-2, 1.9999784313725507e-2, 1.999998039215681e-2, 2.0000196078431415e-2, 2.0000372549019627e-2, 0.0, 7.84313725490196e-3, 0.0, 0.0, 0.0, 0.0, 0.0, 0.0 ], [ 0.0, 0.0, 0.0, 0.0, 0.0, 0.0, 7.84313725490196e-3, 0.0, 1.999992156862745e-2, 1.9999529411764652e-2, 2.0000431372548966e-2, 2.0000196078431415e-2, 1.999974509803919e-2, 2.0000450980392156e-2, 1.999968627450982e-2, 2.0000078431372494e-2, 2.0000196078431415e-2, 1.9999666666666697e-2, 2.0000372549019596e-2, 1.9999588235294068e-2, 0.0, 0.0, 0.0, 0.0, 0.0, 0.0, 0.0, 0.0 ], [ 0.0, 0.0, 0.0, 0.0, 0.0, 0.0, 1.568627450980392e-2, 0.0, 1.9999784313725472e-2, 2.000005882352937e-2, 2.0000117647058852e-2, 1.999976470588238e-2, 1.9999647058823573e-2, 1.999950980392153e-2, 2.0000313725490156e-2, 2.000033333333335e-2, 2.0000333333333283e-2, 2.0000000000000046e-2, 2.0000490196078406e-2, 1.9999921568627437e-2, 0.0, 0.0, 3.92156862745098e-3, 0.0, 0.0, 0.0, 0.0, 0.0 ], [ 0.0, 0.0, 0.0, 0.0, 0.0, 0.0, 1.1764705882352941e-2, 0.0, 2.0000058823529395e-2, 1.999980392156863e-2, 2.000039215686272e-2, 2.0000411764705843e-2, 1.999996078431373e-2, 2.0e-2, 1.9999607843137257e-2, 1.9999588235294092e-2, 1.9999725490196067e-2, 1.9999823529411754e-2, 2.0000254901960786e-2, 1.999988235294119e-2, 0.0, 0.0, 3.92156862745098e-3, 0.0, 0.0, 0.0, 0.0, 0.0 ], [ 0.0, 0.0, 0.0, 0.0, 0.0, 0.0, 1.1764705882352941e-2, 0.0, 1.99996862745098e-2, 2.000017647058818e-2, 2.0000235294117662e-2, 2.000027450980391e-2, 2.0000137254901976e-2, 2.0000470588235283e-2, 2.0000254901960786e-2, 2.0e-2, 1.99998235294118e-2, 1.9999921568627482e-2, 2.0000235294117662e-2, 2.0000039215686247e-2, 0.0, 0.0, 7.84313725490196e-3, 0.0, 0.0, 0.0, -2.0e-2, 0.0 ], [ 0.0, 0.0, 0.0, 0.0, 0.0, 0.0, 0.0, 0.0, 2.0000156862745144e-2, 1.9999745098039257e-2, 1.999980392156863e-2, 1.999956862745101e-2, 2.0000352941176473e-2, 2.000039215686272e-2, 1.9999843137254877e-2, 2.0e-2, 1.9999509803921574e-2, 1.9999705882352944e-2, 1.999994117647056e-2, 2.0000156862745103e-2, 0.0, 0.0, 7.84313725490196e-3, 0.0, 0.0, 0.0, -2.0e-2, -2.0e-2 ], [ 0.0, 0.0, 0.0, 0.0, 0.0, 0.0, 0.0, 0.0, 2.0000490196078382e-2, 2.000009803921573e-2, 1.999950980392153e-2, 2.0000235294117662e-2, 2.0000000000000046e-2, 2.000017647058818e-2, 2.000009803921573e-2, 2.0000470588235283e-2, 2.0000235294117662e-2, 2.0000372549019596e-2, 2.0000254901960786e-2, 1.9999882352941124e-2, 0.0, 0.0, 1.1764705882352941e-2, 0.0, 0.0, 0.0, -2.0e-2, -2.0e-2 ], [ -2.0e-2, 0.0, 0.0, 0.0, 0.0, 0.0, 0.0, 0.0, 1.9999529411764652e-2, 1.9999921568627437e-2, 2.0000078431372494e-2, 2.0e-2, 2.000017647058818e-2, 2.0000470588235283e-2, 2.0000372549019596e-2, 2.0e-2, 2.0000313725490226e-2, 1.999980392156863e-2, 1.9999921568627437e-2, 1.9999784313725507e-2, 1.999978431372549e-2, 0.0, 1.96078431372549e-2, -2.0e-2, -2.0e-2, 0.0, 0.0, 0.0 ], [ 0.0, -2.0e-2, -2.0e-2, -2.0e-2, 0.0, 3.92156862745098e-3, 0.0, 0.0, 2.000031372549019e-2, 2.0000254901960765e-2, 2.0000274509803934e-2, 3.92156862745098e-3, 2.0000078431372546e-2, 2.0000294117647057e-2, 1.999992156862746e-2, 1.999962745098039e-2, 1.9999705882352937e-2, 2.0000156862745096e-2, 2.0000274509803944e-2, 2.000037254901964e-2, 2.0000392156862744e-2, 0.0, -1.9999725490196078e-2, -2.0e-2, -2.0e-2, 0.0, 0.0, 0.0 ] ]
  robust!34 [......................................................] 0/9 queries
  robust!34 [======>...............................................] 1/9 queries
  robust!34 [============>.........................................] 2/9 queries
  robust!34 [==================>...................................] 3/9 queries
  robust!34 [========================>.............................] 4/9 queries
  robust!34 [==============================>.......................] 5/9 queries
  robust!34 [====================================>.................] 6/9 queries
  robust!34 [==========================================>...........] 7/9 queries
  robust!34 [================================================>.....] 8/9 queries
  robust!34 [======================================================] 9/9 queries
  robust!35 [......................................................] 0/9 queries
  robust!35 [======>...............................................] 1/9 queries
  robust!35 [============>.........................................] 2/9 queries
    result: 🗸 - Marabou proved no counterexample exists

    result: ✗ - Marabou found a counterexample
      perturbation: [ [ 0.0, -2.0e-2, -2.0e-2, 0.0, 0.0, 0.0, 0.0, 0.0, 0.0, 0.0, 0.0, -1.999988235294118e-2, 1.999986274509805e-2, 0.0, 0.0, 0.0, -2.0e-2, -1.9999862745098046e-2, 1.999962745098039e-2, 0.0, 3.92156862745098e-3, 3.92156862745098e-3, 3.92156862745098e-3, 3.92156862745098e-3, 3.92156862745098e-3, -2.0e-2, -2.0e-2, 0.0 ], [ 0.0, -2.0e-2, -2.0e-2, 3.92156862745098e-3, 0.0, 7.84313725490196e-3, 3.92156862745098e-3, -2.0e-2, 0.0, -1.9999901960784314e-2, 1.999992156862745e-2, 2.0000372549019627e-2, 1.999956862745101e-2, 2.0000313725490156e-2, 2.000013725490191e-2, 1.999990196078436e-2, 2.0000333333333283e-2, -2.000043137254899e-2, -1.999986274509803e-2, 2.000031372549021e-2, 1.9999980392156863e-2, 0.0, 0.0, 0.0, -2.0e-2, 0.0, -2.0e-2, 0.0 ], [ -2.0e-2, -2.0e-2, 0.0, 0.0, 3.92156862745098e-3, 0.0, -2.000029411764706e-2, -1.999950980392157e-2, 2.0000215686274504e-2, 1.999956862745099e-2, 2.000023529411764e-2, 1.999976470588235e-2, 2.0000254901960782e-2, 2.0000392156862754e-2, 2.0000058823529416e-2, 2.000013725490191e-2, 2.0000490196078427e-2, 1.9999666666666662e-2, 2.000035294117645e-2, 2.00003137254902e-2, 1.999964705882355e-2, -2.0000372549019586e-2, 1.9999803921568627e-2, 0.0, 0.0, 0.0, 0.0, 0.0 ], [ -2.0e-2, -2.0e-2, 0.0, 3.92156862745098e-3, 0.0, -1.999992156862745e-2, 2.0000058823529395e-2, 1.9999529411764687e-2, 1.9999509803921563e-2, 2.0000392156862754e-2, 2.000011764705883e-2, 2.0000392156862754e-2, 1.99996862745098e-2, 1.9999627450980415e-2, 1.999988235294116e-2, 1.9999666666666662e-2, 2.000045098039218e-2, 1.9999803921568606e-2, 2.0000294117647067e-2, -1.9999980392156853e-2, -1.9999588235294123e-2, 1.9999666666666673e-2, 2.000005882352946e-2, 1.9999843137254898e-2, 0.0, 0.0, -2.0e-2, -2.0e-2 ], [ -2.0e-2, -2.0e-2, 0.0, 3.92156862745098e-3, 2.0000117647058824e-2, 1.9999549019607855e-2, 1.999964705882354e-2, -2.0000176470588226e-2, 1.999986274509805e-2, 1.999958823529413e-2, 1.9999725490196088e-2, -1.9999843137254905e-2, 2.000043137254902e-2, 2.000039215686274e-2, 2.0000215686274504e-2, 2.0000215686274504e-2, 2.0000098039215698e-2, 1.9999843137254898e-2, 1.999986274509805e-2, 2.0000254901960782e-2, -1.9999686274509793e-2, 2.0000156862745096e-2, 2.0000137254901972e-2, 2.0000254901960782e-2, 2.0000333333333332e-2, 0.0, 0.0, -2.0e-2 ], [ 0.0, 0.0, 0.0, 0.0, 1.9999764705882366e-2, 1.9999843137254898e-2, 1.9999549019607855e-2, 2.000011764705882e-2, 2.0000352941176493e-2, 1.9999627450980415e-2, 1.9999627450980415e-2, 2.0000333333333314e-2, -2.0000372549019586e-2, -1.9999941176470606e-2, -1.999996078431373e-2, -1.9999647058823507e-2, -2.0000137254901965e-2, 2.0000490196078427e-2, 2.000043137254901e-2, 1.9999549019607887e-2, 1.999952941176473e-2, 1.9999607843137236e-2, 1.9999784313725472e-2, 2.0000137254901972e-2, 1.9999843137254898e-2, 0.0, 0.0, -2.0e-2 ], [ 0.0, 0.0, -2.0e-2, 0.0, 1.999998039215686e-2, 2.0000156862745096e-2, 1.9999941176470585e-2, 1.9999725490196102e-2, 1.9999941176470585e-2, 2.0000058823529395e-2, 2.000000000000002e-2, 1.9999627450980415e-2, 2.0000058823529395e-2, 1.9999784313725472e-2, 1.9999941176470585e-2, 2.0000215686274504e-2, 1.9999901960784338e-2, 1.999988235294116e-2, 2.0000235294117628e-2, 2.0000039215686268e-2, 2.000015686274508e-2, 2.0000058823529395e-2, 2.0000215686274504e-2, 2.0000137254901972e-2, 2.000039215686274e-2, 1.9999686274509803e-2, 0.0, 0.0 ], [ 0.0, 0.0, 0.0, 0.0, 1.9999784313725472e-2, 2.0000156862745096e-2, 2.0000098039215698e-2, 2.0000019607843145e-2, 2.0000215686274504e-2, 1.999952941176473e-2, 1.9999725490196088e-2, 2.0000156862745096e-2, 2.000043137254902e-2, 2.0000137254901972e-2, 1.999998039215686e-2, 1.9999549019607855e-2, 2.000000000000001e-2, 2.000043137254902e-2, 1.9999843137254898e-2, 2.000043137254902e-2, 1.9999549019607855e-2, 2.0000490196078427e-2, 1.9999862745098032e-2, 2.0000274509803934e-2, -1.999962745098038e-2, -1.999966666666667e-2, 0.0, 0.0 ], [ 0.0, 0.0, 0.0, 0.0, 2.0000235294117628e-2, 2.0000254901960782e-2, 1.999986274509805e-2, 2.000035294117645e-2, 1.99996862745098e-2, 1.999962745098039e-2, 1.9999764705882366e-2, 1.9999882352941173e-2, 1.9999607843137254e-2, 2.0000333333333332e-2, 1.9999745098039215e-2, 1.9999607843137254e-2, 2.0000470588235293e-2, 2.000031372549021e-2, 2.000031372549021e-2, 1.999958823529413e-2, 1.9999745098039215e-2, 2.0000215686274504e-2, 1.999988235294116e-2, 1.9999823529411775e-2, 2.000039215686274e-2, 1.9999960784313726e-2, 0.0, 0.0 ], [ 0.0, 0.0, 0.0, 0.0, 1.9999882352941173e-2, 1.999962745098039e-2, 2.0000333333333332e-2, 1.9999784313725438e-2, 1.9999529411764697e-2, 1.9999607843137254e-2, 2.0000156862745096e-2, 2.0000156862745096e-2, 2.000000000000001e-2, 2.0000137254901972e-2, -1.9999607843137257e-2, 2.0000274509803934e-2, 1.9999705882352937e-2, 2.0000274509803934e-2, 2.000043137254902e-2, 2.000000000000001e-2, 1.9999843137254898e-2, 2.0000098039215663e-2, 2.0000254901960765e-2, 1.9999705882352937e-2, 1.999952941176473e-2, -2.000001960784314e-2, 0.0, 0.0 ], [ 0.0, 0.0, 0.0, 2.0000470588235293e-2, 2.0e-2, 1.999954901960782e-2, 2.0000098039215687e-2, 2.00003137254902e-2, 2.0000333333333283e-2, 2.0000019607843145e-2, 2.0000039215686268e-2, 1.9999941176470585e-2, 1.9999941176470585e-2, 1.999950980392155e-2, 2.0000235294117628e-2, 1.9999823529411775e-2, 1.999950980392155e-2, 2.0000215686274504e-2, 1.999964705882354e-2, 2.0000039215686268e-2, 1.999956862745099e-2, 2.0000215686274473e-2, 2.0000215686274504e-2, 1.9999764705882366e-2, 1.9999803921568606e-2, -2.000035294117645e-2, 0.0, 0.0 ], [ 0.0, 0.0, 0.0, 1.1764705882352941e-2, 2.0000372549019617e-2, 2.0000352941176493e-2, 1.9999647058823528e-2, 2.0000392156862765e-2, 1.9999764705882314e-2, 1.9999921568627416e-2, 2.0000254901960765e-2, 2.000045098039218e-2, 2.0000352941176493e-2, 1.9999941176470585e-2, -1.9999607843137257e-2, 2.0000254901960782e-2, 1.999950980392155e-2, 2.0000333333333314e-2, 1.999984313725491e-2, 2.000000000000002e-2, 2.0000137254901955e-2, 1.9999803921568672e-2, 1.9999862745098032e-2, 2.000011764705882e-2, 2.0000274509803934e-2, -1.9999764705882352e-2, 0.0, 0.0 ], [ 0.0, 0.0, 0.0, 1.1764705882352941e-2, 2.000049019607843e-2, 1.9999607843137254e-2, -1.999980392156863e-2, 2.000045098039218e-2, 2.0000372549019627e-2, 1.999964705882354e-2, 2.000045098039218e-2, 1.999964705882354e-2, 1.999952941176473e-2, 1.999952941176473e-2, 1.9999823529411775e-2, 1.9999549019607855e-2, 2.0000254901960782e-2, 2.000039215686274e-2, 2.0000333333333314e-2, 2.0000176470588257e-2, 1.9999901960784338e-2, 1.9999882352941173e-2, -1.9999686274509793e-2, -2.000037254901961e-2, 1.9999647058823528e-2, 2.0000117647058824e-2, 0.0, 0.0 ], [ -2.0e-2, 0.0, 0.0, 0.0, 0.0, 0.0, -2.0e-2, 0.0, 1.9999862745098032e-2, 1.9999843137254898e-2, 1.9999823529411775e-2, 2.0000019607843134e-2, 2.0000039215686286e-2, 1.999958823529413e-2, 2.0000156862745096e-2, 1.9999607843137254e-2, 2.0000039215686286e-2, 2.000031372549021e-2, 1.9999725490196088e-2, 2.0000156862745096e-2, 2.0000098039215698e-2, 1.1764705882352941e-2, -2.0e-2, -2.0e-2, 0.0, 0.0, 0.0, 0.0 ], [ 0.0, 0.0, -2.0e-2, 7.84313725490196e-3, 3.92156862745098e-3, 3.92156862745098e-3, 3.92156862745098e-3, 0.0, 1.9999549019607866e-2, 1.999956862745099e-2, 2.0000039215686268e-2, 2.000043137254902e-2, 1.999986274509805e-2, 2.000043137254902e-2, -1.9999686274509793e-2, 1.9999745098039215e-2, 1.9999725490196088e-2, 2.0000137254901972e-2, 1.9999843137254898e-2, 2.0000058823529395e-2, 2.0000333333333314e-2, 1.9999529411764704e-2, 3.92156862745098e-3, -2.000029411764706e-2, 3.92156862745098e-3, 3.92156862745098e-3, 0.0, 0.0 ], [ 0.0, 0.0, 0.0, -2.000043137254902e-2, 0.0, 3.92156862745098e-3, 0.0, 3.92156862745098e-3, 1.9999941176470585e-2, 1.9999627450980426e-2, 1.999996078431372e-2, 1.9999901960784338e-2, 1.999988235294116e-2, 1.9999745098039225e-2, -1.4627392156862764e-2, 1.9999901960784338e-2, 1.9999607843137236e-2, 2.000000000000002e-2, 1.9999745098039225e-2, 1.9999509803921563e-2, 2.0000411764705878e-2, 1.9999960784313726e-2, 0.0, 3.92156862745098e-3, 3.92156862745098e-3, 0.0, 0.0, 0.0 ], [ 0.0, 0.0, 0.0, 0.0, 3.92156862745098e-3, 0.0, 0.0, -2.000043137254902e-2, 1.999998039215686e-2, 2.000045098039218e-2, 2.0000372549019617e-2, 2.0000254901960782e-2, 2.0000098039215698e-2, 2.000039215686274e-2, 1.9999843137254898e-2, 1.9999843137254898e-2, 1.999998039215686e-2, 2.0000352941176493e-2, 1.999950980392155e-2, 1.999988235294116e-2, 2.000015686274508e-2, 1.9999686274509803e-2, 3.92156862745098e-3, 7.84313725490196e-3, 0.0, 0.0, 0.0, 0.0 ], [ 0.0, 0.0, 0.0, -2.0e-2, 0.0, 3.92156862745098e-3, 0.0, 0.0, 2.000039215686274e-2, 2.000039215686274e-2, 1.9999843137254898e-2, 1.9999705882352937e-2, 1.9999549019607855e-2, 1.9999705882352937e-2, 1.999998039215686e-2, 2.000011764705882e-2, 1.9999843137254898e-2, 2.000011764705882e-2, 1.999958823529413e-2, 1.999998039215686e-2, -1.9999901960784303e-2, 1.96078431372549e-2, 3.92156862745098e-3, 3.92156862745098e-3, 3.92156862745098e-3, 0.0, 0.0, 0.0 ], [ -2.0e-2, 0.0, 0.0, -2.0e-2, 0.0, 3.92156862745098e-3, 0.0, 0.0, 2.000045098039218e-2, 1.999976470588235e-2, 2.000039215686274e-2, 2.000043137254902e-2, 1.999998039215686e-2, 2.0000019607843134e-2, 2.0000019607843134e-2, 2.000031372549021e-2, 2.000031372549021e-2, 2.0000274509803934e-2, 2.000043137254902e-2, 2.0000254901960782e-2, 1.999984313725491e-2, 1.96078431372549e-2, 0.0, 3.92156862745098e-3, 0.0, 0.0, 0.0, 0.0 ], [ 0.0, 0.0, 0.0, 0.0, 0.0, 0.0, 0.0, 0.0, 2.0000352941176493e-2, 1.9999901960784293e-2, 1.9999666666666673e-2, 1.999956862745099e-2, 1.9999549019607866e-2, -9.003980392156854e-3, 1.9999607843137236e-2, 2.0000333333333314e-2, 1.9999607843137236e-2, 1.999984313725491e-2, 2.0000411764705878e-2, 1.999984313725491e-2, 2.0000019607843103e-2, 1.9999529411764704e-2, 0.0, 3.92156862745098e-3, -2.0e-2, 0.0, 0.0, 0.0 ], [ 0.0, 0.0, -2.0e-2, 0.0, 0.0, 0.0, 3.92156862745098e-3, 0.0, 2.0000274509803934e-2, 2.0000019607843145e-2, 2.0000176470588257e-2, 2.000000000000002e-2, 2.0000294117647067e-2, 1.9999862745098032e-2, 2.000015686274508e-2, 2.000045098039218e-2, 2.0000039215686268e-2, 1.9999607843137236e-2, 2.0000039215686268e-2, 1.999950980392155e-2, 2.0000039215686268e-2, 2.0000098039215687e-2, 0.0, 7.84313725490196e-3, -2.0e-2, 0.0, -2.0e-2, -2.0e-2 ], [ 0.0, 0.0, 0.0, 0.0, 0.0, 0.0, 3.92156862745098e-3, 0.0, 1.999950980392155e-2, 1.999976470588235e-2, 1.9999705882352937e-2, 2.000039215686274e-2, 1.9999705882352937e-2, 1.999998039215686e-2, 1.9999705882352937e-2, 2.0000274509803934e-2, 2.000043137254902e-2, 2.000043137254902e-2, 2.000000000000001e-2, 2.0000137254901972e-2, 1.9999784313725472e-2, 1.9999509803921567e-2, 0.0, 7.84313725490196e-3, -2.0e-2, 0.0, -2.0e-2, -2.0e-2 ], [ 0.0, 0.0, 0.0, 0.0, -2.0e-2, -2.0e-2, -2.0e-2, 0.0, 1.9999529411764687e-2, 2.0000196078431395e-2, 1.9999745098039225e-2, 2.0000137254901955e-2, 1.9999745098039225e-2, 1.9999725490196102e-2, 2.0000333333333314e-2, 1.9999627450980415e-2, 2.0000352941176493e-2, 1.999988235294116e-2, 1.9999745098039225e-2, 1.9999862745098032e-2, 1.9999784313725483e-2, -1.999992156862745e-2, -2.0e-2, 7.84313725490196e-3, 0.0, 0.0, 0.0, 0.0 ], [ 0.0, -2.0e-2, 0.0, 0.0, 0.0, -2.0e-2, -2.0e-2, 0.0, 2.0000254901960765e-2, 1.9999627450980426e-2, 2.000035294117645e-2, 1.9999784313725483e-2, 2.000007843137253e-2, 1.9999627450980426e-2, 1.9999549019607866e-2, 2.0000274509803944e-2, 2.000011764705883e-2, 2.000023529411764e-2, 2.000023529411764e-2, 2.000023529411764e-2, 1.9999529411764687e-2, 1.9999529411764704e-2, -2.0e-2, 1.1764705882352941e-2, 0.0, 0.0, -2.0e-2, -2.0e-2 ], [ 0.0, -2.0e-2, 0.0, 3.92156862745098e-3, 0.0, -2.0e-2, -2.000043137254902e-2, -2.0e-2, 2.0000372549019617e-2, 2.0000019607843145e-2, 2.000011764705883e-2, 1.999984313725491e-2, 1.9999725490196102e-2, 1.999964705882355e-2, 2.0000254901960765e-2, 2.0000176470588257e-2, 1.999984313725491e-2, 1.999988235294116e-2, 2.000045098039218e-2, 1.999988235294116e-2, 1.9999784313725472e-2, 2.000041176470588e-2, -2.000043137254902e-2, 7.84313725490196e-3, 0.0, 0.0, -2.0e-2, -2.0e-2 ], [ 0.0, -2.0e-2, 0.0, 0.0, 0.0, -2.0e-2, -2.0e-2, -2.0e-2, 2.0000254901960765e-2, 2.0000411764705878e-2, 2.0000215686274504e-2, 1.9999823529411775e-2, 1.999976470588235e-2, 2.0000490196078427e-2, 2.0000333333333314e-2, 1.9999843137254898e-2, 1.999950980392155e-2, 2.0000235294117628e-2, 2.0000098039215698e-2, 2.0000215686274504e-2, 2.0000411764705878e-2, 1.9999686274509803e-2, -2.0e-2, 7.84313725490196e-3, 3.92156862745098e-3, 0.0, -2.0e-2, 0.0 ], [ -2.0e-2, -2.0e-2, 0.0, -2.0e-2, 0.0, -2.0e-2, 0.0, -2.0e-2, 1.9999666666666673e-2, 2.0000019607843103e-2, 1.9999627450980426e-2, 2.00003137254902e-2, 2.000005882352946e-2, 2.000007843137253e-2, 2.0000372549019627e-2, 1.99996862745098e-2, 1.9999901960784293e-2, 1.9999803921568606e-2, 2.0000392156862754e-2, 2.0000176470588268e-2, 2.0000176470588268e-2, 1.9999823529411764e-2, 0.0, 3.92156862745098e-3, 0.0, -2.0e-2, 0.0, -2.0e-2 ], [ 0.0, -2.0e-2, -2.0e-2, 0.0, -2.0e-2, -2.0e-2, 3.92156862745098e-3, -2.0e-2, -2.000029411764706e-2, 2.0000039215686286e-2, 2.0000137254901972e-2, 2.0000352941176493e-2, 2.0000019607843134e-2, 1.999998039215686e-2, 2.000031372549021e-2, 1.9999725490196088e-2, 2.000000000000001e-2, 2.0000333333333332e-2, 2.0000333333333332e-2, 1.9999764705882366e-2, 1.9999960784313726e-2, -2.0e-2, -2.000043137254902e-2, -2.0e-2, -2.0e-2, -2.0e-2, -2.0e-2, -2.0e-2 ] ]
  robust!36 [......................................................] 0/9 queries
  robust!36 [======>...............................................] 1/9 queries
  robust!36 [============>.........................................] 2/9 queries
  robust!36 [==================>...................................] 3/9 queries
  robust!36 [========================>.............................] 4/9 queries
  robust!36 [==============================>.......................] 5/9 queries
  robust!36 [====================================>.................] 6/9 queries
  robust!36 [==========================================>...........] 7/9 queries
  robust!36 [================================================>.....] 8/9 queries
  robust!36 [======================================================] 9/9 queries
  robust!37 [......................................................] 0/9 queries
  robust!37 [======>...............................................] 1/9 queries
  robust!37 [============>.........................................] 2/9 queries
  robust!37 [==================>...................................] 3/9 queries
  robust!37 [========================>.............................] 4/9 queries
  robust!37 [==============================>.......................] 5/9 queries
  robust!37 [====================================>.................] 6/9 queries
  robust!37 [==========================================>...........] 7/9 queries
  robust!37 [================================================>.....] 8/9 queries
  robust!37 [======================================================] 9/9 queries
  robust!38 [......................................................] 0/9 queries
  robust!38 [======>...............................................] 1/9 queries
  robust!38 [============>.........................................] 2/9 queries
  robust!38 [==================>...................................] 3/9 queries
  robust!38 [========================>.............................] 4/9 queries
  robust!38 [==============================>.......................] 5/9 queries
  robust!38 [====================================>.................] 6/9 queries
    result: 🗸 - Marabou proved no counterexample exists
    result: 🗸 - Marabou proved no counterexample exists

    result: ✗ - Marabou found a counterexample
      perturbation: [ [ 0.0, 0.0, 0.0, 0.0, 0.0, 0.0, 0.0, 0.0, 0.0, 0.0, 0.0, 0.0, 0.0, 0.0, 0.0, 0.0, 0.0, 0.0, 0.0, 0.0, 0.0, 0.0, 0.0, 0.0, 0.0, 0.0, 0.0, 0.0 ], [ 0.0, 0.0, 0.0, 0.0, 0.0, 0.0, 0.0, 0.0, 0.0, 0.0, 0.0, 0.0, 0.0, 0.0, 0.0, 0.0, 0.0, 0.0, 0.0, 0.0, 0.0, 0.0, 0.0, 0.0, 0.0, 0.0, 0.0, 0.0 ], [ -2.0e-2, 0.0, 0.0, 0.0, 0.0, 0.0, -2.0e-2, -2.0e-2, 0.0, 0.0, 0.0, 0.0, 0.0, 0.0, 0.0, 0.0, 0.0, 0.0, 0.0, 0.0, 0.0, 0.0, 0.0, 0.0, 0.0, 0.0, 0.0, 0.0 ], [ -2.0e-2, 0.0, -2.0e-2, 0.0, 0.0, 0.0, 0.0, 0.0, -2.0e-2, 0.0, 0.0, 0.0, 0.0, 0.0, 0.0, 0.0, 0.0, 0.0, 0.0, -2.0e-2, 0.0, 0.0, -2.0e-2, 0.0, 0.0, 0.0, 0.0, 0.0 ], [ 0.0, 0.0, 0.0, 0.0, 0.0, 0.0, 0.0, 0.0, 0.0, 0.0, 0.0, 0.0, 0.0, 0.0, 0.0, 0.0, 0.0, 0.0, 0.0, 0.0, 0.0, 0.0, 0.0, -2.0e-2, 0.0, 0.0, 0.0, 0.0 ], [ 0.0, 0.0, 0.0, 0.0, 0.0, 0.0, -2.0e-2, 0.0, 0.0, 0.0, 0.0, 0.0, 0.0, 0.0, 0.0, 0.0, 0.0, 0.0, 0.0, 0.0, 0.0, 0.0, 0.0, 0.0, 0.0, 0.0, 0.0, 0.0 ], [ 0.0, 0.0, 0.0, 0.0, 0.0, 0.0, -2.0e-2, 0.0, 0.0, 0.0, 0.0, 0.0, 0.0, 0.0, 0.0, 0.0, 0.0, 0.0, 0.0, 0.0, 0.0, 0.0, 0.0, -2.0e-2, 0.0, 0.0, 0.0, 0.0 ], [ 0.0, 0.0, 0.0, 0.0, 0.0, 0.0, 0.0, 0.0, 0.0, 0.0, 0.0, 0.0, 0.0, 3.92156862745098e-3, 0.0, 0.0, 0.0, 1.9999607843137302e-2, 0.0, 0.0, 0.0, 0.0, 3.92156862745098e-3, 7.84313725490196e-3, 1.1764705882352941e-2, 1.568627450980392e-2, 1.96078431372549e-2, 7.84313725490196e-3 ], [ 0.0, 0.0, 0.0, 0.0, 0.0, 0.0, 0.0, 0.0, 0.0, 0.0, -2.0e-2, 0.0, 0.0, -2.0e-2, 0.0, 2.0000333333333314e-2, 2.0000176470588226e-2, 2.0000313725490226e-2, 2.0000333333333325e-2, 0.0, 2.0000392156862744e-2, 1.1764705882352941e-2, -2.000043137254902e-2, 0.0, 0.0, 0.0, 0.0, 0.0 ], [ 0.0, 0.0, 0.0, 0.0, 0.0, 0.0, 0.0, 0.0, 0.0, 3.92156862745098e-3, 1.1764705882352941e-2, 0.0, 0.0, 0.0, 1.999990196078436e-2, 2.0000039215686247e-2, 1.999980392156863e-2, 1.9999921568627437e-2, 1.9999549019607887e-2, 0.0, 0.0, -2.0e-2, -2.0e-2, 0.0, -2.000045098039218e-2, 1.9999803921568606e-2, 1.9999823529411775e-2, 0.0 ], [ 0.0, 0.0, 0.0, 0.0, 0.0, 0.0, 7.84313725490196e-3, 3.92156862745098e-3, 0.0, 0.0, 0.0, 0.0, 1.9999901960784293e-2, 2.0e-2, 2.000033333333335e-2, 1.999950980392153e-2, 1.9999960784313688e-2, 1.999968627450982e-2, 1.9999862745098067e-2, 1.9999529411764697e-2, 1.9999980392156842e-2, 2.000045098039218e-2, -2.0000019607843145e-2, 2.0000254901960786e-2, 2.000017647058818e-2, 2.0000156862745103e-2, 2.0000098039215663e-2, 1.9999784313725438e-2 ], [ 3.92156862745098e-3, 0.0, -1.999986274509804e-2, -1.9999725490196078e-2, 3.92156862745098e-3, 0.0, 0.0, 0.0, 0.0, -2.0e-2, 1.9999784313725483e-2, 2.000017647058818e-2, 1.9999901960784314e-2, 2.000021568627454e-2, 1.999994117647056e-2, 2.000021568627454e-2, 2.0000431372548966e-2, 1.9999862745098e-2, 2.000039215686272e-2, 2.0e-2, 2.0e-2, 2.0e-2, 1.999976470588238e-2, 1.9999666666666697e-2, 1.999968627450982e-2, 1.999950980392153e-2, 3.92156862745098e-3, 1.9999784313725472e-2 ], [ -1.999986274509804e-2, 1.568627450980392e-2, 0.0, 0.0, 0.0, 0.0, -2.0e-2, 2.000045098039217e-2, 1.9999627450980426e-2, 2.0e-2, 1.999988235294119e-2, 2.0000352941176473e-2, 1.9999529411764652e-2, 1.9999666666666697e-2, 2.0000039215686247e-2, 1.9999647058823507e-2, 2.0000392156862765e-2, 2.000001960784317e-2, 1.9999843137254877e-2, 2.0000000000000046e-2, 2.0000000000000046e-2, 1.9999862745098e-2, 2.0000431372548966e-2, 2.0000235294117662e-2, 2.0000490196078406e-2, 2.0e-2, 2.0000019607843134e-2, -2.0e-2 ], [ 0.0, 0.0, 0.0, 1.9999509803921567e-2, 1.9999784313725472e-2, -2.0000254901960765e-2, -2.000007843137256e-2, -2.0000098039215687e-2, 2.0000156862745058e-2, 1.999962745098034e-2, 2.0000117647058852e-2, 1.9999549019607887e-2, 1.999956862745101e-2, 1.9999823529411754e-2, 1.9999607843137257e-2, 2.0000215686274504e-2, 2.0000000000000046e-2, 2.0000411764705843e-2, 1.9999549019607887e-2, 1.9999784313725507e-2, 2.000005882352937e-2, 1.9999607843137215e-2, 2.000017647058818e-2, 2.0000313725490226e-2, 2.000039215686272e-2, 1.9999588235294092e-2, 2.0000333333333314e-2, -2.0e-2 ], [ 0.0, 1.99996862745098e-2, 1.9999843137254877e-2, 1.999962745098034e-2, 1.9999745098039257e-2, -1.9999960784313753e-2, -2.0000235294117617e-2, 1.9999784313725507e-2, 1.9999647058823573e-2, 2.0000372549019596e-2, 2.000009803921573e-2, 2.0000176470588226e-2, 1.9999921568627482e-2, 2.0000235294117662e-2, 2.0000039215686227e-2, 2.000047058823526e-2, 2.0000156862745103e-2, 2.0000039215686292e-2, 2.000019607843135e-2, 2.0000215686274473e-2, 2.0000313725490156e-2, 2.0000137254901976e-2, 1.9999607843137257e-2, 1.9999725490196067e-2, 2.0000000000000046e-2, 2.0000431372549032e-2, 2.0000294117647078e-2, 0.0 ], [ 1.999984313725491e-2, 2.0e-2, 2.0000039215686247e-2, 1.9999784313725507e-2, 1.9999921568627437e-2, -1.9999784313725462e-2, 2.0000490196078406e-2, 1.9999921568627437e-2, 1.9999647058823573e-2, 1.999994117647056e-2, 1.9999647058823573e-2, 2.0000254901960786e-2, 2.0000333333333283e-2, 1.9999588235294134e-2, 1.9999980392156853e-2, 2.00003137254902e-2, 2.0000019607843103e-2, 2.0000058823529416e-2, 1.9999862745098e-2, 2.0000372549019596e-2, 2.000005882352937e-2, 2.0000372549019596e-2, 2.0000078431372494e-2, 1.999994117647056e-2, 2.0000313725490226e-2, 2.0000156862745058e-2, 1.9999980392156853e-2, 0.0 ], [ 1.999970588235299e-2, 2.0e-2, 1.9999901960784314e-2, 2.0000490196078406e-2, 2.000009803921573e-2, -1.999990196078427e-2, -1.999990196078427e-2, 1.999968627450982e-2, 2.0000117647058852e-2, 2.0000000000000046e-2, -1.9999941176470585e-2, 1.9999941176470606e-2, 1.9999882352941124e-2, 2.000039215686272e-2, 1.9999647058823573e-2, 1.999980392156863e-2, 1.999962745098034e-2, 2.0e-2, 2.0e-2, 2.0e-2, 2.0000490196078406e-2, 2.0000117647058852e-2, 1.999990196078436e-2, 1.9999745098039236e-2, 1.9999588235294113e-2, 2.000019607843137e-2, 2.0000156862745096e-2, 0.0 ], [ 2.0000352941176493e-2, 1.99996862745098e-2, 2.000001960784317e-2, 2.0000470588235283e-2, 2.0000019607843124e-2, -2.000025490196074e-2, -1.999966666666665e-2, -1.9999921568627507e-2, 2.0000235294117662e-2, 2.000033333333335e-2, 2.0000313725490226e-2, 2.0e-2, 2.0e-2, 2.0000352941176473e-2, 1.9999607843137257e-2, 2.0000215686274518e-2, 2.000011764705882e-2, 1.999978431372549e-2, 1.999954901960784e-2, 0.0, 0.0, 0.0, 0.0, 0.0, 0.0, 1.9999803921568627e-2, -1.999954901960782e-2, 1.9999960784313726e-2 ], [ 2.000039215686274e-2, 2.0000372549019617e-2, 0.0, 2.0000176470588247e-2, 1.999992156862746e-2, 2.000007843137253e-2, 2.000025490196083e-2, 1.9999941176470606e-2, 1.9999686274509754e-2, 1.9999607843137302e-2, 2.0000098039215708e-2, 2.0000352941176493e-2, 1.9999509803921567e-2, 0.0, 0.0, 0.0, 0.0, 1.568627450980392e-2, 7.84313725490196e-3, 2.0000372549019606e-2, 1.9999725490196102e-2, 2.000035294117645e-2, 1.9999823529411785e-2, 1.9999999999999976e-2, 1.999996078431372e-2, -2.00001568627451e-2, -1.999954901960782e-2, -2.0000137254901948e-2 ], [ -2.0e-2, -1.9999607843137257e-2, 2.0000490196078427e-2, 2.000049019607843e-2, 2.0000392156862744e-2, 0.0, 0.0, 0.0, 0.0, 0.0, 0.0, 0.0, 1.9999823529411764e-2, 1.9999764705882366e-2, 2.000045098039217e-2, 2.0000294117647057e-2, 1.9999705882352937e-2, 2.000043137254902e-2, 1.999986274509805e-2, 2.0000274509803934e-2, 1.999950980392155e-2, 2.000043137254902e-2, 1.999998039215686e-2, 2.0000372549019617e-2, 2.000011764705882e-2, -2.0000254901960775e-2, 1.9999529411764687e-2, 1.9999980392156863e-2 ], [ 0.0, 0.0, 0.0, 1.9999980392156863e-2, 1.999962745098039e-2, 2.000031372549021e-2, 1.999956862745098e-2, 2.000031372549021e-2, 2.000031372549021e-2, 1.999958823529413e-2, 1.9999901960784324e-2, 2.000045098039217e-2, 2.0000294117647057e-2, 1.999992156862745e-2, 2.000049019607843e-2, 1.999962745098039e-2, 2.0000078431372546e-2, 1.9999803921568627e-2, 2.0000215686274508e-2, 2.0000254901960782e-2, 1.96078431372549e-2, 0.0, 2.0000470588235293e-2, -2.0000313725490184e-2, 2.000041176470589e-2, -1.9999686274509793e-2, -2.0e-2, -2.0e-2 ], [ 0.0, 0.0, 0.0, 0.0, 0.0, 0.0, 0.0, 0.0, 0.0, 0.0, 0.0, 0.0, 0.0, 0.0, 0.0, 0.0, 0.0, 0.0, 0.0, 0.0, 0.0, 0.0, 0.0, 0.0, 0.0, -1.2525e-2, 0.0, 0.0 ], [ 0.0, 0.0, 0.0, 0.0, 0.0, 0.0, 0.0, 0.0, 0.0, 0.0, 0.0, 0.0, 0.0, 0.0, 0.0, 0.0, 0.0, 0.0, 0.0, 0.0, 0.0, 0.0, 0.0, 0.0, 0.0, 0.0, 0.0, 0.0 ], [ -2.0e-2, 0.0, 0.0, 0.0, 0.0, 0.0, 0.0, 0.0, 0.0, 0.0, 0.0, 0.0, 0.0, 0.0, 0.0, 0.0, 0.0, 0.0, 0.0, -2.0e-2, 0.0, 0.0, 0.0, 0.0, 0.0, 0.0, 0.0, 0.0 ], [ -2.0e-2, 0.0, 0.0, 0.0, 0.0, 0.0, 0.0, 0.0, 0.0, 0.0, 0.0, 0.0, 0.0, 0.0, 0.0, 0.0, 0.0, 0.0, 0.0, 0.0, 0.0, 0.0, 0.0, 0.0, 0.0, 0.0, 0.0, 0.0 ], [ -2.0e-2, 0.0, 0.0, 0.0, 0.0, 0.0, 0.0, 0.0, 0.0, 0.0, 0.0, 0.0, 0.0, 0.0, 0.0, 0.0, 0.0, 0.0, 0.0, 0.0, 0.0, 0.0, 0.0, 0.0, 0.0, 0.0, 0.0, 0.0 ], [ -2.0e-2, -2.0e-2, 0.0, 0.0, 0.0, 0.0, 0.0, 0.0, 0.0, 0.0, 0.0, 0.0, 0.0, 0.0, 0.0, 0.0, 0.0, 0.0, 0.0, 0.0, 0.0, 0.0, 0.0, 0.0, 0.0, 0.0, 0.0, 0.0 ], [ -2.0e-2, -2.0e-2, 0.0, 0.0, 0.0, 0.0, 0.0, 0.0, 0.0, 0.0, 0.0, 0.0, 0.0, 0.0, 0.0, 0.0, 0.0, 0.0, 0.0, 0.0, 0.0, 0.0, 0.0, -2.0e-2, 0.0, 0.0, 0.0, 0.0 ] ]
  robust!39 [......................................................] 0/9 queries
  robust!39 [======>...............................................] 1/9 queries
  robust!39 [============>.........................................] 2/9 queries
  robust!39 [==================>...................................] 3/9 queries
  robust!39 [========================>.............................] 4/9 queries
  robust!39 [==============================>.......................] 5/9 queries
  robust!39 [====================================>.................] 6/9 queries
  robust!39 [==========================================>...........] 7/9 queries
    result: ✗ - Marabou found a counterexample
      perturbation: [ [ 0.0, 0.0, 0.0, 0.0, 0.0, 0.0, 0.0, 0.0, 0.0, 0.0, 0.0, 0.0, 0.0, 0.0, 0.0, 0.0, 0.0, 0.0, 0.0, 0.0, 0.0, 0.0, 0.0, 0.0, 0.0, 0.0, 0.0, 0.0 ], [ 0.0, 0.0, 0.0, 0.0, 0.0, 0.0, 0.0, 0.0, 0.0, 0.0, 0.0, 0.0, 0.0, 0.0, 0.0, 0.0, 0.0, 0.0, 0.0, 0.0, 0.0, 0.0, 0.0, 0.0, 0.0, 0.0, 0.0, 0.0 ], [ 0.0, 0.0, 0.0, 0.0, 0.0, 0.0, 0.0, 0.0, 0.0, 0.0, 0.0, 0.0, 0.0, 0.0, 0.0, 0.0, 0.0, 0.0, 0.0, 0.0, 0.0, 0.0, 0.0, 0.0, 0.0, 0.0, 0.0, 0.0 ], [ 0.0, 0.0, 0.0, 0.0, 0.0, 0.0, 0.0, 0.0, 0.0, 0.0, 0.0, 0.0, 0.0, 0.0, 0.0, 0.0, 0.0, 0.0, 0.0, 0.0, 0.0, 0.0, 0.0, 0.0, 0.0, 0.0, 0.0, 0.0 ], [ 0.0, 0.0, 0.0, 0.0, 0.0, 0.0, 0.0, 0.0, 0.0, 0.0, 0.0, 0.0, 0.0, 0.0, 7.84313725490196e-3, 0.0, 0.0, 1.9999999999999976e-2, 2.0000294117647078e-2, 0.0, 0.0, 0.0, 0.0, 0.0, 0.0, 0.0, 0.0, 0.0 ], [ 0.0, 0.0, 0.0, 0.0, 0.0, 0.0, 0.0, 0.0, 0.0, 0.0, 0.0, 0.0, 0.0, 0.0, 1.96078431372549e-2, 0.0, 2.0000392156862765e-2, 1.9999843137254877e-2, 2.0000176470588226e-2, 2.0000411764705878e-2, 1.9999509803921567e-2, 0.0, 0.0, 0.0, 0.0, 2.0000470588235293e-2, 0.0, 0.0 ], [ 0.0, 0.0, 0.0, 0.0, 0.0, 0.0, 0.0, 0.0, 0.0, 0.0, 0.0, 0.0, 0.0, 0.0, 3.92156862745098e-3, 0.0, 1.9999529411764687e-2, 2.000009803921573e-2, 1.9999803921568672e-2, 1.999956862745101e-2, 1.9999607843137215e-2, 2.0000117647058852e-2, 2.0000156862745103e-2, 2.0000058823529416e-2, 2.00004509803922e-2, 2.000027450980391e-2, 2.0000372549019606e-2, 0.0 ], [ 0.0, 0.0, 0.0, 0.0, 0.0, 0.0, 0.0, 0.0, 0.0, 0.0, 0.0, 0.0, 0.0, 3.92156862745098e-3, 0.0, 0.0, 1.9999666666666697e-2, 2.000039215686272e-2, 2.0000333333333283e-2, 2.0000470588235324e-2, 1.9999862745098e-2, 2.0000000000000046e-2, 2.000027450980391e-2, 1.9999549019607887e-2, 2.000027450980391e-2, 1.999998039215681e-2, 1.9999745098039225e-2, 0.0 ], [ 0.0, 0.0, 0.0, 0.0, 0.0, 0.0, 0.0, 0.0, 0.0, 0.0, 0.0, 0.0, 0.0, 7.84313725490196e-3, 0.0, 0.0, 1.9999862745098e-2, 1.9999843137254877e-2, 2.0000058823529416e-2, 2.0000411764705843e-2, 2.0000431372548966e-2, 1.9999588235294134e-2, 2.0000411764705843e-2, 2.0000117647058852e-2, 1.9999529411764652e-2, 1.999956862745101e-2, 2.0000137254901955e-2, 1.999964705882354e-2 ], [ 0.0, 0.0, 0.0, 0.0, 0.0, 0.0, 0.0, 0.0, 0.0, 0.0, 0.0, 0.0, 0.0, 3.92156862745098e-3, 0.0, 2.0000294117647078e-2, 1.999994117647056e-2, 1.999974509803919e-2, 1.9999784313725438e-2, 2.0000294117647033e-2, 1.9999823529411754e-2, 1.999968627450982e-2, 2.0000254901960786e-2, 1.9999823529411754e-2, 1.9999529411764652e-2, 2.0000156862745103e-2, 1.999996078431371e-2, 1.9999686274509803e-2 ], [ 0.0, 0.0, 0.0, 0.0, 0.0, 0.0, 0.0, 0.0, 0.0, 0.0, 0.0, 0.0, 0.0, 0.0, 0.0, 1.9999921568627482e-2, 2.0000372549019596e-2, 2.0000215686274473e-2, 2.0000313725490156e-2, 1.9999529411764652e-2, 1.9999529411764652e-2, 1.9999549019607887e-2, 1.9999549019607887e-2, 2.0000254901960786e-2, 1.9999843137254877e-2, 1.9999843137254877e-2, 1.1764705882352941e-2, 0.0 ], [ 0.0, 0.0, 0.0, 0.0, 0.0, 0.0, 0.0, 0.0, 0.0, 3.92156862745098e-3, 0.0, 0.0, 0.0, 0.0, 0.0, 1.9999980392156853e-2, 2.0000431372548966e-2, 2.0000490196078448e-2, 2.000001960784317e-2, 2.0000470588235324e-2, 1.9999764705882314e-2, 2.0000039215686292e-2, 2.0000176470588226e-2, 1.999996078431373e-2, 1.9999509803921574e-2, 2.000007843137254e-2, 0.0, 0.0 ], [ 0.0, 0.0, 0.0, 0.0, 0.0, 0.0, 0.0, 0.0, 0.0, 0.0, 0.0, 1.568627450980392e-2, 0.0, 0.0, 1.999970588235299e-2, 2.0e-2, 2.000025490196083e-2, 1.9999921568627482e-2, 1.999998039215681e-2, 2.0000313725490156e-2, 2.00004509803922e-2, 2.00004509803922e-2, 2.0000039215686292e-2, 1.9999686274509754e-2, 2.0000392156862765e-2, 1.9999549019607887e-2, 2.0000117647058824e-2, 0.0 ], [ 0.0, 0.0, 0.0, 0.0, 0.0, 0.0, 0.0, 0.0, 0.0, 1.568627450980392e-2, 7.84313725490196e-3, 0.0, 0.0, 2.000047058823526e-2, 1.999962745098034e-2, 1.9999607843137302e-2, 2.000037254901964e-2, 1.9999705882352944e-2, 2.0000470588235324e-2, 1.999956862745101e-2, 1.9999862745098e-2, 2.0000000000000046e-2, 1.9999882352941124e-2, 2.0000490196078448e-2, 1.999996078431373e-2, 2.00004509803922e-2, 2.0000137254901955e-2, 0.0 ], [ 0.0, 0.0, 0.0, 0.0, 0.0, 0.0, 0.0, 1.568627450980392e-2, 1.568627450980392e-2, 0.0, 0.0, 2.000045098039217e-2, 1.999962745098038e-2, 2.0000333333333283e-2, 2.0000274509803944e-2, 2.0000274509803954e-2, 2.0000039215686292e-2, 2.0000176470588226e-2, 1.9999882352941124e-2, 2.000027450980391e-2, 1.9999588235294134e-2, 1.999990196078436e-2, 1.9999647058823507e-2, 2.000019607843135e-2, 2.000019607843135e-2, 2.0000431372548966e-2, 2.000025490196083e-2, 0.0 ], [ 0.0, 3.92156862745098e-3, 1.1764705882352941e-2, 1.1764705882352941e-2, 1.568627450980392e-2, 3.92156862745098e-3, 0.0, 0.0, 0.0, 0.0, 1.999956862745098e-2, 2.0000313725490156e-2, 1.9999901960784293e-2, 2.0000392156862754e-2, 2.0000058823529416e-2, 2.0000078431372494e-2, 2.0000176470588226e-2, 1.9999705882352944e-2, 1.9999529411764652e-2, 2.0000431372548966e-2, 1.999962745098038e-2, 1.9999764705882314e-2, 2.0000333333333283e-2, 2.0000431372548966e-2, 1.9999588235294134e-2, 1.9999705882352944e-2, 1.999974509803919e-2, 0.0 ], [ 0.0, 0.0, 0.0, 0.0, 0.0, 0.0, 0.0, 2.000005882352941e-2, 1.9999862745098032e-2, 2.0000156862745144e-2, 1.999988235294117e-2, 1.999964705882355e-2, 1.999996078431373e-2, 2.0000039215686292e-2, 1.9999862745098e-2, 2.0000156862745103e-2, 2.000019607843135e-2, 2.0000470588235324e-2, 1.9999764705882314e-2, 2.000007843137254e-2, 2.0000352941176518e-2, 2.0000039215686292e-2, 2.000027450980391e-2, 1.9999764705882314e-2, 2.000019607843135e-2, 1.9999725490196067e-2, 2.0000196078431415e-2, 7.84313725490196e-3 ], [ 0.0, 0.0, 1.999956862745098e-2, 1.999988235294116e-2, 1.9999509803921563e-2, 1.9999999999999976e-2, 1.999954901960782e-2, 1.9999568627450944e-2, 2.000000000000002e-2, 2.0000333333333332e-2, 2.0000039215686268e-2, 1.9999509803921574e-2, 1.999990196078436e-2, 2.0000000000000046e-2, 1.9999843137254877e-2, 2.0000470588235324e-2, 1.9999784313725438e-2, 1.999990196078436e-2, 2.0000333333333283e-2, 2.0000294117647033e-2, 1.9999862745098e-2, 2.000019607843135e-2, 2.0000352941176518e-2, 1.9999784313725438e-2, 2.0000333333333283e-2, 1.9999725490196067e-2, 1.9999588235294092e-2, 1.9999941176470585e-2 ], [ 0.0, 2.000000000000001e-2, 2.0000470588235324e-2, 1.9999529411764687e-2, 2.000011764705882e-2, 1.999996078431371e-2, 1.999958823529413e-2, 1.9999980392156863e-2, 2.0000078431372546e-2, 2.0000274509803944e-2, 1.9999803921568672e-2, 1.9999588235294134e-2, 2.0000058823529416e-2, 1.9999921568627482e-2, 2.000019607843135e-2, 2.0000039215686292e-2, 1.9999882352941124e-2, 2.0000156862745103e-2, 2.000027450980391e-2, 1.9999666666666697e-2, 2.0000411764705843e-2, 2.0000372549019596e-2, 2.000009803921573e-2, 2.000021568627454e-2, 1.9999960784313688e-2, 1.9999725490196067e-2, 2.000017647058818e-2, 1.9999980392156842e-2 ], [ 0.0, 1.9999941176470595e-2, 1.9999823529411754e-2, 2.0000333333333283e-2, 2.000007843137254e-2, 1.9999529411764697e-2, 1.9999862745098046e-2, 1.9999686274509754e-2, 1.9999764705882314e-2, 2.00004509803922e-2, 1.999962745098038e-2, 2.000025490196083e-2, 1.9999803921568672e-2, 1.9999941176470606e-2, 1.999962745098038e-2, 2.0000470588235324e-2, 2.0000254901960786e-2, 1.9999529411764652e-2, 2.0000000000000046e-2, 2.0000176470588226e-2, 2.0000039215686292e-2, 1.999974509803919e-2, 2.0000431372548966e-2, 2.0000117647058852e-2, 2.0000411764705843e-2, 2.0000470588235324e-2, 2.0000470588235283e-2, 2.0000235294117628e-2 ], [ 2.0000176470588247e-2, 1.9999764705882314e-2, 2.000037254901964e-2, 1.9999921568627482e-2, 1.9999882352941124e-2, 2.000039215686272e-2, 1.999950980392153e-2, 1.9999705882352944e-2, 2.0000215686274473e-2, 1.999962745098038e-2, 2.0000470588235324e-2, 2.0000176470588226e-2, 1.9999843137254877e-2, 1.999956862745101e-2, 2.0000411764705843e-2, 2.0000372549019596e-2, 1.999998039215681e-2, 2.0000137254901976e-2, 1.999956862745101e-2, 1.999998039215681e-2, 1.9999666666666697e-2, 2.000039215686272e-2, 2.0000235294117662e-2, 1.9999843137254877e-2, 1.9999843137254877e-2, 1.9999862745098e-2, 2.0000352941176473e-2, 1.9999803921568606e-2 ], [ 1.9999666666666666e-2, 2.0000294117647078e-2, 1.9999784313725438e-2, 1.9999647058823507e-2, 1.99998235294118e-2, 1.9999843137254922e-2, 1.9999941176470606e-2, 2.0000313725490156e-2, 1.9999705882352944e-2, 1.999956862745101e-2, 1.999998039215681e-2, 2.0000254901960786e-2, 2.0000411764705843e-2, 1.9999843137254877e-2, 1.9999588235294134e-2, 1.999974509803919e-2, 1.9999588235294134e-2, 2.0000137254901976e-2, 1.999994117647056e-2, 2.0000117647058852e-2, 2.0000490196078448e-2, 1.999962745098038e-2, 1.99998235294118e-2, 2.000025490196083e-2, 1.999996078431373e-2, 1.9999784313725438e-2, 2.000007843137254e-2, 2.000043137254901e-2 ], [ 0.0, 0.0, 1.9999764705882366e-2, 1.999964705882355e-2, 1.9999921568627482e-2, 1.999998039215681e-2, 2.0000333333333283e-2, 1.9999764705882314e-2, 2.0000058823529416e-2, 2.000019607843135e-2, 1.9999764705882314e-2, 1.999990196078436e-2, 1.999990196078436e-2, 2.0000313725490156e-2, 2.00004509803922e-2, 2.0000156862745103e-2, 1.9999941176470606e-2, 1.9999921568627416e-2, 2.0000333333333314e-2, 1.9999980392156842e-2, 2.0000294117647033e-2, 2.000027450980391e-2, 2.0000117647058852e-2, 2.0000117647058852e-2, 1.999968627450982e-2, 1.9999843137254877e-2, 1.9999823529411754e-2, 2.000019607843135e-2 ], [ 7.84313725490196e-3, 0.0, 0.0, 0.0, 0.0, 1.9999823529411764e-2, 2.000039215686274e-2, 1.9999509803921563e-2, 1.9999568627450944e-2, 1.9999529411764697e-2, 1.9999588235294134e-2, 2.0000294117647033e-2, 2.000007843137254e-2, 2.0000235294117596e-2, 2.000007843137253e-2, 2.000011764705882e-2, 0.0, 0.0, 0.0, 0.0, 2.000043137254901e-2, 2.0000176470588226e-2, 2.0000274509803954e-2, 1.9999725490196112e-2, 1.9999999999999976e-2, 2.000035294117645e-2, 2.000023529411764e-2, 2.0000235294117628e-2 ], [ 0.0, 3.92156862745098e-3, 1.1764705882352941e-2, 7.84313725490196e-3, 0.0, 0.0, 0.0, 0.0, 0.0, 0.0, 0.0, 0.0, 0.0, 0.0, 0.0, 0.0, 0.0, 7.84313725490196e-3, 3.92156862745098e-3, 0.0, 0.0, 0.0, 0.0, 0.0, 0.0, 0.0, 0.0, 0.0 ], [ 0.0, 0.0, 0.0, 0.0, 0.0, 0.0, 0.0, 0.0, 0.0, 0.0, 0.0, 0.0, 0.0, 0.0, 0.0, 0.0, 0.0, 0.0, 0.0, 0.0, 0.0, 0.0, 0.0, 0.0, 0.0, 0.0, 0.0, 0.0 ], [ 0.0, 0.0, 0.0, 0.0, 0.0, 0.0, 0.0, 0.0, 0.0, 0.0, 0.0, 0.0, 0.0, 0.0, 0.0, 0.0, 0.0, 0.0, 0.0, 0.0, 0.0, 0.0, 0.0, 0.0, 0.0, 0.0, 0.0, 0.0 ], [ 0.0, 0.0, 0.0, 0.0, 0.0, 0.0, 0.0, 0.0, 0.0, 0.0, 0.0, 0.0, 0.0, 0.0, 0.0, 0.0, 0.0, 0.0, 0.0, 0.0, 0.0, 0.0, 0.0, 0.0, 0.0, 0.0, 0.0, 0.0 ] ]
  robust!40 [......................................................] 0/9 queries
  robust!40 [======>...............................................] 1/9 queries
    result: ✗ - Marabou found a counterexample
      perturbation: [ [ 0.0, 0.0, -2.0e-2, -2.0e-2, -2.0e-2, 0.0, 0.0, -2.0e-2, -1.999986274509804e-2, -2.0e-2, 0.0, 0.0, 2.0000392156862754e-2, 2.0000176470588226e-2, 2.0000058823529416e-2, 1.999990196078436e-2, 2.000005882352946e-2, 0.0, 0.0, -1.999986274509804e-2, 7.84313725490196e-3, 0.0, 0.0, 0.0, 0.0, 0.0, 0.0, 0.0 ], [ 0.0, 0.0, 0.0, 0.0, 3.92156862745098e-3, -2.0e-2, 1.568627450980392e-2, 0.0, 0.0, 0.0, 0.0, 1.1764705882352941e-2, 2.0000431372549032e-2, 1.9999862745098067e-2, 1.9999725490196022e-2, 2.0000431372549032e-2, 2.0000431372549032e-2, 1.9999647058823528e-2, -2.0e-2, -2.0e-2, 0.0, 0.0, 2.000041176470588e-2, 7.84313725490196e-3, 0.0, 0.0, 0.0, 0.0 ], [ 0.0, 0.0, 0.0, 3.92156862745098e-3, 7.84313725490196e-3, 0.0, 0.0, 0.0, 0.0, 2.0000372549019617e-2, 1.9999686274509754e-2, 1.999962745098034e-2, 2.0000411764705843e-2, 1.9999666666666697e-2, 1.9999607843137215e-2, 2.000033333333335e-2, 2.0000254901960786e-2, 2.0000156862745058e-2, 1.9999882352941124e-2, 1.999984313725491e-2, 1.9999647058823528e-2, 0.0, 0.0, 0.0, 0.0, 0.0, 0.0, 0.0 ], [ 0.0, 0.0, 0.0, 0.0, 0.0, 0.0, 2.000011764705882e-2, 1.9999529411764697e-2, 2.000027450980391e-2, 1.9999647058823573e-2, 1.999994117647056e-2, 2.0000117647058852e-2, 1.999994117647056e-2, 1.999968627450982e-2, 2.0000352941176473e-2, 2.000033333333335e-2, 2.000033333333335e-2, 1.999998039215681e-2, 2.0000235294117662e-2, 2.0000078431372494e-2, 2.0000235294117662e-2, 1.9999882352941124e-2, 1.999992156862746e-2, 0.0, 7.84313725490196e-3, 0.0, 0.0, 0.0 ], [ 0.0, 0.0, 0.0, 2.000041176470588e-2, 0.0, 1.999950980392155e-2, 2.0000352941176473e-2, 1.9999666666666697e-2, 2.0000411764705843e-2, 1.999956862745101e-2, 2.0000000000000046e-2, 1.999998039215681e-2, 2.000027450980391e-2, 2.0000254901960786e-2, 1.9999882352941124e-2, 2.0000117647058852e-2, 2.0000137254901976e-2, 2.0000137254901976e-2, 1.9999862745098e-2, 2.0000137254901976e-2, 2.000027450980391e-2, 2.000039215686272e-2, 1.9999784313725507e-2, 1.999956862745098e-2, 0.0, 3.92156862745098e-3, 0.0, 0.0 ], [ 0.0, 0.0, 0.0, 0.0, 0.0, 1.99998235294118e-2, 1.9999666666666697e-2, 2.0000000000000046e-2, 1.999956862745101e-2, 1.999998039215681e-2, 1.999956862745101e-2, 2.0000431372548966e-2, 1.9999862745098e-2, 1.999998039215681e-2, 2.0000215686274473e-2, 2.0000137254901976e-2, 1.999956862745101e-2, 1.999956862745101e-2, 2.0000411764705843e-2, 1.9999843137254877e-2, 2.000027450980391e-2, 1.9999862745098e-2, 2.0000235294117662e-2, 1.9999509803921574e-2, 0.0, 0.0, 0.0, 0.0 ], [ 0.0, 0.0, 0.0, 0.0, 0.0, 1.9999862745098e-2, 1.9999843137254877e-2, 2.0000117647058852e-2, 1.9999725490196067e-2, 2.0000431372548966e-2, 1.999956862745101e-2, 2.0000000000000046e-2, 2.0000431372548966e-2, 1.999998039215681e-2, 2.000039215686272e-2, 2.0000137254901976e-2, 1.9999705882352944e-2, 1.9999705882352944e-2, 2.000027450980391e-2, 2.0000000000000046e-2, 2.0000431372548966e-2, 2.000027450980391e-2, 1.999998039215681e-2, 2.0000235294117662e-2, 1.9999980392156863e-2, 0.0, 0.0, 0.0 ], [ 0.0, 0.0, 0.0, 0.0, -1.9999823529411754e-2, 2.0000235294117662e-2, 2.000027450980391e-2, 1.999968627450982e-2, 1.999956862745101e-2, 2.0000431372548966e-2, 2.000027450980391e-2, 2.0000137254901976e-2, 2.0000000000000046e-2, 2.0000117647058852e-2, 1.9999843137254877e-2, 1.9999843137254877e-2, 2.0000137254901976e-2, 1.9999705882352944e-2, 2.0000137254901976e-2, 2.0000137254901976e-2, 1.999956862745101e-2, 1.9999529411764652e-2, 2.0000254901960786e-2, 1.9999921568627437e-2, 2.0000294117647067e-2, 0.0, 0.0, 0.0 ], [ 0.0, 0.0, 0.0, 0.0, 1.9999509803921563e-2, 1.999994117647056e-2, 1.9999705882352944e-2, 2.000039215686272e-2, 2.0000137254901976e-2, 2.0000431372548966e-2, 2.0000294117647033e-2, 2.0000431372548966e-2, 2.0000431372548966e-2, 1.9999529411764652e-2, 1.999954901960782e-2, 2.0000137254901976e-2, 1.9999705882352944e-2, 1.9999705882352944e-2, 1.9999705882352944e-2, 1.9999705882352944e-2, 2.0000000000000046e-2, 2.000021568627454e-2, 1.999950980392153e-2, 1.999950980392153e-2, 2.0000235294117596e-2, 0.0, 0.0, 0.0 ], [ 0.0, 0.0, 0.0, 0.0, 1.9999862745098e-2, 1.9999843137254877e-2, 2.0000117647058852e-2, 2.0000039215686247e-2, 1.9999823529411754e-2, 2.0000431372548966e-2, 2.0000156862745103e-2, 2.0000000000000046e-2, 1.9999862745098e-2, 1.9999529411764652e-2, 1.999998039215681e-2, 2.0000137254901976e-2, 2.0000411764705843e-2, 2.0000137254901976e-2, 2.0000294117647033e-2, 1.9999862745098e-2, 1.999956862745101e-2, 1.999976470588238e-2, 2.0000490196078406e-2, 1.999968627450982e-2, 2.000005882352937e-2, 0.0, 0.0, 0.0 ], [ -2.0e-2, 0.0, 0.0, 0.0, 2.0000411764705843e-2, 2.0000431372548966e-2, 2.0000235294117662e-2, 2.000017647058818e-2, 1.9999784313725507e-2, 1.9999823529411754e-2, 2.0000000000000046e-2, 1.9999705882352944e-2, 2.0000000000000046e-2, 1.9999823529411754e-2, 1.9999549019607887e-2, 1.9999705882352944e-2, 2.0000411764705843e-2, 1.9999843137254877e-2, 2.0000137254901976e-2, 2.000009803921573e-2, 2.000021568627454e-2, 1.9999901960784314e-2, 1.9999921568627437e-2, 2.0000431372548966e-2, 2.0000411764705843e-2, 0.0, 0.0, 0.0 ], [ -2.0e-2, 0.0, 0.0, 2.0000333333333314e-2, 1.999980392156863e-2, 1.999956862745101e-2, 1.9999960784313688e-2, 2.0000313725490226e-2, 2.000033333333335e-2, 2.0000411764705843e-2, 1.9999843137254877e-2, 1.9999843137254877e-2, 1.999956862745101e-2, 1.9999960784313688e-2, 1.999956862745101e-2, 2.0000411764705843e-2, 1.9999549019607887e-2, 2.0000411764705843e-2, 2.000027450980391e-2, 1.999994117647056e-2, 2.0000078431372494e-2, 2.0000019607843124e-2, 1.999950980392153e-2, 1.999956862745101e-2, 2.0000196078431415e-2, 1.999992156862746e-2, 0.0, 0.0 ], [ 0.0, 0.0, 0.0, -1.999962745098037e-2, 1.9999862745098e-2, 1.9999549019607887e-2, 2.000033333333335e-2, 1.9999725490196022e-2, 1.999998039215681e-2, 1.9999529411764652e-2, 1.9999705882352944e-2, 2.0000431372548966e-2, 2.0000294117647033e-2, 1.999980392156863e-2, 2.000037254901964e-2, 2.000027450980391e-2, 1.9999549019607887e-2, 1.9999705882352944e-2, 1.9999862745098e-2, 2.0000490196078406e-2, 2.0000117647058786e-2, 2.0e-2, 2.0000039215686247e-2, 1.9999882352941124e-2, 1.999962745098038e-2, 1.999962745098039e-2, 0.0, 0.0 ], [ 0.0, 0.0, 0.0, 0.0, 0.0, 2.0000098039215687e-2, 2.0000019607843134e-2, 1.999954901960784e-2, 1.999984313725491e-2, 2.0000431372549032e-2, 2.0000156862745103e-2, 2.0000000000000046e-2, 1.999956862745101e-2, 2.0000254901960786e-2, 2.0000235294117662e-2, 2.000027450980391e-2, 1.999998039215681e-2, 2.000027450980391e-2, 2.0000313725490156e-2, 2.0000294117647102e-2, 1.9999627450980426e-2, 0.0, 1.9999607843137254e-2, 0.0, 0.0, 0.0, 0.0, 0.0 ], [ 0.0, 0.0, 0.0, 0.0, 0.0, 0.0, 0.0, 0.0, 2.0000215686274518e-2, 2.0000352941176473e-2, 1.9999882352941124e-2, 1.999968627450982e-2, 2.0000431372548966e-2, 2.000039215686272e-2, 1.9999960784313688e-2, 1.9999843137254877e-2, 1.9999843137254877e-2, 1.9999705882352944e-2, 2.0000294117647033e-2, 2.0000078431372494e-2, 1.9999568627450944e-2, 0.0, 0.0, 0.0, 0.0, 1.1764705882352941e-2, 0.0, 0.0 ], [ 0.0, 0.0, 0.0, 0.0, 3.92156862745098e-3, 1.1764705882352941e-2, 1.96078431372549e-2, 0.0, 2.00003137254902e-2, 1.999950980392153e-2, 2.0000137254901976e-2, 1.999998039215681e-2, 1.9999862745098e-2, 1.999950980392153e-2, 1.9999882352941124e-2, 1.999968627450982e-2, 1.9999549019607887e-2, 1.9999705882352944e-2, 1.9999843137254877e-2, 1.999950980392153e-2, 1.99998235294118e-2, 0.0, 7.84313725490196e-3, 7.84313725490196e-3, 0.0, 0.0, 0.0, 0.0 ], [ 0.0, 0.0, 0.0, 0.0, 0.0, 0.0, 3.92156862745098e-3, 0.0, 1.999976470588236e-2, 2.0000078431372494e-2, 1.9999705882352944e-2, 1.999956862745101e-2, 1.9999725490196067e-2, 2.0000372549019596e-2, 2.000019607843135e-2, 2.0000254901960786e-2, 1.9999549019607887e-2, 1.999956862745101e-2, 1.9999705882352944e-2, 1.999950980392153e-2, 2.000037254901964e-2, 0.0, 0.0, 0.0, 0.0, 0.0, 0.0, 0.0 ], [ 0.0, 0.0, 0.0, 0.0, 0.0, 0.0, 7.84313725490196e-3, 0.0, 1.9999627450980426e-2, 2.000021568627454e-2, 2.0000137254901976e-2, 2.0000294117647033e-2, 2.0000000000000046e-2, 2.0000372549019596e-2, 2.000009803921573e-2, 1.9999549019607887e-2, 2.000039215686272e-2, 1.999998039215681e-2, 2.000027450980391e-2, 1.999994117647056e-2, 2.0000352941176518e-2, 0.0, 0.0, 0.0, 0.0, 0.0, 0.0, 0.0 ], [ 0.0, 0.0, 0.0, 0.0, 0.0, 0.0, 7.84313725490196e-3, 0.0, 2.0000490196078382e-2, 2.000021568627454e-2, 2.0000137254901976e-2, 1.999956862745101e-2, 1.999998039215681e-2, 1.999994117647056e-2, 1.9999823529411754e-2, 2.0000411764705843e-2, 2.0000254901960786e-2, 2.0000411764705843e-2, 1.9999705882352944e-2, 1.9999647058823573e-2, 1.999954901960782e-2, 0.0, 0.0, 0.0, 0.0, 0.0, 0.0, 0.0 ], [ 0.0, 0.0, 0.0, 0.0, 0.0, 0.0, 1.1764705882352941e-2, 0.0, 1.9999509803921563e-2, 2.000021568627454e-2, 1.9999862745098e-2, 2.0000137254901976e-2, 2.0000411764705843e-2, 1.999994117647056e-2, 2.0000058823529416e-2, 2.0000254901960786e-2, 1.9999823529411754e-2, 1.999968627450982e-2, 1.9999862745098e-2, 1.999950980392153e-2, 2.0000490196078448e-2, 0.0, 0.0, 0.0, 0.0, 0.0, 0.0, 0.0 ], [ 0.0, 0.0, 0.0, 0.0, 0.0, 0.0, 1.1764705882352941e-2, 0.0, 1.99996862745098e-2, 2.0000078431372494e-2, 2.0000156862745103e-2, 1.9999705882352944e-2, 1.9999666666666697e-2, 1.999980392156863e-2, 1.999962745098038e-2, 1.999998039215681e-2, 1.9999549019607887e-2, 1.9999529411764652e-2, 2.0000137254901976e-2, 1.9999666666666697e-2, 2.0000176470588226e-2, 0.0, 0.0, 0.0, 0.0, 0.0, 0.0, 0.0 ], [ 0.0, 0.0, 0.0, 0.0, 0.0, 0.0, 1.1764705882352941e-2, 0.0, 2.0000137254901955e-2, 1.999950980392153e-2, 1.9999862745098e-2, 2.000039215686272e-2, 1.999956862745101e-2, 2.0000411764705843e-2, 2.000039215686272e-2, 1.9999549019607887e-2, 2.0000411764705843e-2, 2.000027450980391e-2, 2.000027450980391e-2, 1.9999666666666697e-2, 2.0000431372548966e-2, 0.0, 0.0, 0.0, 0.0, 0.0, 0.0, 0.0 ], [ 0.0, 0.0, 0.0, 0.0, 0.0, 0.0, 1.1764705882352941e-2, 0.0, 1.999984313725491e-2, 1.999994117647056e-2, 1.9999862745098e-2, 2.0000117647058852e-2, 1.9999882352941124e-2, 1.999980392156863e-2, 2.000009803921573e-2, 1.9999843137254877e-2, 1.999968627450982e-2, 1.9999843137254877e-2, 2.000001960784317e-2, 2.000039215686272e-2, 1.999956862745101e-2, 0.0, 0.0, 0.0, 0.0, 0.0, 0.0, 0.0 ], [ 0.0, 0.0, 0.0, 0.0, 0.0, 0.0, 1.1764705882352941e-2, 0.0, 2.0000215686274518e-2, 2.0000235294117662e-2, 2.0000156862745103e-2, 2.0000000000000046e-2, 1.9999725490196067e-2, 2.0000078431372494e-2, 1.9999784313725438e-2, 1.9999549019607887e-2, 2.0000254901960786e-2, 1.9999549019607887e-2, 1.9999607843137257e-2, 1.9999823529411754e-2, 1.999956862745101e-2, 0.0, 0.0, 3.92156862745098e-3, 0.0, 0.0, 0.0, 0.0 ], [ 0.0, 0.0, 0.0, 0.0, 0.0, 0.0, 7.84313725490196e-3, 0.0, 1.9999784313725483e-2, 2.0000235294117662e-2, 2.00004509803922e-2, 2.0000000000000046e-2, 1.9999705882352944e-2, 2.0000352941176473e-2, 1.9999862745098e-2, 2.0000117647058852e-2, 1.999998039215681e-2, 2.0000254901960786e-2, 1.9999588235294134e-2, 1.999968627450982e-2, 1.999998039215681e-2, 0.0, 0.0, 3.92156862745098e-3, 0.0, 0.0, 0.0, 0.0 ], [ 0.0, 0.0, 0.0, 0.0, 0.0, 0.0, 1.999954901960784e-2, 0.0, 1.9999509803921563e-2, 2.000039215686272e-2, 1.9999607843137257e-2, 1.999974509803919e-2, 1.9999862745098e-2, 1.9999666666666697e-2, 1.9999725490196067e-2, 2.0000156862745103e-2, 1.9999862745098e-2, 2.0000000000000046e-2, 1.9999882352941124e-2, 1.9999843137254877e-2, 1.9999647058823507e-2, 0.0, 0.0, 3.92156862745098e-3, 0.0, 0.0, -2.0e-2, 0.0 ], [ -2.0e-2, -2.0e-2, 0.0, 0.0, 0.0, 0.0, 1.999954901960784e-2, 0.0, 1.9999588235294068e-2, 1.9999901960784314e-2, 1.9999843137254877e-2, 2.0000039215686247e-2, 2.0000294117647102e-2, 2.0000431372549032e-2, 2.0000313725490226e-2, 2.0000450980392156e-2, 2.0000156862745058e-2, 2.0000156862745058e-2, 2.0000117647058852e-2, 2.000021568627454e-2, 1.9999607843137257e-2, 0.0, 0.0, 3.92156862745098e-3, 0.0, 0.0, 0.0, 0.0 ], [ 0.0, -2.0e-2, -2.0e-2, -2.0e-2, 0.0, 0.0, 1.568627450980392e-2, 0.0, 2.0000137254901972e-2, -1.8474784313725484e-2, 2.0000333333333314e-2, 2.0000176470588257e-2, 2.0000019607843145e-2, 1.9999862745098032e-2, 2.000015686274508e-2, 2.000045098039218e-2, 2.0000294117647067e-2, 2.000000000000002e-2, 2.0000176470588257e-2, 2.0000411764705878e-2, 1.999984313725491e-2, 0.0, 0.0, -2.0e-2, -2.0e-2, 0.0, 0.0, 0.0 ] ]
  robust!41 [......................................................] 0/9 queries
  robust!41 [======>...............................................] 1/9 queries
  robust!41 [============>.........................................] 2/9 queries
  robust!41 [==================>...................................] 3/9 queries
  robust!41 [========================>.............................] 4/9 queries
    result: ✗ - Marabou found a counterexample
      perturbation: [ [ 0.0, 0.0, 0.0, 0.0, 0.0, 0.0, 0.0, 0.0, 0.0, 0.0, 2.0000078431372574e-2, 1.9999529411764697e-2, 1.999964705882355e-2, -2.0000372549019572e-2, 1.9999823529411785e-2, -1.9999784313725483e-2, 2.000035294117645e-2, 2.0000450980392135e-2, 1.9999666666666673e-2, 0.0, 0.0, 0.0, 0.0, 0.0, -2.0e-2, 0.0, -2.0e-2, 0.0 ], [ 0.0, 0.0, 0.0, 0.0, 0.0, 0.0, 0.0, 0.0, 0.0, 0.0, 2.0000431372548966e-2, 2.0e-2, 2.0e-2, 2.0e-2, 2.0e-2, 0.0, 2.0e-2, 2.0e-2, 2.0e-2, 0.0, 0.0, 0.0, 0.0, 0.0, -2.0e-2, 0.0, 0.0, 0.0 ], [ -2.0e-2, 0.0, 0.0, -2.0e-2, 0.0, 0.0, 0.0, 0.0, 0.0, 0.0, 2.000017647058818e-2, 1.9999588235294092e-2, -1.9999529411764718e-2, 2.0000470588235283e-2, 1.999976470588238e-2, -2.0000372549019662e-2, 1.9999921568627437e-2, 2.000033333333335e-2, 2.0e-2, 1.1764705882352941e-2, 0.0, 0.0, 0.0, 0.0, 0.0, -2.0e-2, 0.0, -2.0e-2 ], [ 0.0, 0.0, 0.0, -2.0e-2, 0.0, 0.0, 0.0, 0.0, 0.0, -2.0e-2, 0.0, 2.0000450980392156e-2, 1.9999745098039257e-2, 1.999988235294119e-2, 2.0000313725490226e-2, 2.0000313725490226e-2, 2.0000450980392156e-2, 2.000033333333335e-2, 2.0e-2, -1.9999529411764697e-2, 0.0, 0.0, 0.0, 0.0, 0.0, -6.917e-3, 0.0, 0.0 ], [ 0.0, -2.0e-2, -2.0e-2, 0.0, 0.0, 0.0, 0.0, 0.0, -2.0e-2, 2.0000470588235293e-2, 2.0e-2, -1.999982352941182e-2, 1.999988235294119e-2, 2.0000313725490226e-2, -2.000025490196074e-2, 1.9999745098039257e-2, 2.0000313725490226e-2, 1.9999901960784314e-2, 2.0e-2, -2.000045098039218e-2, 0.0, 0.0, 0.0, -2.0e-2, 0.0, 0.0, 0.0, 0.0 ], [ 0.0, 0.0, -2.0e-2, 0.0, 0.0, 0.0, 0.0, 0.0, 0.0, 1.999964705882354e-2, 2.0e-2, 2.0000470588235283e-2, -2.000011764705881e-2, -1.9999686274509775e-2, -2.0000392156862785e-2, -1.999982352941182e-2, 2.0000313725490226e-2, 2.0000470588235283e-2, 2.0e-2, 2.0000294117647033e-2, -2.0e-2, -2.0e-2, 0.0, -2.0e-2, 0.0, 0.0, 0.0, 0.0 ], [ 0.0, 0.0, -2.0e-2, -2.0e-2, 0.0, 0.0, 0.0, 0.0, 0.0, 2.0000019607843145e-2, 2.0e-2, 2.000033333333335e-2, 1.9999745098039257e-2, 2.0000313725490226e-2, 2.0000431372549032e-2, 2.0000019607843124e-2, 1.999988235294119e-2, 2.0000470588235283e-2, 2.0e-2, 2.0000137254901976e-2, 0.0, 0.0, 0.0, 0.0, 0.0, 0.0, 0.0, 0.0 ], [ -2.0e-2, 0.0, 0.0, 0.0, 0.0, 0.0, 0.0, 0.0, 0.0, 2.0000176470588257e-2, 2.0e-2, 2.000033333333335e-2, 2.0000039215686247e-2, 1.9999862745098067e-2, 1.9999529411764652e-2, 2.0000019607843124e-2, 2.0000019607843124e-2, 1.9999901960784314e-2, 2.0e-2, 2.00004509803922e-2, -2.0e-2, 0.0, 0.0, -2.0e-2, 0.0, 0.0, 0.0, 0.0 ], [ -2.0e-2, 0.0, 0.0, 0.0, 0.0, 0.0, 0.0, 0.0, 0.0, 2.0000098039215698e-2, 2.0e-2, 2.000017647058818e-2, 2.000033333333335e-2, 2.0e-2, 2.0000019607843103e-2, 1.999988235294119e-2, 1.9999862745098067e-2, 2.0000470588235283e-2, 2.0e-2, 2.0000470588235324e-2, -2.0e-2, 0.0, 0.0, 0.0, 0.0, 0.0, 0.0, -2.0e-2 ], [ 0.0, 0.0, -2.0e-2, 0.0, -2.0e-2, 0.0, 0.0, 0.0, 0.0, -2.0000019607843138e-2, 2.0e-2, 2.000017647058818e-2, 1.9999901960784314e-2, 2.0e-2, 2.000019607843138e-2, 2.0000470588235283e-2, 2.0e-2, 1.999976470588238e-2, 2.0e-2, -1.9999941176470585e-2, -2.0e-2, 0.0, 0.0, 0.0, 0.0, 0.0, 0.0, -2.0e-2 ], [ 0.0, -2.0e-2, -2.0e-2, -2.0e-2, 0.0, 0.0, 0.0, 0.0, 0.0, 0.0, 2.0e-2, 2.0000313725490226e-2, 1.9999901960784314e-2, 2.0e-2, 1.1764705882352941e-2, 1.999998039215681e-2, 2.0e-2, 2.000005882352937e-2, 2.0e-2, -1.9999941176470585e-2, -2.0e-2, -2.0e-2, 0.0, 0.0, 0.0, 0.0, 0.0, 0.0 ], [ 0.0, -2.0e-2, -2.0e-2, -2.0e-2, 0.0, 0.0, 0.0, -2.0e-2, -2.0e-2, -2.0e-2, 2.0e-2, 2.0000450980392156e-2, 1.9999901960784314e-2, 2.0e-2, 0.0, 2.0000274509803954e-2, 2.0e-2, 2.0000352941176473e-2, 2.0e-2, -1.9999647058823483e-2, 0.0, -2.0e-2, 0.0, 0.0, 0.0, -2.0e-2, 0.0, -2.0e-2 ], [ 0.0, -2.0e-2, 0.0, 0.0, 0.0, -2.0e-2, 0.0, -2.0e-2, -2.0e-2, -2.0e-2, -2.000011764705881e-2, 2.0000450980392156e-2, 2.0000470588235283e-2, 2.0e-2, -2.0e-2, 2.0000137254901955e-2, 2.0e-2, 1.999976470588238e-2, 2.0e-2, -2.0000372549019617e-2, 0.0, 0.0, 0.0, -2.0e-2, 0.0, 0.0, 0.0, -2.0e-2 ], [ -2.0e-2, -2.0e-2, -2.0e-2, -2.0e-2, -2.0e-2, -2.0e-2, 0.0, -2.0e-2, -2.0e-2, -2.0e-2, -1.9999803921568585e-2, 1.9999588235294092e-2, 2.0000470588235283e-2, 2.0e-2, 0.0, 1.9999686274509813e-2, 2.0e-2, 2.0000196078431415e-2, 2.0e-2, -1.9999666666666718e-2, 0.0, -2.0e-2, 0.0, -2.0e-2, 0.0, 0.0, 0.0, -2.0e-2 ], [ -2.0e-2, -2.0e-2, -2.0e-2, -2.0e-2, -2.0e-2, -2.0e-2, 0.0, -2.0e-2, -2.0e-2, -2.0e-2, 2.0000117647058852e-2, 2.0000294117647102e-2, 2.000017647058818e-2, 2.0000156862745058e-2, 0.0, 1.9999509803921567e-2, 2.0e-2, 2.000033333333335e-2, 2.0e-2, -2.0000372549019617e-2, -2.0e-2, 0.0, 0.0, -2.0e-2, 0.0, 0.0, 0.0, 0.0 ], [ -2.0e-2, 0.0, -2.0e-2, -2.0e-2, -2.0e-2, -2.0e-2, 0.0, -2.0e-2, -2.0e-2, -2.0e-2, 2.0000156862745103e-2, 1.9999725490196022e-2, 2.000017647058818e-2, 1.9999921568627437e-2, -2.0e-2, 0.0, 2.0e-2, 2.0000470588235283e-2, 2.0e-2, -2.000033333333337e-2, -2.0e-2, 0.0, 0.0, -2.0e-2, -2.0e-2, 0.0, 0.0, 0.0 ], [ 0.0, 0.0, 0.0, 0.0, -2.0e-2, -2.0e-2, 0.0, -2.0e-2, -2.0e-2, 0.0, 2.0000176470588226e-2, 2.0000156862745058e-2, 1.999988235294119e-2, 1.9999921568627437e-2, -2.0e-2, 0.0, 2.0e-2, 2.000017647058818e-2, 2.0e-2, -1.9999705882352923e-2, -2.0e-2, 0.0, 0.0, -2.0e-2, -2.0e-2, 0.0, 0.0, 0.0 ], [ 0.0, 0.0, 0.0, 0.0, 0.0, -2.0e-2, 0.0, -2.0e-2, -2.0e-2, 0.0, 2.0000313725490156e-2, 1.9999588235294092e-2, 2.0000156862745058e-2, 2.00004509803922e-2, -2.0e-2, 0.0, 1.9999823529411754e-2, 2.0000156862745058e-2, 1.999988235294119e-2, 1.9999862745098046e-2, -2.0e-2, 0.0, 0.0, -2.0e-2, -2.0e-2, 0.0, 0.0, 0.0 ], [ 0.0, 0.0, 0.0, 0.0, 0.0, -2.0e-2, 0.0, -2.0e-2, -2.0e-2, 0.0, 2.0000294117647033e-2, 2.0000019607843124e-2, 2.0000294117647102e-2, 1.9999529411764697e-2, -2.0e-2, 0.0, 1.9999647058823507e-2, 1.9999862745098067e-2, 1.9999588235294092e-2, -1.9999882352941215e-2, -2.0e-2, -2.0e-2, 0.0, -2.0e-2, -2.0e-2, -2.0e-2, 0.0, 0.0 ], [ -2.0e-2, -2.0e-2, 0.0, 0.0, 0.0, -2.0e-2, -2.0e-2, 0.0, 0.0, 0.0, 1.9999882352941124e-2, 1.9999588235294092e-2, 2.0000156862745058e-2, -2.00003137254902e-2, -2.0e-2, 0.0, -2.000015686274508e-2, 2.0e-2, 1.9999725490196022e-2, -2.0000098039215708e-2, -2.0e-2, -2.0e-2, 0.0, 0.0, -2.0e-2, 0.0, 0.0, 0.0 ], [ -2.0e-2, 0.0, 0.0, 0.0, 0.0, 0.0, -2.0e-2, 0.0, 0.0, -2.0e-2, 2.0000411764705888e-2, 2.0000294117647102e-2, 1.9999725490196022e-2, -2.000015686274509e-2, -2.0e-2, -2.0e-2, -1.99996862745098e-2, 2.0e-2, 1.9999725490196022e-2, 1.9999705882352923e-2, -2.0e-2, -2.0e-2, 0.0, -2.0e-2, -2.0e-2, 0.0, 0.0, 0.0 ], [ -2.0e-2, -2.0e-2, 0.0, 0.0, -2.0e-2, -2.0e-2, 0.0, 0.0, -2.0e-2, -2.0e-2, 2.000023529411764e-2, 2.0e-2, 1.9999725490196022e-2, -2.0000392156862765e-2, -2.0e-2, 0.0, -2.0000470588235314e-2, 2.0e-2, 2.0000450980392156e-2, 2.0000352941176493e-2, -2.0e-2, -2.0e-2, 0.0, 0.0, -2.0e-2, 0.0, 0.0, 0.0 ], [ -2.0e-2, 0.0, 0.0, 0.0, -2.0e-2, -2.0e-2, -2.0e-2, 0.0, 0.0, 0.0, 2.0000352941176493e-2, 2.0e-2, 1.9999725490196022e-2, 2.0000294117647057e-2, -2.0e-2, 0.0, -2.0000254901960775e-2, 2.0e-2, 2.0000450980392156e-2, 1.9999607843137254e-2, -2.0e-2, -2.0e-2, 0.0, 0.0, -2.0e-2, -2.0e-2, 0.0, 0.0 ], [ -2.0e-2, 0.0, 0.0, 0.0, 0.0, -2.0e-2, -2.0e-2, 0.0, 0.0, 0.0, 1.9999745098039215e-2, 1.999988235294119e-2, 2.0000294117647102e-2, 1.9999725490196088e-2, 0.0, 0.0, -1.9999509803921574e-2, 2.0e-2, 1.9999607843137215e-2, -2.0000450980392156e-2, -2.0e-2, 0.0, 0.0, 0.0, -2.0e-2, 0.0, 0.0, 0.0 ], [ 0.0, 0.0, 0.0, 0.0, 0.0, 0.0, 0.0, 0.0, 0.0, -2.0e-2, 1.9999980392156863e-2, 1.9999901960784314e-2, 2.0000431372549032e-2, -1.9999843137254905e-2, -2.0e-2, 0.0, -1.9999784313725493e-2, 2.0e-2, -1.9999803921568585e-2, -1.999986274509804e-2, -2.0e-2, 0.0, 0.0, 0.0, 0.0, 0.0, 0.0, 0.0 ], [ 0.0, 0.0, 0.0, -2.0e-2, -2.0e-2, -2.0e-2, 0.0, 0.0, 0.0, 0.0, 0.0, 1.999962745098034e-2, 2.0e-2, 1.9999882352941173e-2, 0.0, 0.0, -2.000019607843135e-2, 2.0e-2, -1.999976470588234e-2, -2.0e-2, 0.0, 0.0, 0.0, 0.0, 0.0, 0.0, 0.0, 0.0 ], [ 0.0, -2.0e-2, -2.0e-2, -2.0e-2, 0.0, -2.0e-2, 0.0, 0.0, 0.0, 0.0, 0.0, -2.0000490196078472e-2, 2.0e-2, 2.0000294117647057e-2, -2.0e-2, 0.0, -1.959807843137254e-2, 0.0, 1.999998039215681e-2, 0.0, 0.0, 0.0, 0.0, 0.0, 0.0, 0.0, 0.0, 0.0 ], [ -2.0e-2, 0.0, 0.0, 0.0, 0.0, 0.0, -2.0e-2, 0.0, 0.0, 0.0, 0.0, 1.9999588235294134e-2, 2.0000431372549032e-2, -1.999954901960783e-2, -2.0e-2, 0.0, 1.9999843137254898e-2, 2.0e-2, 1.999974509803919e-2, 0.0, 0.0, 0.0, 0.0, 0.0, 0.0, 0.0, 0.0, 0.0 ] ]
  robust!42 [......................................................] 0/9 queries
  robust!42 [======>...............................................] 1/9 queries
  robust!42 [============>.........................................] 2/9 queries
  robust!42 [==================>...................................] 3/9 queries
    result: ✗ - Marabou found a counterexample
      perturbation: [ [ 0.0, -2.0e-2, -2.0e-2, -2.0e-2, -2.0e-2, -2.0e-2, 0.0, -2.0e-2, -2.000021568627451e-2, 1.9999686274509803e-2, 1.96078431372549e-2, 1.96078431372549e-2, -2.00001568627451e-2, 1.1764705882352941e-2, 1.568627450980392e-2, -1.9999725490196078e-2, -2.000029411764706e-2, 2.000041176470588e-2, 1.9999647058823528e-2, -2.0e-2, -2.0e-2, 7.84313725490196e-3, 0.0, 0.0, 0.0, -2.0e-2, 0.0, 0.0 ], [ 0.0, -2.0e-2, -2.0e-2, -2.0e-2, 0.0, -2.0e-2, 0.0, 0.0, 2.00004509803922e-2, 2.0000431372548966e-2, 2.0000294117647033e-2, 2.000005882352937e-2, 1.999976470588238e-2, 2.0000490196078406e-2, 2.0000352941176473e-2, 2.000021568627454e-2, 2.00004509803922e-2, -1.999996078431371e-2, 1.9999705882352944e-2, 1.999950980392155e-2, 0.0, 1.1764705882352941e-2, -2.0e-2, 0.0, 0.0, 0.0, -2.0e-2, 0.0 ], [ 0.0, -2.0e-2, -2.0e-2, 0.0, 0.0, 0.0, 0.0, 1.96078431372549e-2, 1.9999882352941124e-2, 2.0000156862745103e-2, 2.0000313725490156e-2, 2.0000470588235324e-2, 2.0000176470588226e-2, -2.0000098039215642e-2, -2.0000235294117683e-2, -2.0000235294117683e-2, 2.0000470588235324e-2, 2.0000352941176518e-2, -1.999968627450984e-2, 2.0000098039215698e-2, 0.0, 3.92156862745098e-3, 0.0, -2.0e-2, 0.0, 0.0, -2.0e-2, 0.0 ], [ -2.0e-2, -2.0e-2, 0.0, 0.0, 0.0, 0.0, 0.0, 2.000019607843137e-2, 1.9999862745098e-2, 1.9999882352941124e-2, 1.999974509803919e-2, 1.9999764705882314e-2, 1.999974509803919e-2, 2.0000333333333283e-2, -2.0000235294117683e-2, -1.9999941176470585e-2, 2.0000470588235324e-2, 1.9999509803921574e-2, -1.9999980392156832e-2, 1.9999705882352923e-2, 0.0, 7.84313725490196e-3, 0.0, 0.0, -2.0e-2, 0.0, -2.0e-2, -2.0e-2 ], [ -2.0e-2, -2.0e-2, 0.0, 0.0, 0.0, 0.0, 0.0, 2.0000137254901972e-2, 2.000027450980391e-2, 1.9999607843137257e-2, 2.0000039215686292e-2, 2.0000058823529416e-2, 2.0000039215686292e-2, 1.999990196078436e-2, 1.9999764705882314e-2, -2.0000372549019617e-2, 1.9999764705882314e-2, 1.999996078431373e-2, -2.0000117647058877e-2, -1.999994117647054e-2, 0.0, 3.92156862745098e-3, 0.0, 0.0, -2.0e-2, 0.0, 0.0, -2.0e-2 ], [ -2.0e-2, 0.0, 0.0, 0.0, -2.0e-2, 0.0, 0.0, 1.999964705882354e-2, 2.0000411764705843e-2, 1.9999607843137257e-2, 2.0000039215686292e-2, 1.999962745098038e-2, 1.9999607843137257e-2, 2.0000470588235324e-2, 1.999962745098038e-2, 1.999962745098038e-2, 2.000019607843135e-2, 2.0000098039215663e-2, 2.0000039215686292e-2, 2.0000274509803954e-2, 0.0, 0.0, 0.0, 0.0, -2.0e-2, 0.0, 0.0, -2.0e-2 ], [ 0.0, 0.0, 0.0, 0.0, -2.0e-2, 0.0, -2.0e-2, 1.9999705882352923e-2, 1.9999843137254877e-2, 2.0000039215686292e-2, 1.9999607843137257e-2, 1.9999784313725438e-2, 2.0000039215686292e-2, 1.999990196078436e-2, 2.0000490196078448e-2, 1.999962745098038e-2, 2.0000490196078448e-2, 1.999966666666663e-2, 1.9999764705882314e-2, 1.9999647058823507e-2, 0.0, 0.0, 0.0, 0.0, 0.0, -2.0e-2, -2.0e-2, -2.0e-2 ], [ 0.0, 0.0, 0.0, 0.0, -2.0e-2, 0.0, -2.0e-2, -2.000023529411764e-2, 1.9999705882352944e-2, 1.999990196078436e-2, 1.9999882352941124e-2, 2.0000352941176518e-2, 1.9999607843137257e-2, 2.0000333333333283e-2, -1.9999647058823483e-2, 2.000019607843135e-2, 1.9999921568627482e-2, 2.0000235294117596e-2, 1.999962745098038e-2, 2.00004509803922e-2, 0.0, 0.0, 0.0, -2.0e-2, -2.0e-2, -2.0e-2, -2.0e-2, 0.0 ], [ 0.0, 0.0, 0.0, -2.0e-2, -2.0e-2, 0.0, 0.0, 1.9999686274509754e-2, 1.999956862745101e-2, -2.0000098039215642e-2, 2.000001960784317e-2, 2.0000352941176518e-2, 1.9999607843137257e-2, 2.000019607843135e-2, -1.9999784313725528e-2, 2.0000333333333283e-2, 1.9999921568627482e-2, 1.9999803921568672e-2, -1.999950980392155e-2, 2.0000431372548966e-2, -2.0e-2, 0.0, 0.0, -2.0e-2, -2.0e-2, -2.0e-2, -2.0e-2, 0.0 ], [ 0.0, 0.0, 0.0, -2.0e-2, -2.0e-2, 0.0, 0.0, 1.9999784313725438e-2, -1.9999568627451034e-2, -1.9999941176470585e-2, -1.999968627450984e-2, 2.0000352941176518e-2, 2.0000470588235324e-2, 1.9999764705882314e-2, 2.0000352941176518e-2, 2.000019607843135e-2, 1.9999784313725438e-2, 1.9999941176470606e-2, -2.000021568627456e-2, 2.0000117647058852e-2, -2.0e-2, 0.0, 0.0, -2.0e-2, -2.0e-2, -2.0e-2, 0.0, 0.0 ], [ 0.0, 0.0, 0.0, -2.0e-2, -2.0e-2, 0.0, 0.0, 2.000001960784317e-2, -1.9999843137254898e-2, -1.9999666666666718e-2, 1.999990196078436e-2, 1.9999921568627482e-2, 2.000019607843135e-2, 2.0000333333333283e-2, 2.0000490196078448e-2, 1.999962745098038e-2, 1.9999784313725438e-2, 1.9999509803921574e-2, 2.0000215686274473e-2, -1.999980392156865e-2, 2.0000372549019606e-2, 0.0, 0.0, 0.0, -2.0e-2, -2.0e-2, -2.0e-2, 0.0 ], [ 0.0, 0.0, 0.0, -2.0e-2, -1.301e-2, 0.0, 0.0, 1.9999529411764652e-2, -1.999968627450984e-2, -1.9999823529411775e-2, 2.0000470588235324e-2, 1.9999764705882314e-2, 1.999962745098038e-2, 2.0000333333333283e-2, 2.0000058823529416e-2, 2.000019607843135e-2, 2.0000352941176518e-2, 1.9999647058823507e-2, 1.9999647058823507e-2, -1.9999823529411775e-2, 2.0000294117647057e-2, 0.0, -2.0e-2, 0.0, 0.0, 0.0, 0.0, 0.0 ], [ 0.0, 0.0, 0.0, -2.0e-2, 0.0, 0.0, 0.0, 1.9999921568627437e-2, 2.0000176470588226e-2, 1.9999607843137257e-2, 1.999990196078436e-2, 2.0000039215686292e-2, 2.0000058823529416e-2, 1.9999764705882314e-2, 2.0000058823529416e-2, 2.000019607843135e-2, 1.9999921568627482e-2, 2.0000215686274473e-2, 1.9999647058823507e-2, -2.0000117647058877e-2, 2.000039215686274e-2, 0.0, -2.0e-2, 0.0, 0.0, 0.0, 0.0, 0.0 ], [ 0.0, 0.0, 0.0, -2.0e-2, 0.0, 0.0, 1.9999529411764704e-2, 1.999976470588238e-2, 2.0000313725490156e-2, 2.0000313725490156e-2, 1.999990196078436e-2, 2.0000176470588226e-2, 1.9999764705882314e-2, 2.000019607843135e-2, 2.0000333333333283e-2, 1.999962745098038e-2, 2.0000058823529416e-2, 1.9999921568627482e-2, 2.0000215686274473e-2, -2.0000274509803934e-2, 2.000019607843138e-2, 0.0, 0.0, 0.0, 0.0, 0.0, 0.0, -2.0e-2 ], [ 0.0, 0.0, -2.0e-2, -2.0e-2, 0.0, 0.0, 1.999956862745098e-2, 2.0000313725490226e-2, 2.0000156862745103e-2, 2.0000294117647033e-2, 2.0000313725490156e-2, 2.0000313725490156e-2, -2.000039215686274e-2, -1.9999568627451034e-2, 2.0000431372548966e-2, 1.9999607843137257e-2, 2.0000313725490156e-2, 1.9999882352941124e-2, 1.9999764705882314e-2, -1.999986274509802e-2, 2.0000254901960765e-2, 0.0, 0.0, 0.0, 0.0, 0.0, 0.0, -2.0e-2 ], [ 0.0, 0.0, 0.0, -2.0e-2, 0.0, 0.0, 2.0000176470588257e-2, 1.9999901960784314e-2, 2.000001960784317e-2, 2.0000294117647033e-2, 1.999990196078436e-2, 1.999974509803919e-2, -1.99995490196078e-2, 1.9999529411764652e-2, 1.9999960784313688e-2, 1.9999607843137257e-2, 1.999990196078436e-2, 1.9999607843137257e-2, 2.0000058823529416e-2, 2.0000431372548966e-2, 2.0000019607843103e-2, 0.0, 0.0, 0.0, 0.0, 0.0, 0.0, -2.0e-2 ], [ 0.0, 0.0, 0.0, -2.0e-2, 0.0, 0.0, -1.9999568627451e-2, 2.0000039215686247e-2, 1.9999882352941124e-2, 1.9999882352941124e-2, 2.0000058823529416e-2, 2.0000176470588226e-2, 2.0000333333333283e-2, 1.9999843137254877e-2, 2.0000313725490156e-2, -2.0000235294117683e-2, 2.0000470588235324e-2, 2.000019607843135e-2, 1.9999509803921574e-2, 2.000001960784317e-2, 1.9999529411764697e-2, 0.0, 0.0, 0.0, 0.0, 0.0, 0.0, 0.0 ], [ -2.0e-2, 0.0, -2.0e-2, -2.0e-2, 0.0, 0.0, 2.000005882352946e-2, 2.000005882352937e-2, 2.000019607843135e-2, 1.9999882352941124e-2, 2.0000058823529416e-2, 1.9999882352941124e-2, 1.9999921568627482e-2, 2.0000470588235324e-2, 1.999974509803919e-2, 1.999962745098038e-2, 1.999974509803919e-2, 1.9999764705882314e-2, 1.9999921568627482e-2, 1.9999588235294134e-2, 2.0000176470588226e-2, 0.0, 0.0, 0.0, 0.0, 0.0, 0.0, 0.0 ], [ 0.0, 0.0, -2.0e-2, -2.0e-2, -2.0e-2, 0.0, -1.999992156862746e-2, 2.0000411764705843e-2, -2.0000117647058877e-2, 1.9999588235294134e-2, 1.9999607843137257e-2, 2.00004509803922e-2, 2.0000333333333283e-2, 1.999990196078436e-2, 2.000001960784317e-2, -1.9999666666666718e-2, 2.0000176470588226e-2, 1.999990196078436e-2, 1.9999921568627482e-2, 2.00004509803922e-2, 2.0000254901960786e-2, 0.0, 0.0, 0.0, 0.0, 0.0, 0.0, 0.0 ], [ 0.0, 0.0, -2.0e-2, -2.0e-2, -2.0e-2, 0.0, -1.9999843137254898e-2, 2.000027450980391e-2, 2.0000313725490156e-2, 1.9999882352941124e-2, 1.9999882352941124e-2, 1.9999882352941124e-2, -1.9999529411764673e-2, 2.0000039215686292e-2, 1.9999882352941124e-2, -1.999980392156865e-2, 2.0000313725490156e-2, 1.9999882352941124e-2, 2.0000058823529416e-2, 1.9999607843137257e-2, 1.9999666666666697e-2, 0.0, -2.0e-2, 0.0, -2.0e-2, 0.0, 0.0, 0.0 ], [ 0.0, 0.0, -2.0e-2, 0.0, 0.0, -2.0e-2, 1.9999607843137257e-2, 2.0000137254901976e-2, 2.0000137254901976e-2, 1.9999588235294134e-2, 2.00004509803922e-2, 1.999974509803919e-2, -2.000039215686274e-2, 2.0000313725490156e-2, 1.9999882352941124e-2, 2.0000470588235324e-2, 1.999974509803919e-2, 2.000001960784317e-2, 2.000001960784317e-2, 1.999974509803919e-2, -1.9999627450980405e-2, 0.0, -2.0e-2, -2.0e-2, -2.0e-2, -2.0e-2, -2.0e-2, -2.0e-2 ], [ 0.0, 0.0, 0.0, 0.0, 0.0, 0.0, 1.9999725490196067e-2, -1.9999843137254898e-2, -2.0000274509803934e-2, 1.9999725490196067e-2, 2.000001960784317e-2, 1.999974509803919e-2, -1.9999823529411775e-2, 1.9999882352941124e-2, 2.0000313725490156e-2, 1.9999607843137257e-2, 2.0000039215686292e-2, 1.9999607843137257e-2, 1.999990196078436e-2, 1.999990196078436e-2, -2.0000058823529437e-2, -1.999986274509804e-2, -2.0e-2, -2.0e-2, -2.0e-2, 0.0, -2.0e-2, -2.0e-2 ], [ 0.0, -2.0e-2, -2.0e-2, 0.0, 0.0, 0.0, 2.0000000000000046e-2, -1.9999980392156832e-2, 2.0000294117647033e-2, 1.9999725490196067e-2, 1.9999588235294134e-2, 2.00004509803922e-2, 1.999974509803919e-2, 2.0000313725490156e-2, 1.999974509803919e-2, 1.999974509803919e-2, 1.9999607843137257e-2, 2.0000470588235324e-2, 2.0000470588235324e-2, 1.9999764705882314e-2, 2.0000078431372494e-2, 1.9999980392156863e-2, 0.0, -2.0e-2, -2.0e-2, 0.0, 0.0, 0.0 ], [ 0.0, -2.0e-2, -2.0e-2, 0.0, -2.0e-2, 0.0, 1.9999725490196067e-2, -2.0000274509803934e-2, 2.0000294117647033e-2, 1.9999725490196067e-2, 1.9999725490196067e-2, 2.000001960784317e-2, 1.9999882352941124e-2, 2.00004509803922e-2, 1.9999882352941124e-2, 1.9999882352941124e-2, 1.9999607843137257e-2, 2.0000470588235324e-2, 2.0000039215686292e-2, 1.999990196078436e-2, 1.9999647058823573e-2, -2.00001568627451e-2, -2.0e-2, -2.0e-2, -2.0e-2, 0.0, -2.0e-2, -2.0e-2 ], [ -2.0e-2, -2.0e-2, 0.0, 0.0, -2.0e-2, -2.0e-2, 2.0000294117647033e-2, -1.9999568627451034e-2, 1.9999862745098e-2, -1.9999705882352965e-2, 2.0000431372548966e-2, 1.9999725490196067e-2, 2.000001960784317e-2, 1.9999588235294134e-2, 1.9999588235294134e-2, 2.000001960784317e-2, 2.00004509803922e-2, 2.0000313725490156e-2, -2.000025490196081e-2, 1.9999607843137257e-2, 2.00004509803922e-2, 1.96078431372549e-2, -2.0e-2, -2.0e-2, -2.0e-2, 0.0, -2.0e-2, -2.0e-2 ], [ 0.0, -2.0e-2, 0.0, -2.0e-2, 0.0, -2.0e-2, 1.9999862745098e-2, -2.0000137254902e-2, 2.0000156862745103e-2, 2.0000156862745103e-2, 2.0000313725490156e-2, 2.00004509803922e-2, 2.0000176470588226e-2, 1.9999607843137257e-2, 2.0000039215686292e-2, 2.0000470588235324e-2, 2.0000039215686292e-2, 1.999990196078436e-2, 2.0000039215686292e-2, 2.0000470588235324e-2, 2.00004509803922e-2, 2.0000254901960782e-2, -2.0e-2, -2.0e-2, -2.0e-2, -2.0e-2, -2.0e-2, -2.0e-2 ], [ -2.0e-2, -2.0e-2, 0.0, -2.0e-2, 0.0, -2.0e-2, 2.0000313725490226e-2, 1.9999588235294092e-2, 2.0000450980392156e-2, 2.0000450980392156e-2, 2.000033333333335e-2, 2.0000039215686247e-2, 2.0000039215686247e-2, 2.000005882352937e-2, 2.000005882352937e-2, 1.999962745098034e-2, 2.0000196078431415e-2, 1.999976470588238e-2, 1.9999921568627437e-2, 1.9999725490196067e-2, 2.0e-2, -1.9999627450980394e-2, -2.0e-2, -2.0e-2, -2.0e-2, -2.0e-2, -2.0e-2, -2.0e-2 ], [ 0.0, -2.0e-2, -2.0e-2, -2.0e-2, -2.0e-2, -2.0e-2, -2.0000450980392156e-2, -1.999994117647059e-2, 2.000031372549021e-2, 1.999956862745098e-2, 2.000041176470589e-2, 2.0000254901960782e-2, 2.0000235294117628e-2, 1.9999627450980415e-2, 1.9999627450980415e-2, 1.999976470588235e-2, 1.9999784313725472e-2, 1.9999823529411775e-2, -2.0000117647058824e-2, 1.999992156862745e-2, 1.9999647058823528e-2, -2.0e-2, -2.0e-2, -2.0e-2, -2.0e-2, -2.0e-2, -2.0e-2, -2.0e-2 ] ]
  robust!43 [......................................................] 0/9 queries
  robust!43 [======>...............................................] 1/9 queries
  robust!43 [============>.........................................] 2/9 queries
  robust!43 [==================>...................................] 3/9 queries
    result: ✗ - Marabou found a counterexample
      perturbation: [ [ 0.0, -2.0e-2, -2.0e-2, -2.0e-2, -2.0e-2, 0.0, 0.0, 0.0, 0.0, 0.0, 0.0, -2.0e-2, -2.0e-2, 0.0, 0.0, -2.0e-2, -2.0e-2, -2.0e-2, 0.0, -2.0e-2, 0.0, 0.0, 0.0, 0.0, 0.0, -2.0e-2, 0.0, 0.0 ], [ 0.0, -2.0e-2, -2.0e-2, -2.0e-2, 0.0, 0.0, -2.0e-2, 0.0, 0.0, -2.0e-2, 0.0, -2.0e-2, -2.0e-2, 0.0, 0.0, 0.0, -2.0e-2, -2.0e-2, -2.0e-2, 0.0, 0.0, 0.0, 0.0, 0.0, 0.0, 0.0, 0.0, 0.0 ], [ 0.0, -2.0e-2, -2.0e-2, 0.0, -2.0e-2, 0.0, 0.0, -2.0e-2, 0.0, 0.0, 0.0, 0.0, 0.0, 0.0, 0.0, 0.0, 0.0, 0.0, -2.0e-2, 0.0, 0.0, 0.0, 0.0, 0.0, 0.0, 0.0, -2.0e-2, 0.0 ], [ -2.0e-2, -2.0e-2, 0.0, 0.0, -2.0e-2, 0.0, 0.0, 0.0, -2.0e-2, 0.0, 0.0, 0.0, 0.0, 0.0, 0.0, 0.0, 0.0, 0.0, 0.0, -2.0e-2, -2.0e-2, 0.0, 0.0, -2.0e-2, 0.0, 0.0, -2.0e-2, -2.0e-2 ], [ -2.0e-2, -2.0e-2, 0.0, 0.0, 0.0, 0.0, 0.0, 0.0, 0.0, 0.0, 0.0, 0.0, 0.0, 0.0, 0.0, 0.0, 0.0, 0.0, 0.0, 0.0, 0.0, 0.0, 0.0, -2.0e-2, -2.0e-2, 0.0, 0.0, -2.0e-2 ], [ -2.0e-2, -2.0e-2, 0.0, 0.0, 0.0, 0.0, 0.0, 0.0, 0.0, 0.0, 0.0, 0.0, 0.0, 0.0, 3.92156862745098e-3, 0.0, 0.0, 2.000039215686272e-2, 2.0000372549019627e-2, 1.999954901960784e-2, 0.0, 0.0, 0.0, 0.0, 0.0, 0.0, 0.0, -2.0e-2 ], [ 0.0, 0.0, 0.0, 0.0, 0.0, 0.0, -2.0e-2, 0.0, 0.0, 0.0, -2.0e-2, -2.0e-2, 0.0, 0.0, 1.1764705882352941e-2, -2.0e-2, 2.000000000000001e-2, 2.0000196078431415e-2, 1.9999784313725507e-2, 2.0e-2, 2.0000294117647033e-2, 1.9999627450980426e-2, 1.999956862745098e-2, -2.0e-2, 0.0, 0.0, 0.0, 0.0 ], [ 0.0, 0.0, -2.0e-2, 0.0, -2.0e-2, 0.0, -2.0e-2, 0.0, 0.0, 0.0, -2.0e-2, 0.0, -2.0e-2, -2.0e-2, -2.0e-2, -2.0e-2, 2.0000137254901976e-2, 1.9999549019607887e-2, 1.999998039215681e-2, 1.999994117647056e-2, 1.999962745098034e-2, 2.0000039215686247e-2, 2.0000039215686247e-2, -1.9999745098039215e-2, -1.999962745098036e-2, -2.0000372549019586e-2, 0.0, 0.0 ], [ 0.0, 0.0, 0.0, -2.0e-2, -2.0e-2, 0.0, -2.0e-2, 0.0, 0.0, -2.0e-2, -2.0e-2, 0.0, -2.0e-2, -1.9999725490196078e-2, -2.0e-2, 0.0, 2.0000039215686247e-2, 2.0000235294117662e-2, 1.999994117647056e-2, 1.999980392156863e-2, 1.9999823529411754e-2, 1.9999960784313688e-2, 1.9999529411764652e-2, 2.0000235294117662e-2, -1.17647058823529e-2, 1.9999588235294134e-2, -2.0e-2, 0.0 ], [ 0.0, 0.0, 0.0, -2.0e-2, -2.0e-2, -2.0e-2, -2.0e-2, 0.0, 0.0, -2.0e-2, -2.0e-2, 0.0, 0.0, 0.0, 0.0, 2.000045098039217e-2, 2.0000039215686268e-2, 1.999988235294119e-2, 1.9999823529411754e-2, 1.999980392156863e-2, 1.999994117647056e-2, -1.9999627450980405e-2, -2.000019607843137e-2, -2.000047058823535e-2, -1.9999784313725462e-2, 2.0000137254901976e-2, 0.0, 0.0 ], [ 0.0, 0.0, 0.0, 0.0, -2.0e-2, -2.0e-2, -2.0e-2, 0.0, 0.0, -2.0e-2, 0.0, 0.0, 0.0, 0.0, 0.0, 2.000019607843135e-2, 2.0e-2, 2.0000235294117662e-2, 1.9999960784313688e-2, 1.999950980392153e-2, 2.0000372549019596e-2, 1.999980392156863e-2, 1.999994117647056e-2, 1.999968627450982e-2, 2.0000196078431415e-2, 2.000039215686272e-2, 0.0, 0.0 ], [ -2.0e-2, 0.0, -2.0e-2, -2.0e-2, -2.0e-2, 0.0, -2.0e-2, 0.0, 0.0, 0.0, 0.0, 7.84313725490196e-3, 0.0, 0.0, 2.0000019607843145e-2, 2.0000039215686227e-2, 1.9999960784313688e-2, 1.999980392156863e-2, 2.0000235294117662e-2, 1.999980392156863e-2, 1.9999666666666697e-2, 1.999980392156863e-2, 2.0000235294117662e-2, 1.9999666666666697e-2, 1.9999921568627437e-2, 2.0000352941176473e-2, 0.0, 0.0 ], [ -2.0e-2, 0.0, -2.0e-2, -2.0e-2, 0.0, 0.0, -2.0e-2, 0.0, 7.84313725490196e-3, 2.000041176470588e-2, 2.000041176470588e-2, 0.0, 0.0, 0.0, 2.0000431372549e-2, 2.0e-2, 1.999994117647056e-2, 1.9999529411764652e-2, 1.999980392156863e-2, 1.999980392156863e-2, 2.0000372549019596e-2, 2.0000078431372494e-2, 1.9999666666666697e-2, 1.9999823529411754e-2, 1.999980392156863e-2, 2.0e-2, 0.0, -2.0e-2 ], [ 0.0, 0.0, 0.0, 0.0, 0.0, -2.0e-2, -2.000043137254902e-2, 0.0, 1.96078431372549e-2, 0.0, 0.0, 1.1764705882352941e-2, 0.0, 1.999956862745101e-2, 2.000039215686272e-2, 2.000039215686272e-2, 1.9999529411764652e-2, 1.999994117647056e-2, 1.9999666666666697e-2, 2.0000235294117662e-2, 1.999980392156863e-2, 2.0000235294117662e-2, 1.9999823529411754e-2, 2.0000078431372494e-2, 2.000009803921573e-2, 2.0000019607843124e-2, 1.9999607843137236e-2, -2.0e-2 ], [ 0.0, 0.0, 0.0, 3.92156862745098e-3, 7.84313725490196e-3, -2.000029411764706e-2, -2.0e-2, 0.0, 0.0, 1.9999529411764704e-2, 1.9999764705882366e-2, 1.999952941176473e-2, 2.000021568627454e-2, 2.0000117647058786e-2, 2.000009803921573e-2, 2.0000372549019596e-2, 1.9999666666666697e-2, 2.0000235294117662e-2, 1.999980392156863e-2, 1.999980392156863e-2, 2.0000372549019596e-2, 2.0000078431372494e-2, 1.999962745098034e-2, 2.0000078431372494e-2, 2.0000431372548966e-2, 2.000039215686272e-2, 1.999994117647056e-2, -2.0e-2 ], [ 3.92156862745098e-3, 0.0, 0.0, 0.0, 0.0, 0.0, 0.0, 0.0, 1.9999901960784338e-2, 2.000023529411764e-2, 2.0e-2, 2.000013725490191e-2, 2.0000450980392156e-2, 2.0000431372548966e-2, 2.0000470588235324e-2, 1.9999529411764652e-2, 1.9999647058823573e-2, 2.0000372549019596e-2, 1.999950980392153e-2, 1.999950980392153e-2, 1.9999784313725507e-2, 2.0000490196078406e-2, 2.0000156862745103e-2, 1.999954901960782e-2, 2.0000098039215663e-2, 1.9999588235294134e-2, 2.0e-2, 1.999978431372549e-2 ], [ 0.0, 0.0, 0.0, 0.0, 1.9999725490196088e-2, -1.9999862745098046e-2, -2.000001960784319e-2, -1.999980392156865e-2, 2.000009803921573e-2, 2.0000372549019596e-2, 1.9999549019607887e-2, 2.0000490196078406e-2, 2.0000372549019596e-2, 1.999974509803919e-2, 2.0000156862745103e-2, 2.0000137254901976e-2, 2.0000078431372494e-2, 1.9999666666666697e-2, 1.999980392156863e-2, 1.9999784313725507e-2, 2.000009803921573e-2, 2.0000058823529416e-2, 1.9999803921568672e-2, 2.000025490196083e-2, 1.9999803921568672e-2, 2.000001960784317e-2, 1.9999862745098067e-2, 1.96078431372549e-2 ], [ 2.0000254901960782e-2, 1.999990196078436e-2, 2.0000470588235324e-2, 1.999968627450982e-2, 2.000021568627454e-2, -1.999966666666665e-2, -2.0000352941176427e-2, -9.520784313725461e-3, 2.000009803921573e-2, 1.9999960784313688e-2, 1.999950980392153e-2, 1.999998039215681e-2, 1.999950980392153e-2, -2.000001960784319e-2, 2.0000313725490156e-2, 2.0000294117647033e-2, -2.0000333333333304e-2, 2.0000490196078406e-2, 2.0000372549019596e-2, 1.9999784313725507e-2, 2.000027450980391e-2, 2.0000333333333283e-2, 2.0000176470588226e-2, 2.0000215686274473e-2, 1.999966666666663e-2, 2.0000333333333283e-2, 1.999980392156863e-2, 1.9999980392156842e-2 ], [ -1.999968627450984e-2, 1.999980392156863e-2, 2.0000137254901976e-2, 1.9999823529411754e-2, 1.999968627450982e-2, 1.9999823529411754e-2, 1.9999529411764652e-2, 2.000039215686272e-2, 1.999994117647056e-2, 1.999994117647056e-2, 1.999950980392153e-2, 1.999950980392153e-2, 1.9999647058823573e-2, 1.9999960784313688e-2, 1.999974509803919e-2, 1.999990196078436e-2, 1.9999862745098e-2, 1.9999960784313688e-2, 1.9999960784313688e-2, 1.9999529411764652e-2, 2.0000137254901976e-2, 2.000027450980391e-2, 1.9999843137254877e-2, 1.9999843137254877e-2, 1.999998039215681e-2, -2.0000176470588247e-2, 2.0000196078431415e-2, 1.999988235294116e-2 ], [ 1.9999509803921563e-2, 1.9999588235294134e-2, 2.0000431372548966e-2, -1.9999529411764673e-2, 1.999962745098038e-2, -1.999996078431371e-2, -1.9999999999999955e-2, 1.999956862745101e-2, 2.000027450980391e-2, 1.9999549019607887e-2, 2.0000411764705843e-2, 1.999968627450982e-2, 1.9999549019607887e-2, 2.0000117647058852e-2, 2.0000411764705843e-2, 1.999968627450982e-2, 2.0000078431372494e-2, 2.000005882352937e-2, 2.0e-2, 2.0000294117647102e-2, 2.0000019607843124e-2, 1.999994117647056e-2, 1.999998039215681e-2, 1.999974509803919e-2, 1.9999686274509754e-2, -2.0000078431372584e-2, 2.0000058823529395e-2, 0.0 ], [ 0.0, 1.9999960784313726e-2, 1.9999862745098032e-2, 1.999962745098038e-2, 1.9999960784313688e-2, 1.999994117647056e-2, 1.999962745098034e-2, -1.999990196078427e-2, 2.000021568627454e-2, 1.9999647058823573e-2, -1.9999784313725462e-2, 1.9999784313725507e-2, 1.9999647058823573e-2, 2.0e-2, 2.0e-2, 1.999994117647056e-2, 1.99998235294118e-2, 1.9999725490196102e-2, 2.000049019607843e-2, 1.999954901960784e-2, 0.0, 0.0, -2.0e-2, 0.0, -2.0e-2, -2.0e-2, -2.000043137254902e-2, -2.0e-2 ], [ 0.0, 0.0, 0.0, 0.0, 1.1764705882352941e-2, 2.0000215686274508e-2, 1.999996078431371e-2, 2.000045098039218e-2, -2.0000137254901965e-2, 2.0000137254901955e-2, 1.9999705882352923e-2, 2.0000058823529395e-2, 2.000043137254902e-2, 2.0000078431372546e-2, 0.0, 0.0, 0.0, 0.0, 0.0, 1.9999980392156863e-2, 1.568627450980392e-2, 1.9999666666666666e-2, 1.9999803921568627e-2, 2.0000215686274508e-2, 2.000049019607843e-2, 2.0000176470588247e-2, -1.999950980392157e-2, 0.0 ], [ 0.0, 0.0, 3.92156862745098e-3, 0.0, 0.0, 0.0, 0.0, 0.0, 0.0, 0.0, 0.0, 0.0, 0.0, 0.0, 1.1764705882352941e-2, 2.0000254901960782e-2, 2.0000392156862744e-2, 1.9999960784313726e-2, 2.0000254901960782e-2, 1.9999686274509803e-2, 2.0000117647058824e-2, 1.9999686274509803e-2, -2.00001568627451e-2, 1.568627450980392e-2, 7.84313725490196e-3, 7.84313725490196e-3, 0.0, -2.0e-2 ], [ 0.0, -2.0e-2, 0.0, 0.0, 0.0, 0.0, 0.0, -2.0e-2, 0.0, 0.0, 0.0, 0.0, 0.0, 0.0, 0.0, 0.0, 0.0, 0.0, 0.0, 0.0, -2.0e-2, 0.0, 0.0, 0.0, 0.0, 0.0, -2.0e-2, -2.0e-2 ], [ -2.0e-2, -2.0e-2, 0.0, 0.0, 0.0, 0.0, 0.0, -2.0e-2, 0.0, 0.0, 0.0, 0.0, 0.0, 0.0, 0.0, 0.0, 0.0, 0.0, 0.0, 0.0, 0.0, 0.0, 0.0, 0.0, 0.0, 0.0, -2.0e-2, -2.0e-2 ], [ -2.0e-2, 0.0, 0.0, 0.0, 0.0, 0.0, 0.0, -2.0e-2, -2.0e-2, 0.0, 0.0, 0.0, 0.0, 0.0, 0.0, 0.0, 0.0, 0.0, 0.0, -2.0e-2, 0.0, -2.0e-2, -2.0e-2, 0.0, -2.0e-2, 0.0, -2.0e-2, -2.0e-2 ], [ -2.0e-2, -2.0e-2, 0.0, 0.0, 0.0, 0.0, 0.0, -2.0e-2, -2.0e-2, 0.0, 0.0, 0.0, 0.0, 0.0, 0.0, 0.0, 0.0, 0.0, 0.0, 0.0, 0.0, -2.0e-2, -2.0e-2, -2.0e-2, 0.0, 0.0, -2.0e-2, 0.0 ], [ 0.0, -2.0e-2, -2.0e-2, 0.0, -2.0e-2, -2.0e-2, 0.0, 0.0, 0.0, 0.0, 0.0, 0.0, 0.0, -2.0e-2, 0.0, 0.0, 0.0, 0.0, 0.0, 0.0, 0.0, -2.0e-2, -2.0e-2, -2.0e-2, -2.0e-2, -2.0e-2, 0.0, -2.0e-2 ] ]
  robust!44 [......................................................] 0/9 queries
  robust!44 [======>...............................................] 1/9 queries
  robust!44 [============>.........................................] 2/9 queries
  robust!44 [==================>...................................] 3/9 queries
    result: ✗ - Marabou found a counterexample
      perturbation: [ [ 0.0, 0.0, 0.0, 0.0, 0.0, 0.0, 0.0, 1.96078431372549e-2, 0.0, 0.0, 0.0, 1.9999705882352923e-2, 2.000031372549019e-2, 2.0000431372549e-2, 1.999984313725491e-2, 1.9999862745098032e-2, 2.000005882352946e-2, 0.0, 0.0, 7.84313725490196e-3, 1.568627450980392e-2, 0.0, 3.92156862745098e-3, 0.0, 0.0, 0.0, 0.0, 0.0 ], [ 0.0, 0.0, 0.0, 0.0, 0.0, 0.0, 0.0, 0.0, 0.0, 0.0, 2.0000294117647078e-2, 2.0000078431372494e-2, 1.999998039215681e-2, 2.0000235294117596e-2, 1.9999607843137257e-2, 2.0000196078431415e-2, 1.9999647058823573e-2, 1.9999803921568672e-2, 0.0, 0.0, 0.0, 0.0, 3.92156862745098e-3, 0.0, 0.0, 0.0, 0.0, 0.0 ], [ 0.0, 0.0, 0.0, 0.0, 0.0, 0.0, 0.0, 2.0000294117647057e-2, 1.9999999999999976e-2, 1.9999843137254877e-2, 2.0000411764705843e-2, 2.0000333333333283e-2, 2.0000156862745103e-2, 1.9999745098039236e-2, 2.0000274509803954e-2, 1.9999843137254877e-2, 1.9999784313725438e-2, 2.0000156862745103e-2, 2.0000490196078406e-2, 2.000047058823526e-2, 2.0000019607843134e-2, 0.0, 0.0, 0.0, 0.0, 0.0, 0.0, 0.0 ], [ 0.0, 0.0, 0.0, 0.0, 0.0, 0.0, 2.000023529411764e-2, 1.9999960784313688e-2, 2.0000254901960786e-2, 1.9999705882352944e-2, 1.9999588235294134e-2, 1.9999588235294134e-2, 1.999980392156863e-2, 1.9999529411764652e-2, 1.999968627450982e-2, 1.999994117647056e-2, 2.0000039215686292e-2, 1.9999647058823507e-2, 1.9999882352941124e-2, 1.9999843137254877e-2, 2.0000000000000046e-2, 2.0000039215686227e-2, 0.0, 3.92156862745098e-3, 0.0, 0.0, 0.0, 0.0 ], [ 0.0, 0.0, 0.0, 0.0, 0.0, 0.0, 2.000027450980391e-2, 1.9999725490196067e-2, 2.000001960784317e-2, 1.9999862745098e-2, 1.999974509803919e-2, 2.0000431372548966e-2, 1.9999705882352944e-2, 1.9999647058823573e-2, 2.0000313725490226e-2, 2.00004509803922e-2, 2.000001960784317e-2, 1.9999862745098e-2, 1.999974509803919e-2, 2.0000039215686292e-2, 1.999996078431373e-2, 2.0000431372548966e-2, 2.000035294117647e-2, 0.0, 0.0, 0.0, 0.0, 0.0 ], [ 0.0, 0.0, 0.0, 0.0, 0.0, 1.9999607843137236e-2, 2.000039215686272e-2, 1.9999725490196067e-2, 1.999998039215681e-2, 1.9999509803921574e-2, 2.0000470588235324e-2, 1.999956862745101e-2, 2.0000156862745103e-2, 1.9999960784313688e-2, 1.9999823529411754e-2, 1.9999921568627482e-2, 1.9999784313725438e-2, 2.000019607843135e-2, 2.0000176470588226e-2, 1.9999588235294134e-2, 1.999962745098038e-2, 1.9999588235294134e-2, 1.9999803921568606e-2, 0.0, 0.0, 0.0, 0.0, 0.0 ], [ 0.0, 0.0, 0.0, 0.0, 0.0, 1.9999607843137302e-2, 2.000009803921573e-2, 2.0000000000000046e-2, 1.999980392156863e-2, 2.0000333333333283e-2, 2.0000490196078448e-2, 1.9999725490196067e-2, 1.9999705882352944e-2, 2.000039215686272e-2, 2.0000117647058852e-2, 2.0000411764705843e-2, 1.9999705882352944e-2, 2.0000352941176518e-2, 1.999954901960782e-2, 2.0000176470588226e-2, 1.999962745098038e-2, 2.0000156862745103e-2, 2.0000117647058786e-2, 0.0, 0.0, 0.0, 0.0, 0.0 ], [ 0.0, 0.0, 0.0, 0.0, 0.0, 2.0000392156862765e-2, 1.9999960784313688e-2, 2.0000431372548966e-2, 1.9999882352941124e-2, 2.000019607843135e-2, 2.00004509803922e-2, 2.0000470588235324e-2, 1.999996078431373e-2, 1.9999921568627482e-2, 2.0000137254901976e-2, 1.9999647058823507e-2, 2.000007843137254e-2, 1.9999921568627482e-2, 1.99998235294118e-2, 2.0000333333333283e-2, 1.9999784313725438e-2, 2.0000470588235324e-2, 2.0000058823529416e-2, 0.0, 0.0, 0.0, 0.0, 0.0 ], [ 0.0, 0.0, 0.0, 0.0, 0.0, 2.00004509803922e-2, 2.0000254901960786e-2, 1.999998039215681e-2, 2.0000137254901976e-2, 2.0000294117647033e-2, 2.00004509803922e-2, 2.0000352941176518e-2, 1.999990196078436e-2, 2.0000411764705843e-2, 2.0000137254901976e-2, 2.0000039215686292e-2, 2.000037254901964e-2, 2.0000352941176518e-2, 2.0000333333333283e-2, 2.0000176470588226e-2, 1.999962745098038e-2, 2.0000176470588226e-2, 2.0000156862745103e-2, 0.0, 0.0, 0.0, 0.0, 0.0 ], [ 0.0, 0.0, 0.0, 0.0, 0.0, 1.9999549019607887e-2, 2.000039215686272e-2, 2.0000372549019596e-2, 1.999998039215681e-2, 1.9999823529411754e-2, 2.0000294117647033e-2, 2.0000470588235324e-2, 1.999962745098038e-2, 1.9999862745098e-2, 2.0000411764705843e-2, 2.0000313725490156e-2, 2.0000490196078448e-2, 2.000037254901964e-2, 2.000037254901964e-2, 2.000007843137254e-2, 2.0000176470588226e-2, 1.9999882352941124e-2, 2.000027450980391e-2, 0.0, 0.0, 0.0, 0.0, 0.0 ], [ 0.0, 0.0, 0.0, 0.0, 0.0, 2.0000235294117662e-2, 2.0000254901960786e-2, 1.9999647058823573e-2, 2.0000431372548966e-2, 1.9999549019607887e-2, 2.0000156862745103e-2, 1.9999588235294134e-2, 1.9999607843137257e-2, 1.9999764705882314e-2, 1.9999647058823573e-2, 1.9999882352941124e-2, 1.9999607843137257e-2, 1.999954901960782e-2, 2.0000215686274473e-2, 1.9999647058823507e-2, 1.9999588235294134e-2, 2.0000313725490156e-2, 2.0000411764705843e-2, 2.000049019607843e-2, 0.0, 0.0, 0.0, 0.0 ], [ 0.0, 0.0, 0.0, 0.0, 0.0, 1.9999745098039257e-2, 2.0000254901960786e-2, 1.999962745098034e-2, 2.0000137254901976e-2, 1.999968627450982e-2, 1.9999862745098e-2, 2.0000235294117596e-2, 2.0000294117647033e-2, 2.0000215686274473e-2, 2.0000431372548966e-2, 2.0000039215686292e-2, 2.0000352941176518e-2, 2.0000333333333283e-2, 2.00004509803922e-2, 2.0000058823529416e-2, 2.0000137254901976e-2, 1.9999882352941124e-2, 2.0000137254901976e-2, 2.0000019607843134e-2, 0.0, 0.0, 0.0, 0.0 ], [ 0.0, 0.0, 0.0, 0.0, 0.0, 2.0000490196078406e-2, 1.9999666666666697e-2, 1.999976470588238e-2, 2.0000490196078448e-2, 2.0000137254901976e-2, 1.9999705882352944e-2, 1.9999882352941124e-2, 1.9999725490196067e-2, 2.0000176470588226e-2, 2.0000372549019596e-2, 1.9999607843137257e-2, 2.0000490196078448e-2, 1.9999647058823507e-2, 2.0000352941176518e-2, 1.9999764705882314e-2, 2.0000215686274473e-2, 2.00004509803922e-2, 1.9999705882352944e-2, 2.000011764705882e-2, 0.0, 0.0, 0.0, 0.0 ], [ 0.0, 0.0, 0.0, 0.0, 2.0000098039215687e-2, 1.9999588235294092e-2, 2.0000372549019596e-2, 2.000021568627454e-2, 2.0000176470588226e-2, 2.0000254901960786e-2, 1.9999705882352944e-2, 1.9999588235294134e-2, 1.9999588235294134e-2, 2.0000176470588226e-2, 1.999950980392153e-2, 1.999974509803919e-2, 2.0000176470588226e-2, 2.0000352941176518e-2, 2.000007843137254e-2, 2.000019607843135e-2, 2.00004509803922e-2, 1.9999725490196067e-2, 2.000039215686272e-2, 2.0000470588235304e-2, 0.0, 0.0, 0.0, 0.0 ], [ 0.0, 0.0, 0.0, 0.0, 2.0000137254901972e-2, 2.0000235294117662e-2, 1.999980392156863e-2, 1.999962745098034e-2, 1.999956862745101e-2, 2.000009803921573e-2, 1.9999725490196067e-2, 1.9999862745098046e-2, 2.0000137254901976e-2, 1.9999588235294134e-2, 1.999968627450982e-2, 2.0000156862745103e-2, 2.0000235294117596e-2, 1.999954901960782e-2, 2.000001960784317e-2, 1.9999764705882314e-2, 1.9999960784313688e-2, 1.9999588235294134e-2, 1.9999823529411754e-2, 2.0000039215686268e-2, 0.0, 0.0, 0.0, 0.0 ], [ 0.0, 0.0, 0.0, 0.0, 1.999964705882354e-2, 1.999980392156863e-2, 1.999980392156863e-2, 1.999976470588238e-2, 2.0000156862745103e-2, 1.9999529411764652e-2, 2.0000431372548966e-2, 1.999974509803919e-2, 2.0000000000000046e-2, 2.0000294117647033e-2, 2.000009803921573e-2, 2.0000294117647033e-2, 1.999974509803919e-2, 2.000007843137254e-2, 2.0000470588235324e-2, 1.999996078431373e-2, 1.9999960784313688e-2, 1.9999862745098e-2, 1.9999588235294134e-2, 1.9999980392156842e-2, 0.0, 0.0, 0.0, 0.0 ], [ 0.0, 0.0, 0.0, 0.0, 1.999992156862746e-2, 2.0000156862745058e-2, 1.999950980392153e-2, 2.000017647058818e-2, 2.00004509803922e-2, 2.0000235294117662e-2, 2.0000294117647033e-2, 2.0000137254901976e-2, 1.999956862745101e-2, 1.9999705882352944e-2, 2.0000235294117662e-2, 2.000019607843135e-2, 2.0000313725490156e-2, 1.9999764705882314e-2, 2.0000333333333283e-2, 1.999988235294117e-2, 1.9999705882352944e-2, 2.000027450980391e-2, 1.999950980392153e-2, 2.000011764705883e-2, 0.0, 0.0, 0.0, 0.0 ], [ 0.0, 0.0, 0.0, 0.0, 2.0000470588235304e-2, 1.9999588235294092e-2, 2.0000235294117662e-2, 2.0000470588235283e-2, 1.999950980392153e-2, 1.999974509803919e-2, 2.0000333333333283e-2, 1.999956862745101e-2, 2.0000137254901976e-2, 1.9999588235294134e-2, 1.9999549019607887e-2, 2.0000039215686292e-2, 2.0000470588235324e-2, 2.000019607843135e-2, 2.000019607843135e-2, 1.9999607843137257e-2, 1.999998039215681e-2, 1.9999549019607887e-2, 2.0000411764705843e-2, 2.0000254901960765e-2, 0.0, 0.0, 0.0, 0.0 ], [ 0.0, 0.0, 0.0, 0.0, 2.0000019607843145e-2, 1.9999588235294092e-2, 2.0000078431372494e-2, 2.0000196078431415e-2, 1.9999529411764652e-2, 2.0000117647058852e-2, 1.9999764705882314e-2, 2.0000431372548966e-2, 1.9999529411764652e-2, 1.9999588235294134e-2, 2.0000137254901976e-2, 1.9999960784313688e-2, 2.0000313725490156e-2, 1.9999647058823507e-2, 1.9999921568627482e-2, 1.9999882352941124e-2, 2.0000156862745144e-2, 2.000021568627454e-2, 2.0000137254901976e-2, 2.0000372549019627e-2, 0.0, 0.0, 0.0, 0.0 ], [ 0.0, 0.0, 0.0, 0.0, 2.0000274509803944e-2, 2.0000019607843124e-2, 1.9999647058823573e-2, 2.0000372549019596e-2, 2.0000137254901976e-2, 1.9999862745098e-2, 1.9999725490196067e-2, 2.0000137254901976e-2, 1.9999607843137257e-2, 2.0000039215686292e-2, 2.0000313725490156e-2, 2.0000431372548966e-2, 2.00004509803922e-2, 2.0000352941176518e-2, 2.0000352941176518e-2, 2.000019607843135e-2, 2.0000156862745144e-2, 1.9999647058823573e-2, 1.999968627450982e-2, 1.9999529411764687e-2, 0.0, 0.0, 0.0, 0.0 ], [ 0.0, 0.0, 0.0, 0.0, 1.9999549019607866e-2, 1.9999607843137215e-2, 1.999994117647056e-2, 1.9999901960784314e-2, 1.9999960784313688e-2, 2.0000000000000046e-2, 2.0000294117647033e-2, 1.9999862745098e-2, 1.999998039215681e-2, 1.999974509803919e-2, 2.000001960784317e-2, 2.000039215686272e-2, 2.0000431372548966e-2, 2.0000058823529416e-2, 1.999962745098038e-2, 1.9999509803921574e-2, 1.9999549019607887e-2, 1.9999529411764652e-2, 2.0000137254901976e-2, 2.0000372549019627e-2, 0.0, 0.0, 0.0, 0.0 ], [ 0.0, 0.0, 0.0, 0.0, 2.0000372549019627e-2, 1.9999588235294092e-2, 2.000005882352937e-2, 2.0000039215686247e-2, 1.9999823529411754e-2, 2.0000254901960786e-2, 2.00004509803922e-2, 1.9999725490196067e-2, 2.0000235294117662e-2, 2.000027450980391e-2, 1.9999882352941124e-2, 1.999994117647056e-2, 1.9999549019607887e-2, 1.9999921568627482e-2, 1.9999764705882314e-2, 2.0000058823529416e-2, 2.0000078431372494e-2, 1.999968627450982e-2, 1.999998039215681e-2, 1.9999803921568606e-2, 0.0, 0.0, 0.0, 0.0 ], [ 0.0, 0.0, 0.0, 0.0, 2.0000156862745144e-2, 1.9999784313725507e-2, 1.999976470588238e-2, 1.9999647058823573e-2, 1.999968627450982e-2, 2.0000117647058852e-2, 2.0000294117647033e-2, 1.9999705882352944e-2, 1.999968627450982e-2, 2.0000294117647033e-2, 2.0000000000000046e-2, 1.999962745098034e-2, 1.9999607843137257e-2, 1.999954901960782e-2, 2.000019607843135e-2, 2.0000352941176518e-2, 1.9999823529411754e-2, 2.0000294117647033e-2, 1.9999549019607887e-2, 1.9999666666666673e-2, 0.0, 0.0, 0.0, 0.0 ], [ 0.0, 0.0, 0.0, 0.0, 1.9999862745098046e-2, 1.9999784313725507e-2, 1.999962745098034e-2, 2.000021568627454e-2, 1.9999960784313688e-2, 1.9999843137254877e-2, 1.9999588235294134e-2, 1.999974509803919e-2, 1.999950980392153e-2, 2.0000490196078448e-2, 2.0000470588235324e-2, 2.0000470588235283e-2, 1.9999725490196067e-2, 1.9999764705882314e-2, 1.999990196078436e-2, 1.999990196078436e-2, 1.9999960784313688e-2, 1.9999823529411754e-2, 1.9999843137254877e-2, 1.9999549019607866e-2, 0.0, 0.0, 0.0, 0.0 ], [ 0.0, 0.0, 0.0, 0.0, 1.9999588235294113e-2, 1.999976470588238e-2, 2.0000490196078406e-2, 1.999976470588238e-2, 1.9999705882352944e-2, 1.9999725490196067e-2, 2.0000431372548966e-2, 1.9999607843137257e-2, 2.0000117647058852e-2, 1.999966666666663e-2, 1.9999764705882314e-2, 1.9999901960784314e-2, 1.9999843137254877e-2, 1.9999764705882314e-2, 2.000037254901964e-2, 1.9999764705882314e-2, 1.999970588235299e-2, 2.0000156862745103e-2, 2.000039215686272e-2, 1.999976470588235e-2, 0.0, 0.0, -2.0e-2, -2.0e-2 ], [ 0.0, 0.0, 0.0, 0.0, 1.9999607843137236e-2, 1.999976470588238e-2, 1.9999705882352944e-2, 1.9999803921568606e-2, 2.0e-2, 1.999974509803919e-2, 2.0000058823529416e-2, 1.999974509803919e-2, 1.9999843137254877e-2, 2.0000372549019596e-2, 2.000027450980391e-2, 2.0000372549019596e-2, 2.0000431372548966e-2, 1.9999980392156853e-2, 1.999962745098038e-2, 1.999980392156863e-2, 0.0, 1.9999764705882314e-2, 1.9999823529411754e-2, 2.000000000000002e-2, 0.0, 0.0, 0.0, 0.0 ], [ 0.0, 0.0, 0.0, 0.0, 2.0000411764705878e-2, 1.9999607843137215e-2, 1.9999862745098067e-2, 0.0, 1.99996862745098e-2, 2.0e-2, 2.000039215686272e-2, 1.999998039215681e-2, 2.0000078431372494e-2, 2.0000313725490226e-2, 1.9999882352941124e-2, 2.0000313725490156e-2, 1.999998039215681e-2, 2.000009803921573e-2, 1.999968627450982e-2, 2.0000078431372574e-2, 0.0, 2.0e-2, 2.0000235294117662e-2, 1.9999784313725483e-2, 0.0, 0.0, 0.0, 0.0 ], [ 0.0, 0.0, 0.0, 0.0, 0.0, 2.0000019607843134e-2, 1.9999823529411764e-2, 0.0, 0.0, 1.9999745098039215e-2, 2.0000196078431395e-2, 2.0000117647058786e-2, 1.9999607843137257e-2, 1.999968627450982e-2, 1.9999686274509754e-2, 2.0000019607843103e-2, 1.99998235294118e-2, 1.999992156862746e-2, 0.0, 0.0, 0.0, 2.000005882352941e-2, 2.000045098039217e-2, 0.0, -2.0e-2, 0.0, 0.0, 0.0 ] ]
  robust!45 [......................................................] 0/9 queries
  robust!45 [======>...............................................] 1/9 queries
  robust!45 [============>.........................................] 2/9 queries
  robust!45 [==================>...................................] 3/9 queries
  robust!45 [========================>.............................] 4/9 queries
  robust!45 [==============================>.......................] 5/9 queries
  robust!45 [====================================>.................] 6/9 queries
    result: ✗ - Marabou found a counterexample
      perturbation: [ [ 0.0, 0.0, 0.0, 0.0, 0.0, 0.0, 0.0, 0.0, 0.0, 0.0, 0.0, -2.0e-2, 0.0, 0.0, 0.0, 0.0, 0.0, 0.0, 0.0, 0.0, 0.0, -2.0e-2, 0.0, 0.0, 0.0, 0.0, -2.0e-2, 0.0 ], [ 0.0, 0.0, 0.0, 0.0, 0.0, 0.0, 0.0, 0.0, 0.0, -2.0e-2, 0.0, 0.0, 0.0, 0.0, 0.0, 0.0, 0.0, 0.0, 0.0, 0.0, 0.0, 0.0, -2.0e-2, 0.0, -2.0e-2, 0.0, 0.0, 0.0 ], [ -2.0e-2, 0.0, 0.0, 0.0, 0.0, 0.0, 0.0, -2.0e-2, 0.0, 0.0, 0.0, 0.0, 0.0, 0.0, 0.0, 0.0, 0.0, 0.0, 0.0, 0.0, 0.0, -2.0e-2, 0.0, 0.0, 0.0, 0.0, 0.0, 0.0 ], [ 0.0, 0.0, 0.0, 0.0, 0.0, 0.0, 0.0, 0.0, -2.0e-2, 0.0, 0.0, 0.0, 0.0, 0.0, 0.0, 0.0, 0.0, 0.0, 0.0, 0.0, 0.0, 0.0, 0.0, 0.0, 0.0, 0.0, 0.0, 0.0 ], [ 0.0, 0.0, 0.0, 0.0, 0.0, 0.0, 0.0, 0.0, 0.0, 0.0, 0.0, 0.0, 0.0, 0.0, 0.0, 0.0, 0.0, 0.0, 0.0, 0.0, 0.0, 0.0, 0.0, -2.0e-2, 0.0, 0.0, 0.0, 0.0 ], [ 0.0, 0.0, 0.0, 0.0, 0.0, 0.0, 0.0, 0.0, 0.0, 0.0, 0.0, 0.0, 0.0, 0.0, 0.0, 0.0, 0.0, 0.0, 0.0, 0.0, 0.0, 0.0, 0.0, -2.0e-2, 0.0, 0.0, 0.0, 0.0 ], [ 0.0, 0.0, 0.0, 0.0, 0.0, 0.0, 0.0, 0.0, 0.0, 0.0, 0.0, 0.0, 7.84313725490196e-3, 0.0, 0.0, 0.0, 0.0, 0.0, 2.0000039215686286e-2, 1.999984313725491e-2, 2.0000490196078427e-2, 0.0, 0.0, -2.0e-2, 0.0, 0.0, 0.0, 0.0 ], [ 0.0, 0.0, 0.0, 0.0, 0.0, 0.0, 0.0, 0.0, 0.0, 0.0, 0.0, 0.0, 0.0, 7.84313725490196e-3, 0.0, 0.0, 0.0, 2.000019607843137e-2, 1.9999862745098032e-2, 1.999958823529413e-2, 1.99996862745098e-2, 2.0000117647058786e-2, 1.9999901960784324e-2, -2.0e-2, -2.0e-2, 7.84313725490196e-3, 0.0, 0.0 ], [ 0.0, 0.0, 0.0, 0.0, 0.0, 0.0, 0.0, 0.0, 0.0, 0.0, 0.0, 0.0, 0.0, 7.84313725490196e-3, 0.0, 0.0, 0.0, 1.9999784313725472e-2, 2.0000470588235304e-2, 2.0000274509803934e-2, 2.000011764705882e-2, 1.9999784313725472e-2, 1.9999803921568672e-2, 2.0000019607843145e-2, 1.96078431372549e-2, 0.0, 0.0, 0.0 ], [ 0.0, 0.0, 0.0, 0.0, 0.0, 0.0, 0.0, 0.0, 0.0, 0.0, 0.0, 0.0, 0.0, 0.0, 0.0, 0.0, 1.999980392156865e-2, 1.9999745098039236e-2, 1.9999784313725472e-2, 1.9999627450980415e-2, 2.000015686274508e-2, 1.999964705882354e-2, 2.000011764705882e-2, 1.999976470588236e-2, 2.0000117647058786e-2, 2.0000176470588257e-2, 0.0, 0.0 ], [ 0.0, 0.0, 0.0, 0.0, 0.0, 0.0, 0.0, 0.0, 0.0, 0.0, 0.0, 0.0, 0.0, 0.0, 0.0, 0.0, 2.0000274509803954e-2, 2.000007843137253e-2, 1.9999901960784324e-2, 2.0000098039215698e-2, 2.0000490196078427e-2, 2.0000019607843145e-2, 1.999984313725491e-2, 1.999964705882354e-2, 2.000031372549019e-2, 1.9999725490196067e-2, 0.0, 0.0 ], [ 0.0, 0.0, 0.0, 0.0, 0.0, 0.0, 0.0, 0.0, 0.0, 0.0, 0.0, 7.84313725490196e-3, 0.0, 0.0, 0.0, 2.000031372549019e-2, 2.0e-2, 2.0000274509803954e-2, 2.0000392156862754e-2, 1.9999862745098032e-2, 2.000000000000002e-2, 2.000031372549019e-2, 1.9999862745098032e-2, 2.000031372549019e-2, 1.9999627450980415e-2, 2.0000215686274518e-2, 2.000005882352941e-2, 0.0 ], [ 0.0, 0.0, 0.0, 0.0, 0.0, 0.0, 0.0, 0.0, 0.0, 0.0, 0.0, 0.0, 7.84313725490196e-3, 1.9999823529411764e-2, 2.0000274509803934e-2, 1.9999941176470585e-2, 1.9999529411764687e-2, 2.0000215686274518e-2, 1.9999627450980415e-2, 2.000031372549019e-2, 2.0000392156862754e-2, 2.000023529411764e-2, 2.000007843137253e-2, 1.9999705882352923e-2, 2.000013725490191e-2, 2.000023529411764e-2, 2.000035294117647e-2, -2.0e-2 ], [ 0.0, 0.0, 0.0, 0.0, 0.0, 0.0, 0.0, 0.0, 0.0, 0.0, 0.0, 2.0000215686274508e-2, 1.999956862745098e-2, 2.0000254901960782e-2, 1.999980392156865e-2, 1.999996078431371e-2, 1.999980392156865e-2, 1.999980392156865e-2, 2.0000254901960782e-2, 1.9999941176470585e-2, 2.0000333333333314e-2, 2.0000019607843145e-2, 2.0000333333333314e-2, 2.0000176470588257e-2, 1.9999921568627416e-2, 1.999976470588236e-2, 2.0000333333333314e-2, 0.0 ], [ 0.0, 0.0, 0.0, 0.0, 0.0, 0.0, 0.0, 0.0, 0.0, 0.0, 1.9999725490196088e-2, 1.999996078431371e-2, 1.999956862745098e-2, 1.9999784313725472e-2, 2.0000490196078427e-2, 1.999964705882354e-2, 1.999996078431371e-2, 1.999996078431371e-2, 2.000031372549019e-2, 2.000000000000002e-2, 2.000015686274508e-2, 1.999984313725491e-2, 1.99996862745098e-2, 1.999984313725491e-2, 2.0000470588235304e-2, 1.9999627450980415e-2, 2.000023529411764e-2, 0.0 ], [ -2.0e-2, 0.0, 0.0, 0.0, 0.0, 0.0, 0.0, 1.9999980392156863e-2, 1.999956862745098e-2, 1.999958823529413e-2, 1.999996078431371e-2, 2.0000176470588257e-2, 2.0000274509803934e-2, 2.000041176470589e-2, 1.9999745098039215e-2, 1.9999725490196088e-2, 1.999964705882354e-2, 1.9999784313725472e-2, 1.9999941176470585e-2, 2.000015686274508e-2, 1.99996862745098e-2, 2.000031372549019e-2, 2.0000333333333314e-2, 2.0000333333333314e-2, 2.0000098039215698e-2, 2.000011764705882e-2, 2.0000019607843145e-2, 1.9999980392156863e-2 ], [ 0.0, 0.0, 0.0, 0.0, 0.0, -2.0000019607843138e-2, -2.0000470588235297e-2, -1.999980392156863e-2, 1.999996078431371e-2, 2.000041176470589e-2, 2.0000039215686286e-2, 2.000011764705882e-2, 1.9999882352941173e-2, 2.0000039215686286e-2, 1.999958823529413e-2, 1.9999882352941173e-2, 1.999956862745098e-2, 2.0000490196078427e-2, 2.000015686274508e-2, 2.000031372549019e-2, -2.0000372549019586e-2, 1.9999784313725472e-2, 1.999980392156865e-2, 1.999964705882354e-2, 1.9999627450980415e-2, 2.0000333333333314e-2, 1.999984313725491e-2, 2.000035294117647e-2 ], [ 0.0, 0.0, 0.0, 2.000035294117647e-2, 2.000035294117647e-2, -1.999994117647059e-2, -1.9999568627450982e-2, -2.0000431372549022e-2, 1.9999725490196088e-2, 2.000043137254902e-2, 2.000035294117647e-2, 1.999958823529413e-2, 2.000041176470589e-2, 1.999980392156865e-2, 2.0000490196078427e-2, 2.0000019607843145e-2, 2.000000000000002e-2, 2.000015686274508e-2, 2.0000392156862754e-2, 1.999984313725491e-2, -2.0000352941176462e-2, 2.0000176470588257e-2, 2.000000000000002e-2, 1.9999862745098032e-2, 2.0000019607843145e-2, 2.000031372549019e-2, 2.0000392156862754e-2, 2.000035294117647e-2 ], [ -2.0e-2, 1.9999901960784324e-2, 2.0000254901960782e-2, 2.000043137254902e-2, 1.999958823529413e-2, 2.0000039215686286e-2, 1.999956862745098e-2, 2.000041176470589e-2, 2.0000274509803934e-2, 1.999958823529413e-2, 1.9999725490196088e-2, 1.999956862745098e-2, 2.0000019607843145e-2, 1.9999705882352923e-2, 1.9999549019607866e-2, 2.0000392156862754e-2, 1.9999549019607866e-2, 2.000031372549019e-2, 2.000015686274508e-2, 2.0000392156862754e-2, 3.9786274509803375e-4, 2.0000019607843145e-2, 2.0000176470588257e-2, 1.9999627450980415e-2, -2.000021568627453e-2, -2.0000058823529416e-2, 2.0000470588235304e-2, 1.9999509803921567e-2 ], [ -2.0e-2, 1.9999509803921567e-2, 1.9999901960784324e-2, 1.9999745098039215e-2, 1.9999901960784324e-2, 1.9999745098039215e-2, 1.9999882352941173e-2, 1.9999882352941173e-2, 1.999958823529413e-2, 2.0000274509803934e-2, 1.999980392156865e-2, 2.0000254901960782e-2, 1.999980392156865e-2, 2.0000470588235304e-2, 1.999964705882354e-2, 2.000011764705882e-2, 2.000041176470589e-2, 2.000043137254902e-2, 1.999958823529413e-2, 1.999956862745098e-2, 1.9999725490196088e-2, 1.999958823529413e-2, 1.999956862745098e-2, 2.0000274509803934e-2, -2.0000431372549022e-2, -1.9999725490196067e-2, 2.0000254901960782e-2, 1.9999686274509803e-2 ], [ 2.0000333333333314e-2, 1.9999705882352923e-2, 1.9999823529411764e-2, 1.9999686274509803e-2, 7.84313725490196e-3, 7.84313725490196e-3, 0.0, 0.0, 0.0, 0.0, 0.0, 0.0, 0.0, 7.84313725490196e-3, 1.96078431372549e-2, 1.9999980392156863e-2, 1.9999686274509803e-2, 1.9999529411764704e-2, 1.9999823529411764e-2, 1.9999686274509803e-2, 1.9999823529411764e-2, 1.9999686274509803e-2, 1.96078431372549e-2, 7.84313725490196e-3, 1.96078431372549e-2, -1.999986274509804e-2, 1.9999509803921567e-2, -2.0000176470588236e-2 ], [ 1.999984313725491e-2, 1.9999725490196067e-2, 1.9999647058823507e-2, 1.99998235294118e-2, 1.9999705882352944e-2, 1.9999705882352944e-2, 1.9999549019607887e-2, 1.9999549019607887e-2, 2.0000411764705843e-2, 2.000001960784317e-2, 2.0000490196078448e-2, 2.0000117647058786e-2, 2.0000294117647078e-2, 2.0000372549019627e-2, 2.0000392156862754e-2, 1.9999549019607866e-2, 2.000000000000002e-2, 2.000015686274508e-2, 2.000015686274508e-2, 1.999984313725491e-2, 2.000023529411764e-2, 2.000007843137253e-2, 1.9999607843137302e-2, 2.0000274509803954e-2, -2.0000352941176493e-2, -1.9999647058823483e-2, 1.999976470588238e-2, 2.000015686274508e-2 ], [ 0.0, 0.0, 1.9999901960784324e-2, 2.000043137254902e-2, 1.999980392156865e-2, -1.9999529411764697e-2, 2.000015686274508e-2, 2.000007843137253e-2, 1.9999901960784293e-2, 2.0000450980392135e-2, 2.000043137254901e-2, 1.99998235294118e-2, 1.9999803921568672e-2, 1.9999647058823507e-2, 2.0000352941176518e-2, 2.0000490196078448e-2, 2.0000490196078448e-2, 2.000019607843135e-2, 2.000019607843135e-2, 2.0000490196078448e-2, 2.0000490196078448e-2, 2.0000352941176518e-2, 1.999996078431373e-2, 2.000013725490191e-2, 1.9999745098039236e-2, -2.000023529411764e-2, 1.9999862745098032e-2, 0.0 ], [ -2.0e-2, -2.0e-2, 0.0, 0.0, 0.0, 0.0, 0.0, 0.0, 0.0, 0.0, 0.0, 0.0, 0.0, 0.0, 0.0, 0.0, 0.0, 0.0, 0.0, 0.0, 0.0, 0.0, 0.0, 0.0, 0.0, -2.0e-2, 0.0, 0.0 ], [ -2.0e-2, -2.0e-2, 0.0, 0.0, 0.0, -2.0e-2, 0.0, 0.0, 0.0, 0.0, 0.0, 0.0, 0.0, 0.0, 0.0, 0.0, 0.0, 0.0, 0.0, 0.0, 0.0, 0.0, 0.0, 0.0, 0.0, 0.0, -2.0e-2, 0.0 ], [ -2.0e-2, 0.0, 0.0, 0.0, 0.0, 0.0, 0.0, 0.0, 0.0, 0.0, 0.0, 0.0, 0.0, 0.0, 0.0, 0.0, 0.0, 0.0, 0.0, 0.0, 0.0, 0.0, 0.0, 0.0, 0.0, -2.0e-2, 0.0, 0.0 ], [ 0.0, 0.0, 0.0, 0.0, 0.0, 0.0, 0.0, 0.0, 0.0, 0.0, 0.0, 0.0, 0.0, 0.0, 0.0, 0.0, 0.0, 0.0, 0.0, 0.0, 0.0, 0.0, 0.0, 0.0, 0.0, 0.0, 0.0, 0.0 ], [ -2.0e-2, 0.0, 0.0, 0.0, 0.0, 0.0, 0.0, 0.0, 0.0, 0.0, 0.0, 0.0, 0.0, 0.0, 0.0, 0.0, 0.0, 0.0, 0.0, 0.0, 0.0, 0.0, 0.0, 0.0, 0.0, -2.0e-2, 0.0, 0.0 ] ]
  robust!46 [......................................................] 0/9 queries
  robust!46 [======>...............................................] 1/9 queries
  robust!46 [============>.........................................] 2/9 queries
  robust!46 [==================>...................................] 3/9 queries
  robust!46 [========================>.............................] 4/9 queries
  robust!46 [==============================>.......................] 5/9 queries
  robust!46 [====================================>.................] 6/9 queries
  robust!46 [==========================================>...........] 7/9 queries
  robust!46 [================================================>.....] 8/9 queries
  robust!46 [======================================================] 9/9 queries
  robust!47 [......................................................] 0/9 queries
  robust!47 [======>...............................................] 1/9 queries
  robust!47 [============>.........................................] 2/9 queries
  robust!47 [==================>...................................] 3/9 queries
    result: 🗸 - Marabou proved no counterexample exists

    result: ✗ - Marabou found a counterexample
      perturbation: [ [ 0.0, -2.0e-2, -2.0e-2, -2.0e-2, 0.0, 0.0, 0.0, -8.966e-3, 0.0, 0.0, 2.0000411764705878e-2, 1.9999588235294134e-2, 2.0000411764705888e-2, 1.9999509803921563e-2, 1.9999529411764687e-2, 1.9999784313725483e-2, 2.000047058823526e-2, 1.9999999999999976e-2, 2.0000313725490156e-2, 1.9999843137254898e-2, -2.0e-2, 0.0, 0.0, 0.0, 0.0, -2.0e-2, 0.0, 0.0 ], [ 0.0, -2.0e-2, -2.0e-2, 0.0, 0.0, 0.0, 0.0, 0.0, 0.0, 0.0, 2.0000333333333325e-2, 2.000005882352937e-2, 1.9999529411764652e-2, 1.999988235294119e-2, 2.0000411764705843e-2, 1.9999529411764652e-2, 2.000005882352937e-2, -1.999968627450984e-2, 1.9999647058823573e-2, 2.0000490196078427e-2, 0.0, 0.0, 0.0, 0.0, 0.0, 0.0, 0.0, 0.0 ], [ 0.0, -2.0e-2, 0.0, 0.0, 0.0, 0.0, 0.0, 0.0, 0.0, 0.0, 2.0000156862745144e-2, 2.0000372549019596e-2, 1.999956862745101e-2, 2.0000411764705843e-2, 2.0000176470588226e-2, 2.0000156862745103e-2, 1.9999882352941124e-2, 1.999990196078436e-2, 1.9999549019607887e-2, 2.000015686274508e-2, 0.0, -2.0e-2, 0.0, 0.0, 0.0, 0.0, 0.0, 0.0 ], [ 0.0, -2.0e-2, 0.0, 0.0, 0.0, 0.0, 0.0, 0.0, 0.0, 0.0, 1.999950980392153e-2, 1.9999823529411754e-2, 1.9999705882352944e-2, 2.0000137254901976e-2, 1.999974509803919e-2, 2.0000254901960786e-2, 2.0000137254901976e-2, 1.999990196078436e-2, 2.0000117647058852e-2, 1.9999725490196102e-2, 0.0, 0.0, 0.0, -2.0e-2, 0.0, 0.0, -2.0e-2, 0.0 ], [ 0.0, 0.0, 0.0, 0.0, 0.0, 0.0, 0.0, 0.0, 0.0, 0.0, 2.000033333333335e-2, 1.9999843137254877e-2, 2.0000137254901976e-2, 1.9999549019607887e-2, 1.9999588235294134e-2, 2.0000294117647033e-2, 1.9999588235294134e-2, 2.0000039215686292e-2, 1.9999705882352944e-2, 1.9999999999999976e-2, 0.0, 0.0, 0.0, 0.0, 0.0, 0.0, 0.0, -2.0e-2 ], [ 0.0, 0.0, 0.0, 0.0, 0.0, 0.0, 0.0, 0.0, 0.0, 2.0000235294117645e-2, 1.9999745098039257e-2, 1.9999725490196067e-2, 1.9999882352941124e-2, 2.0000000000000046e-2, 2.0000294117647033e-2, 2.0000313725490156e-2, 2.000001960784317e-2, 2.0000294117647033e-2, 1.9999588235294134e-2, 2.000043137254901e-2, 0.0, -2.0e-2, 0.0, 0.0, 0.0, 0.0, 0.0, 0.0 ], [ 0.0, 0.0, 0.0, 0.0, 0.0, 0.0, -2.0e-2, 0.0, 0.0, 1.9999843137254898e-2, 2.0000450980392156e-2, 2.000001960784317e-2, 1.9999882352941124e-2, 2.00004509803922e-2, 2.0000294117647033e-2, 1.9999725490196067e-2, 1.9999588235294134e-2, 2.0000313725490156e-2, 1.999956862745101e-2, 2.000005882352946e-2, 0.0, -2.0e-2, 0.0, 0.0, 0.0, 0.0, 0.0, 0.0 ], [ 0.0, 0.0, 0.0, 0.0, 0.0, 0.0, 0.0, 0.0, 0.0, 2.000015686274508e-2, 1.9999607843137215e-2, 2.000001960784317e-2, 1.9999862745098e-2, 2.000027450980391e-2, 2.0000431372548966e-2, 2.0000313725490156e-2, 2.0000294117647033e-2, 2.0000313725490156e-2, 2.0000117647058852e-2, 2.000000000000002e-2, 0.0, 0.0, 0.0, 0.0, 0.0, 0.0, 0.0, 0.0 ], [ 0.0, 0.0, 0.0, 0.0, 0.0, 0.0, 0.0, 0.0, 0.0, -1.9999901960784293e-2, 2.0000470588235283e-2, 2.0000156862745103e-2, 1.9999725490196067e-2, 2.0000117647058852e-2, 2.0000196078431415e-2, 1.9999607843137257e-2, 2.00004509803922e-2, 2.000001960784317e-2, -1.999990196078427e-2, 1.999992156862746e-2, 0.0, 0.0, 0.0, 0.0, 0.0, 0.0, 0.0, -2.0e-2 ], [ 0.0, 0.0, 0.0, 0.0, 0.0, 0.0, 0.0, 0.0, 0.0, -1.999988235294117e-2, 1.999976470588238e-2, 2.0000470588235324e-2, 1.9999764705882314e-2, 1.9999607843137257e-2, 2.0000294117647102e-2, 2.0000235294117662e-2, 1.999974509803919e-2, 2.00004509803922e-2, 2.000009803921573e-2, 1.9999607843137236e-2, 0.0, 0.0, 0.0, 0.0, -2.0e-2, 0.0, 0.0, -2.0e-2 ], [ -2.0e-2, 0.0, 0.0, 0.0, 0.0, 0.0, 0.0, 0.0, 0.0, 1.99996862745098e-2, 1.999976470588238e-2, 2.0000313725490156e-2, 2.0000313725490156e-2, 1.999994117647056e-2, 2.000015686274508e-2, 2.0000019607843124e-2, 1.9999843137254877e-2, 2.0000176470588226e-2, 2.000009803921573e-2, 2.000045098039218e-2, 0.0, 0.0, 0.0, 0.0, 0.0, 0.0, 0.0, 0.0 ], [ -2.0e-2, 0.0, 0.0, 0.0, 0.0, 0.0, 0.0, 0.0, 0.0, 1.999996078431372e-2, 2.0000470588235283e-2, 1.999974509803919e-2, 1.9999843137254877e-2, 1.9999862745098e-2, 0.0, 2.0000019607843124e-2, 1.999980392156863e-2, 2.0000039215686292e-2, 2.0000235294117662e-2, 2.000045098039217e-2, 0.0, 0.0, 0.0, 0.0, 0.0, 0.0, 0.0, -2.0e-2 ], [ 0.0, 0.0, 0.0, 0.0, 0.0, 0.0, -2.0e-2, 0.0, 0.0, 1.9999823529411785e-2, 2.0000254901960786e-2, 2.0000176470588226e-2, 1.999994117647056e-2, 1.999988235294117e-2, 0.0, 1.9999784313725507e-2, 2.0000352941176473e-2, 2.0000039215686292e-2, 1.999968627450982e-2, 1.9999666666666666e-2, 0.0, 0.0, 0.0, 0.0, 0.0, 0.0, 0.0, 0.0 ], [ 0.0, -2.0e-2, 0.0, 0.0, 0.0, 0.0, 0.0, 0.0, 0.0, 1.9999745098039225e-2, -2.0000176470588247e-2, 2.0000039215686292e-2, 1.9999705882352944e-2, 2.0000235294117596e-2, 0.0, 2.0000352941176518e-2, 1.999962745098034e-2, 2.0000313725490156e-2, 2.0000431372548966e-2, 0.0, 0.0, 0.0, 0.0, 0.0, 0.0, 0.0, 0.0, 0.0 ], [ -2.0e-2, -2.0e-2, 0.0, 0.0, 0.0, 0.0, 0.0, 0.0, 0.0, 2.000011764705882e-2, 2.0000117647058852e-2, 2.0000039215686292e-2, 2.0000000000000046e-2, 1.9999725490196067e-2, 0.0, 2.0000235294117596e-2, 2.000005882352937e-2, 2.000001960784317e-2, 1.999998039215681e-2, 0.0, 0.0, 0.0, 0.0, 0.0, 0.0, 0.0, 0.0, 0.0 ], [ 0.0, 0.0, 0.0, 0.0, 0.0, 0.0, 0.0, 0.0, 0.0, 2.0000039215686286e-2, 2.0000411764705843e-2, 2.0000176470588226e-2, 1.9999705882352944e-2, 2.0000411764705888e-2, 0.0, 2.0000019607843103e-2, 2.000033333333335e-2, 2.0000470588235324e-2, 1.9999784313725507e-2, 2.000035294117647e-2, 0.0, 0.0, 0.0, -2.0e-2, 0.0, 0.0, 0.0, 0.0 ], [ 0.0, 0.0, 0.0, 0.0, 0.0, 0.0, -2.0e-2, 0.0, 0.0, 2.0000254901960782e-2, 2.0000137254901976e-2, 1.999974509803919e-2, 1.999956862745101e-2, 2.00004509803922e-2, 0.0, 2.0000372549019617e-2, 2.0000490196078406e-2, 2.0000431372548966e-2, 1.9999588235294134e-2, 1.999950980392155e-2, 0.0, 0.0, 0.0, 0.0, 0.0, 0.0, 0.0, 0.0 ], [ 0.0, 0.0, 0.0, -2.0e-2, 0.0, 0.0, 0.0, 0.0, 0.0, 0.0, 1.999974509803919e-2, 1.9999725490196067e-2, 1.9999588235294134e-2, 2.0000078431372494e-2, 0.0, 1.9999725490196088e-2, 1.9999784313725507e-2, 1.9999588235294134e-2, 1.9999862745098e-2, 1.9999529411764687e-2, 0.0, 0.0, 0.0, 0.0, 0.0, 0.0, 0.0, 0.0 ], [ 0.0, 0.0, 0.0, 0.0, 0.0, 0.0, 0.0, 0.0, 0.0, 0.0, 2.000027450980391e-2, 2.000027450980391e-2, 2.0000313725490156e-2, 2.0e-2, 0.0, 2.0000117647058786e-2, 2.000017647058818e-2, 1.999974509803919e-2, 1.9999666666666697e-2, 2.000035294117645e-2, 0.0, 0.0, 0.0, 0.0, 0.0, 0.0, 0.0, 0.0 ], [ 0.0, 0.0, 0.0, 0.0, 0.0, 0.0, 0.0, 0.0, 0.0, 0.0, 2.0000392156862765e-2, 2.0000254901960786e-2, 1.999974509803919e-2, 1.9999588235294092e-2, 0.0, 2.0000176470588268e-2, 2.0000196078431415e-2, 2.0000156862745103e-2, 2.0000372549019596e-2, 1.9999588235294113e-2, 0.0, 0.0, 0.0, 0.0, 0.0, 0.0, 0.0, 0.0 ], [ -2.0e-2, 0.0, -2.0e-2, 0.0, 0.0, 0.0, 0.0, 0.0, 0.0, 0.0, 2.0000098039215708e-2, 2.0000372549019596e-2, 2.0000313725490156e-2, 2.0000019607843124e-2, 0.0, 1.9999999999999976e-2, 1.9999607843137215e-2, 1.9999862745098e-2, 1.999994117647056e-2, 1.9999901960784338e-2, 0.0, 0.0, 0.0, 0.0, 0.0, 0.0, 0.0, 0.0 ], [ -2.0e-2, 0.0, 0.0, 0.0, 0.0, 0.0, 0.0, 0.0, 0.0, 0.0, 2.0000058823529395e-2, 1.999980392156863e-2, 2.000001960784317e-2, 2.0000450980392156e-2, 1.9999607843137236e-2, 2.0000215686274473e-2, 2.0000470588235283e-2, 1.9999666666666697e-2, 2.000033333333335e-2, 1.9999666666666662e-2, 0.0, 0.0, 0.0, 0.0, 0.0, 0.0, 0.0, 0.0 ], [ 0.0, 0.0, 0.0, 0.0, 0.0, 0.0, 0.0, 0.0, 0.0, 0.0, 1.999956862745098e-2, 1.9999647058823573e-2, 2.0000411764705843e-2, 2.0000372549019596e-2, -1.9999764705882404e-2, 1.9999549019607887e-2, 1.999980392156863e-2, 1.9999960784313688e-2, 2.0000470588235283e-2, 1.9999725490196102e-2, 0.0, 0.0, 0.0, 0.0, 0.0, 0.0, 0.0, 0.0 ], [ 0.0, 0.0, 0.0, 0.0, 0.0, 0.0, 0.0, 0.0, 0.0, 0.0, 0.0, 1.999956862745101e-2, 1.9999843137254877e-2, 2.0000000000000046e-2, -1.9999941176470585e-2, 1.9999823529411754e-2, 1.9999529411764652e-2, 2.000039215686272e-2, 1.9999823529411754e-2, 2.0000372549019627e-2, 0.0, 0.0, 0.0, 0.0, 0.0, 0.0, -2.0e-2, 0.0 ], [ 0.0, -2.0e-2, 0.0, 0.0, 0.0, -2.0e-2, 0.0, 0.0, 0.0, 0.0, 0.0, 2.0000470588235324e-2, 1.999998039215681e-2, 2.0000000000000046e-2, 2.0000176470588226e-2, 1.9999862745098e-2, 1.9999960784313688e-2, 2.0000411764705843e-2, 1.9999666666666697e-2, 2.0000392156862765e-2, 0.0, 0.0, 0.0, 0.0, 0.0, 0.0, -2.0e-2, 0.0 ], [ 0.0, 0.0, 0.0, 0.0, 0.0, 0.0, 0.0, 0.0, 0.0, 0.0, 0.0, 1.9999921568627482e-2, 1.999980392156863e-2, 2.0000156862745103e-2, 2.0000039215686292e-2, 2.0000058823529416e-2, 1.999980392156863e-2, 2.0000431372548966e-2, 2.0000294117647033e-2, 1.999954901960782e-2, 0.0, 0.0, 0.0, 0.0, 0.0, 0.0, 0.0, 0.0 ], [ -2.0e-2, 0.0, 0.0, 0.0, 0.0, 0.0, 0.0, 0.0, 0.0, 3.92156862745098e-3, 0.0, 2.0000019607843103e-2, 2.0000039215686247e-2, 1.9999529411764652e-2, 2.0000156862745058e-2, 1.9999549019607887e-2, 2.000033333333335e-2, 1.9999529411764652e-2, 1.999962745098034e-2, 1.9999607843137302e-2, 0.0, 0.0, 0.0, 0.0, 0.0, 0.0, 0.0, 0.0 ], [ 0.0, -2.0e-2, -2.0e-2, 0.0, 0.0, -2.0e-2, 0.0, 0.0, 0.0, 0.0, 0.0, 1.9999745098039215e-2, 2.000011764705883e-2, 2.0000470588235304e-2, 1.999952941176473e-2, 2.0000078431372574e-2, 2.00003137254902e-2, 1.999956862745099e-2, 2.0000254901960765e-2, 2.0000333333333332e-2, 0.0, 0.0, 0.0, -2.0e-2, 0.0, -2.0e-2, 0.0, -2.0e-2 ] ]
  robust!48 [......................................................] 0/9 queries
  robust!48 [======>...............................................] 1/9 queries
  robust!48 [============>.........................................] 2/9 queries
  robust!48 [==================>...................................] 3/9 queries
  robust!48 [========================>.............................] 4/9 queries
    result: ✗ - Marabou found a counterexample
      perturbation: [ [ 0.0, 0.0, 0.0, -2.0e-2, 0.0, 0.0, 0.0, 0.0, -2.0e-2, 0.0, 0.0, 0.0, 0.0, 1.999978431372549e-2, 0.0, 1.999980392156865e-2, 1.9999705882352923e-2, 0.0, 0.0, 0.0, -2.0e-2, 0.0, 0.0, 0.0, 0.0, 0.0, 0.0, 0.0 ], [ 0.0, 0.0, 0.0, 0.0, 0.0, 0.0, 0.0, 0.0, 0.0, 0.0, 3.92156862745098e-3, 2.000025490196083e-2, 1.999968627450982e-2, 2.0000196078431415e-2, 2.0000372549019596e-2, 1.999998039215681e-2, 1.9999941176470606e-2, 2.000035294117645e-2, -1.999954901960782e-2, 0.0, 0.0, 0.0, 0.0, 0.0, 0.0, 0.0, 0.0, 0.0 ], [ 0.0, 0.0, 0.0, 0.0, 0.0, 0.0, 0.0, 0.0, 0.0, 2.0000098039215687e-2, 1.9999862745098e-2, 2.0e-2, 2.000005882352937e-2, 2.0000411764705843e-2, 2.000007843137254e-2, 1.9999901960784338e-2, 1.9999823529411775e-2, 1.9999607843137236e-2, 2.000023529411764e-2, 1.9999725490196102e-2, 0.0, 0.0, 3.92156862745098e-3, 0.0, 0.0, 0.0, 0.0, 0.0 ], [ 0.0, 0.0, 0.0, 0.0, 0.0, 0.0, 0.0, 0.0, 2.0000333333333332e-2, 1.9999588235294134e-2, 2.000043137254901e-2, 2.0000039215686292e-2, 2.000011764705883e-2, 2.0000450980392135e-2, 2.000011764705882e-2, 1.999996078431371e-2, 2.0000333333333314e-2, 2.0000333333333314e-2, 1.9999901960784338e-2, 2.0000490196078382e-2, 2.000043137254902e-2, 0.0, 3.92156862745098e-3, 0.0, 0.0, 0.0, 0.0, 0.0 ], [ 0.0, 0.0, 0.0, 0.0, 0.0, 7.84313725490196e-3, 0.0, 1.999992156862745e-2, 1.9999764705882314e-2, 1.9999529411764697e-2, 1.9999823529411785e-2, 1.999992156862746e-2, 1.99996862745098e-2, 2.0000098039215708e-2, 2.000039215686274e-2, 2.000019607843138e-2, 2.0000058823529395e-2, 1.999984313725491e-2, 1.999984313725491e-2, 1.9999549019607866e-2, 2.0000392156862754e-2, 0.0, 0.0, 7.84313725490196e-3, 0.0, 0.0, 0.0, 0.0 ], [ 0.0, 0.0, 0.0, 0.0, 3.92156862745098e-3, 7.84313725490196e-3, 0.0, 2.0000254901960782e-2, 2.0000156862745103e-2, 2.0000392156862754e-2, 1.999998039215686e-2, 2.000000000000002e-2, 1.9999999999999976e-2, 2.0000215686274504e-2, 2.0000058823529395e-2, 1.999992156862746e-2, 2.0000333333333314e-2, 2.0000019607843145e-2, 1.9999588235294113e-2, 2.0000333333333314e-2, 1.9999529411764687e-2, 1.9999705882352937e-2, 0.0, 1.568627450980392e-2, 0.0, 0.0, 0.0, 0.0 ], [ 0.0, 0.0, 0.0, 0.0, 0.0, 0.0, 0.0, 2.0000039215686268e-2, 1.9999784313725438e-2, 1.9999549019607855e-2, 2.000011764705883e-2, 1.9999725490196112e-2, 1.999964705882354e-2, 1.999976470588235e-2, 2.0000431372549e-2, 2.000031372549019e-2, 2.0000470588235304e-2, 1.999988235294116e-2, 1.9999745098039225e-2, 1.9999745098039225e-2, 2.0000098039215708e-2, 2.000041176470589e-2, 0.0, 3.92156862745098e-3, 0.0, 0.0, 0.0, 0.0 ], [ 0.0, 0.0, 0.0, 0.0, 3.92156862745098e-3, 0.0, 0.0, 1.9999784313725438e-2, 1.9999862745098032e-2, 1.999992156862746e-2, 1.9999549019607866e-2, 2.0000176470588257e-2, 2.0000333333333314e-2, 2.0000176470588257e-2, 1.999984313725491e-2, 2.0000274509803954e-2, 1.9999607843137302e-2, 2.000015686274508e-2, 1.999988235294116e-2, 2.0000294117647067e-2, 2.0000098039215708e-2, 2.000011764705882e-2, 0.0, 3.92156862745098e-3, 0.0, 0.0, 0.0, 0.0 ], [ 0.0, 0.0, 0.0, 0.0, 3.92156862745098e-3, 0.0, 2.0000333333333314e-2, 1.9999509803921563e-2, 2.0000058823529395e-2, 1.9999901960784338e-2, 2.0000470588235304e-2, 1.9999862745098032e-2, 2.0000019607843145e-2, 1.9999705882352923e-2, 1.9999862745098032e-2, 2.000045098039218e-2, 2.0000294117647033e-2, 1.9999784313725438e-2, 1.9999862745098032e-2, 1.9999725490196102e-2, 1.999984313725491e-2, 2.0000019607843145e-2, 0.0, 0.0, 0.0, 0.0, 0.0, 0.0 ], [ 0.0, 0.0, 0.0, 0.0, 0.0, 0.0, 1.999950980392155e-2, 1.9999666666666673e-2, 2.000031372549019e-2, 2.0000019607843145e-2, 2.0000294117647067e-2, 1.9999705882352923e-2, 1.9999823529411785e-2, 1.9999823529411785e-2, 2.000011764705883e-2, 1.9999627450980415e-2, 1.9999666666666673e-2, 1.9999823529411754e-2, 2.000005882352946e-2, 1.9999901960784338e-2, 2.0000411764705878e-2, 1.999964705882355e-2, 2.000041176470588e-2, 0.0, 3.92156862745098e-3, 0.0, 0.0, 0.0 ], [ 0.0, 0.0, 0.0, 0.0, 0.0, 0.0, 2.0000274509803934e-2, 2.0000274509803944e-2, 1.9999627450980415e-2, 2.0000176470588257e-2, 2.000015686274508e-2, 2.0000294117647067e-2, 2.0000411764705878e-2, 1.999996078431372e-2, 2.0000411764705878e-2, 2.000045098039218e-2, 2.0000294117647067e-2, 2.000009803921573e-2, 2.0000470588235324e-2, 1.9999980392156842e-2, 1.9999627450980415e-2, 1.9999941176470595e-2, 1.9999745098039215e-2, 0.0, 3.92156862745098e-3, 0.0, 0.0, 0.0 ], [ 0.0, 0.0, 0.0, 0.0, 0.0, 0.0, 1.999976470588235e-2, 1.9999803921568606e-2, 1.999956862745099e-2, 2.000011764705883e-2, 2.000011764705883e-2, 1.9999705882352923e-2, 1.9999980392156842e-2, 1.9999529411764687e-2, 2.000011764705883e-2, 2.000000000000002e-2, 2.000045098039218e-2, 1.9999784313725507e-2, 1.9999666666666662e-2, 1.9999803921568672e-2, 1.999988235294116e-2, 1.9999823529411785e-2, 2.0000078431372574e-2, 0.0, 0.0, 0.0, 0.0, 0.0 ], [ 0.0, 0.0, 0.0, 0.0, 0.0, 0.0, 1.9999705882352923e-2, 1.9999588235294113e-2, 2.0000333333333314e-2, 2.0000058823529395e-2, 2.0000039215686268e-2, 2.0000294117647067e-2, 1.9999549019607866e-2, 1.9999705882352923e-2, 1.9999980392156842e-2, 1.99996862745098e-2, 1.9999803921568606e-2, 1.9999882352941124e-2, 0.0, 1.9999529411764697e-2, 1.9999921568627416e-2, 1.999976470588235e-2, 2.0000294117647067e-2, 0.0, 0.0, 0.0, 0.0, 0.0 ], [ 0.0, 0.0, 0.0, 0.0, 0.0, 2.0000098039215687e-2, 1.9999784313725483e-2, 1.9999725490196102e-2, 2.0000411764705878e-2, 2.000011764705883e-2, 2.0000431372549e-2, 1.9999607843137236e-2, 2.000045098039218e-2, 2.0000137254901955e-2, 2.0000431372549e-2, 1.9999745098039225e-2, 1.9999627450980426e-2, 1.9999509803921563e-2, 0.0, 2.0000352941176493e-2, 2.0000058823529416e-2, 1.9999745098039225e-2, 1.9999784313725483e-2, 2.0000254901960782e-2, 0.0, 0.0, 0.0, 0.0 ], [ 0.0, 0.0, 0.0, 0.0, 0.0, 1.9999784313725472e-2, 1.999956862745099e-2, 2.000015686274508e-2, 2.000015686274508e-2, 2.0000294117647067e-2, 2.0000274509803944e-2, 1.9999823529411785e-2, 1.999956862745099e-2, 2.000031372549019e-2, 2.000015686274508e-2, 1.999976470588235e-2, 2.00003137254902e-2, 2.000019607843137e-2, 0.0, 0.0, 2.0000470588235324e-2, 2.0000098039215708e-2, 1.9999529411764687e-2, 1.9999901960784324e-2, 0.0, 0.0, 0.0, 0.0 ], [ 0.0, 0.0, 0.0, 0.0, 2.000041176470588e-2, 2.0000098039215708e-2, 2.0000411764705878e-2, 2.0000392156862754e-2, 1.9999705882352923e-2, 1.999988235294116e-2, 1.9999588235294113e-2, 1.9999725490196102e-2, 1.9999705882352923e-2, 1.99996862745098e-2, 2.000000000000002e-2, 1.9999901960784338e-2, 1.999988235294117e-2, 2.0000019607843134e-2, 0.0, 0.0, 2.0000196078431395e-2, 1.9999843137254922e-2, 1.9999705882352923e-2, 1.9999549019607855e-2, 0.0, 0.0, 0.0, 0.0 ], [ 0.0, 0.0, 0.0, 0.0, 2.000043137254902e-2, 2.000005882352946e-2, 2.0000274509803944e-2, 1.9999823529411785e-2, 2.0000098039215708e-2, 2.0000098039215708e-2, 1.9999666666666673e-2, 2.0000274509803944e-2, 2.0000294117647067e-2, 2.000045098039218e-2, 1.9999725490196102e-2, 2.0000470588235304e-2, 2.0000450980392135e-2, 2.0000372549019617e-2, 0.0, 0.0, 2.000045098039218e-2, 2.000037254901964e-2, 1.9999666666666673e-2, 2.000031372549019e-2, 0.0, 0.0, 0.0, 0.0 ], [ 0.0, 0.0, 0.0, 0.0, 1.9999686274509813e-2, 1.9999941176470595e-2, 1.999988235294116e-2, 1.9999529411764687e-2, 1.9999509803921563e-2, 1.9999980392156842e-2, 2.0000411764705878e-2, 1.9999941176470595e-2, 2.0000392156862754e-2, 1.9999862745098032e-2, 2.0000470588235304e-2, 1.9999784313725472e-2, 2.000007843137253e-2, 1.9999941176470585e-2, 0.0, 0.0, 2.0000156862745096e-2, 2.0000215686274473e-2, 2.000011764705883e-2, 2.0000470588235304e-2, 0.0, 0.0, 0.0, 0.0 ], [ 0.0, 0.0, 0.0, 0.0, 1.9999823529411775e-2, 2.0000176470588268e-2, 2.000000000000002e-2, 2.0000392156862754e-2, 2.000023529411764e-2, 1.9999509803921563e-2, 1.9999705882352923e-2, 2.0000137254901955e-2, 1.9999529411764687e-2, 2.000011764705883e-2, 2.0000254901960765e-2, 2.0000470588235304e-2, 2.000023529411764e-2, 1.999976470588235e-2, 0.0, 0.0, 1.999954901960784e-2, 2.0000235294117596e-2, 2.000007843137253e-2, 1.999984313725491e-2, 0.0, 0.0, 0.0, 0.0 ], [ 0.0, 0.0, 0.0, 0.0, 2.000041176470589e-2, 1.9999607843137302e-2, 2.0000411764705878e-2, 2.0000215686274518e-2, 1.9999666666666673e-2, 2.000005882352946e-2, 2.0000490196078382e-2, 2.0000294117647067e-2, 1.9999666666666673e-2, 2.0000411764705878e-2, 2.0000254901960765e-2, 1.9999941176470595e-2, 2.0000254901960765e-2, 1.9999901960784338e-2, 0.0, 0.0, 0.0, 1.9999862745098e-2, 1.9999607843137302e-2, 1.9999666666666673e-2, 1.9999980392156863e-2, 0.0, 0.0, 0.0 ], [ 0.0, 0.0, 0.0, 0.0, 1.999992156862745e-2, 2.000023529411764e-2, 2.000019607843138e-2, 1.999956862745099e-2, 2.0000137254901955e-2, 1.999956862745099e-2, 2.0000039215686227e-2, 1.9999529411764687e-2, 2.000015686274508e-2, 2.000005882352946e-2, 1.9999725490196102e-2, 1.9999921568627416e-2, 2.0000196078431395e-2, 2.0000058823529395e-2, 0.0, 0.0, 0.0, 1.9999529411764697e-2, 1.9999862745098046e-2, 1.9999980392156842e-2, 1.999994117647059e-2, 0.0, 0.0, 0.0 ], [ 0.0, 0.0, 0.0, 0.0, 1.9999666666666666e-2, 1.9999803921568606e-2, 2.0000137254901955e-2, 2.0000372549019627e-2, 2.0000098039215708e-2, 2.0000137254901955e-2, 2.000035294117645e-2, 1.9999627450980426e-2, 2.0000274509803944e-2, 1.99996862745098e-2, 1.9999509803921563e-2, 1.9999901960784338e-2, 2.0000019607843103e-2, 2.0000411764705878e-2, 0.0, 0.0, 0.0, 2.0000254901960765e-2, 1.999970588235299e-2, 1.999984313725491e-2, 2.0000039215686286e-2, 0.0, 0.0, 0.0 ], [ 0.0, 0.0, 0.0, 0.0, 2.0000470588235293e-2, 1.999964705882355e-2, 1.9999588235294113e-2, 1.9999823529411785e-2, 1.99996862745098e-2, 1.9999980392156842e-2, 1.9999509803921563e-2, 2.000007843137253e-2, 1.999964705882355e-2, 2.000000000000002e-2, 2.0000098039215708e-2, 1.9999980392156842e-2, 2.0000372549019627e-2, 2.000035294117645e-2, 0.0, 0.0, 0.0, 2.0000078431372574e-2, 1.999996078431373e-2, 2.0000137254901955e-2, 1.999952941176473e-2, 0.0, 0.0, 0.0 ], [ 0.0, 0.0, 0.0, 0.0, 1.999964705882354e-2, 1.9999803921568606e-2, 2.000000000000002e-2, 1.9999607843137302e-2, 1.999988235294117e-2, 1.999976470588236e-2, 2.0000215686274518e-2, 1.999976470588236e-2, 2.0000196078431395e-2, 1.9999607843137302e-2, 1.9999921568627416e-2, 1.9999823529411785e-2, 2.0000098039215708e-2, 2.0000196078431395e-2, 1.1764705882352941e-2, 0.0, 0.0, 1.9999882352941173e-2, 2.0000117647058786e-2, 1.9999980392156842e-2, 1.999950980392155e-2, 0.0, -2.0e-2, 0.0 ], [ 0.0, 0.0, 0.0, 0.0, 2.0000176470588257e-2, 2.0000235294117662e-2, 2.000005882352946e-2, 1.9999529411764687e-2, 1.9999509803921563e-2, 1.9999509803921563e-2, 2.000007843137253e-2, 1.9999509803921563e-2, 2.0000392156862754e-2, 1.9999823529411785e-2, 1.999964705882355e-2, 1.9999666666666673e-2, 2.0000392156862754e-2, 1.9999529411764687e-2, 0.0, 0.0, 0.0, 1.9999882352941173e-2, 2.0000235294117596e-2, 1.9999823529411785e-2, 2.000015686274508e-2, 0.0, -2.0e-2, 0.0 ], [ 0.0, 0.0, 0.0, 0.0, 0.0, 2.000000000000002e-2, 1.9999647058823528e-2, 0.0, 0.0, 0.0, 0.0, 0.0, 0.0, 0.0, 0.0, 0.0, 0.0, 0.0, 0.0, 0.0, 0.0, 1.9999686274509803e-2, 1.9999823529411785e-2, 2.0000058823529395e-2, 1.9999705882352937e-2, 0.0, -2.0e-2, -2.0e-2 ], [ -2.0e-2, -2.0e-2, 0.0, 0.0, 3.92156862745098e-3, 1.9999529411764697e-2, 2.0000078431372546e-2, 0.0, 0.0, 0.0, 0.0, 0.0, 0.0, 0.0, 0.0, 0.0, 0.0, 0.0, 0.0, 0.0, 0.0, 0.0, 0.0, 0.0, 0.0, 0.0, 0.0, 0.0 ], [ 0.0, -2.0e-2, -2.0e-2, -2.0e-2, -2.0e-2, 2.0000372549019617e-2, 0.0, 0.0, 3.92156862745098e-3, 3.92156862745098e-3, 3.92156862745098e-3, 3.92156862745098e-3, 0.0, 0.0, 0.0, 3.92156862745098e-3, 3.92156862745098e-3, 3.92156862745098e-3, 0.0, 0.0, 0.0, 7.84313725490196e-3, -1.999986274509804e-2, -2.0e-2, -2.0e-2, 0.0, 0.0, 0.0 ] ]
  robust!49 [......................................................] 0/9 queries
  robust!49 [======>...............................................] 1/9 queries
  robust!49 [============>.........................................] 2/9 queries
  robust!49 [==================>...................................] 3/9 queries
  robust!49 [========================>.............................] 4/9 queries
    result: ✗ - Marabou found a counterexample
      perturbation: [ [ 0.0, 0.0, 0.0, 0.0, 0.0, -2.0e-2, -2.0e-2, 0.0, 1.568627450980392e-2, 1.9999980392156863e-2, 0.0, 0.0, -2.0e-2, -2.0e-2, -2.0e-2, -2.0e-2, 0.0, 0.0, 0.0, 0.0, 0.0, 0.0, 3.92156862745098e-3, 0.0, 3.92156862745098e-3, 0.0, -2.0e-2, 0.0 ], [ 0.0, 0.0, 0.0, 0.0, -2.0e-2, -2.0e-2, 0.0, 2.0000352941176493e-2, 1.999970588235299e-2, 1.9999529411764697e-2, 1.9999980392156842e-2, 2.0000235294117628e-2, 1.9999529411764704e-2, 3.92156862745098e-3, 0.0, 0.0, 0.0, 1.9999901960784324e-2, 2.0000372549019627e-2, 1.9999862745098046e-2, 1.999956862745099e-2, 0.0, 0.0, 7.84313725490196e-3, -2.0e-2, 0.0, 0.0, 0.0 ], [ -2.0e-2, 0.0, 0.0, 0.0, 3.92156862745098e-3, 0.0, 2.0000235294117628e-2, 2.0000058823529416e-2, 2.0000411764705888e-2, 1.9999803921568672e-2, 1.9999509803921574e-2, 2.000007843137254e-2, 2.000007843137254e-2, 2.0000235294117596e-2, 1.99998235294118e-2, 2.000025490196083e-2, 1.9999686274509754e-2, 2.0000235294117596e-2, 2.000007843137254e-2, 2.0000156862745144e-2, 1.9999980392156853e-2, 2.0000490196078382e-2, 0.0, 0.0, 0.0, 0.0, 0.0, 0.0 ], [ 0.0, 0.0, 0.0, 0.0, 0.0, 0.0, 2.000047058823526e-2, 1.9999803921568672e-2, 1.9999568627450944e-2, 1.9999862745098046e-2, 1.9999764705882314e-2, 2.0000411764705888e-2, 2.0000274509803954e-2, 2.0000235294117596e-2, 2.0000235294117596e-2, 1.9999803921568672e-2, 1.9999568627450944e-2, 2.0000411764705888e-2, 1.999970588235299e-2, 1.999976470588236e-2, 1.9999588235294068e-2, 1.9999980392156853e-2, 2.000019607843137e-2, 0.0, 7.84313725490196e-3, -2.0e-2, 0.0, 0.0 ], [ 0.0, 0.0, 0.0, 0.0, 0.0, 0.0, 2.0000098039215663e-2, 1.99998235294118e-2, 2.0000392156862765e-2, 2.000005882352946e-2, 2.0000392156862765e-2, 2.000001960784317e-2, 1.9999999999999976e-2, 2.0000058823529416e-2, 2.0000098039215663e-2, 2.000037254901964e-2, 1.9999980392156853e-2, 1.9999921568627482e-2, 1.999964705882355e-2, 2.0000176470588268e-2, 1.9999568627450944e-2, 1.9999686274509754e-2, 1.9999901960784338e-2, 0.0, 3.92156862745098e-3, 0.0, 0.0, 0.0 ], [ 0.0, 0.0, 0.0, 0.0, 0.0, 2.0000098039215687e-2, 2.0000235294117596e-2, 2.0000392156862765e-2, 2.000013725490191e-2, 1.9999843137254922e-2, 2.0000137254901955e-2, 2.0000098039215663e-2, 1.9999588235294134e-2, 1.999966666666663e-2, 2.0000235294117596e-2, 1.9999686274509754e-2, 1.999974509803919e-2, 2.000005882352946e-2, 2.000005882352946e-2, 1.9999901960784293e-2, 2.0000294117647078e-2, 2.0000117647058786e-2, 2.0000196078431395e-2, 0.0, 0.0, 0.0, 0.0, 0.0 ], [ 0.0, 0.0, 0.0, 0.0, 0.0, 2.0000470588235293e-2, 1.9999647058823507e-2, 2.0000117647058786e-2, 1.9999725490196112e-2, 1.9999999999999976e-2, 2.0000156862745144e-2, 1.9999980392156842e-2, 1.999974509803919e-2, 2.0000000000000046e-2, 1.9999705882352944e-2, 2.0000235294117662e-2, 1.9999862745098046e-2, 2.0000411764705878e-2, 2.0000490196078382e-2, 2.0000039215686227e-2, 1.9999529411764697e-2, 2.000013725490191e-2, 2.0000274509803954e-2, 0.0, 0.0, 0.0, 0.0, 0.0 ], [ 0.0, 0.0, 0.0, 0.0, 0.0, 2.0000039215686268e-2, 2.0000490196078448e-2, 1.9999686274509754e-2, 2.0000058823529416e-2, 2.0000411764705888e-2, 2.0000411764705888e-2, 1.9999999999999976e-2, 2.0000490196078382e-2, 2.000009803921573e-2, 1.999988235294119e-2, 1.999962745098038e-2, 2.0000176470588268e-2, 1.999970588235299e-2, 2.0000450980392135e-2, 1.99998235294118e-2, 2.0000411764705888e-2, 1.9999588235294068e-2, 1.9999941176470606e-2, 0.0, 0.0, 0.0, 0.0, 0.0 ], [ 0.0, 0.0, 0.0, 0.0, 0.0, 2.000035294117645e-2, 1.9999941176470606e-2, 1.99998235294118e-2, 1.9999764705882314e-2, 1.999970588235299e-2, 2.0000274509803954e-2, 1.9999725490196112e-2, 1.9999999999999976e-2, 2.00003137254902e-2, 1.999988235294117e-2, 2.0000176470588268e-2, 1.999954901960782e-2, 2.0000411764705888e-2, 2.0000274509803954e-2, 1.9999784313725438e-2, 1.9999803921568672e-2, 1.9999843137254922e-2, 2.0000392156862765e-2, 1.9999607843137254e-2, 0.0, 0.0, 0.0, 0.0 ], [ 0.0, 0.0, 0.0, 0.0, 0.0, 1.9999980392156853e-2, 1.9999686274509754e-2, 1.9999529411764697e-2, 1.999968627450982e-2, 2.0000294117647078e-2, 2.0000294117647078e-2, 2.0000411764705888e-2, 2.0000235294117596e-2, 1.999970588235299e-2, 2.0000274509803954e-2, 1.9999568627450944e-2, 1.9999862745098046e-2, 2.000013725490191e-2, 1.9999745098039236e-2, 2.0000176470588226e-2, 1.9999764705882314e-2, 1.9999999999999976e-2, 2.0000235294117596e-2, 1.9999607843137236e-2, 0.0, 0.0, 0.0, 0.0 ], [ 0.0, 0.0, 0.0, 0.0, 0.0, 1.999974509803919e-2, 1.9999999999999976e-2, 2.000025490196083e-2, 1.9999529411764652e-2, 1.999996078431373e-2, 2.00003137254902e-2, 1.9999862745098046e-2, 2.0000450980392135e-2, 2.0000117647058786e-2, 2.000025490196083e-2, 1.9999647058823507e-2, 2.0000156862745144e-2, 2.0000176470588268e-2, 1.999964705882355e-2, -1.9999999999999955e-2, 1.9999607843137257e-2, 2.0000156862745144e-2, 1.9999803921568672e-2, 2.000005882352946e-2, 0.0, 0.0, 0.0, 0.0 ], [ 0.0, 0.0, 0.0, -2.0e-2, 1.96078431372549e-2, 2.000001960784317e-2, 1.9999725490196112e-2, 1.9999803921568672e-2, 2.0000078431372494e-2, 2.0000117647058786e-2, 2.0000450980392135e-2, 2.0000411764705888e-2, 2.0000392156862765e-2, 1.9999843137254922e-2, 1.999970588235299e-2, 1.9999529411764697e-2, 2.0000274509803954e-2, 1.9999862745098046e-2, 1.9999823529411785e-2, 2.0000078431372494e-2, 1.9999882352941124e-2, 1.999970588235299e-2, 2.0000098039215663e-2, 1.9999843137254922e-2, 0.0, 0.0, 0.0, 0.0 ], [ 0.0, 0.0, 0.0, 0.0, 2.0000333333333332e-2, 2.0000117647058852e-2, 2.0000294117647078e-2, 1.9999509803921574e-2, 2.000033333333335e-2, 2.000025490196083e-2, 1.9999862745098046e-2, 1.9999686274509754e-2, 1.9999588235294068e-2, 2.0000450980392135e-2, 1.999988235294117e-2, 1.999970588235299e-2, 2.0000274509803954e-2, 2.0000117647058786e-2, 1.9999784313725483e-2, 2.0000078431372494e-2, 2.000027450980391e-2, 2.0000392156862765e-2, 1.9999686274509754e-2, 2.0000470588235324e-2, 0.0, 0.0, 0.0, 0.0 ], [ 0.0, 0.0, 0.0, 0.0, 2.000041176470589e-2, 1.999998039215681e-2, 2.0000019607843103e-2, 1.9999764705882314e-2, 2.0e-2, 1.99998235294118e-2, 2.0000196078431395e-2, 1.9999568627450944e-2, 2.0000235294117596e-2, 1.9999862745098046e-2, 2.000013725490191e-2, 1.9999803921568672e-2, 1.9999843137254922e-2, 1.9999843137254922e-2, 1.9999666666666673e-2, 2.0000313725490156e-2, 1.9999666666666697e-2, 2.000019607843135e-2, 1.999996078431373e-2, 1.999974509803919e-2, 0.0, 0.0, 0.0, 0.0 ], [ 0.0, -2.0e-2, 0.0, 0.0, 2.0000058823529395e-2, 1.9999843137254877e-2, 1.999954901960782e-2, 2.0000137254901976e-2, 1.9999901960784314e-2, 2.000005882352946e-2, 2.000025490196083e-2, 2.0000117647058786e-2, 1.9999784313725438e-2, 2.000007843137254e-2, 1.999988235294117e-2, 1.9999686274509754e-2, 1.9999686274509754e-2, 1.9999843137254922e-2, 1.9999627450980426e-2, 1.999996078431373e-2, 2.000017647058818e-2, 2.000001960784317e-2, 2.0000392156862765e-2, 2.0000313725490156e-2, 2.0000117647058824e-2, 0.0, 0.0, 0.0 ], [ 0.0, 0.0, 0.0, 0.0, 2.000015686274508e-2, 2.0000000000000046e-2, 2.0000117647058786e-2, 2.0000372549019596e-2, 2.000039215686272e-2, 1.999976470588236e-2, 2.000025490196083e-2, 2.000013725490191e-2, 2.000025490196083e-2, 1.9999999999999976e-2, 2.0000156862745144e-2, 1.9999999999999976e-2, 1.9999980392156853e-2, 1.99998235294118e-2, 2.0000156862745144e-2, 2.00003137254902e-2, 2.000017647058818e-2, 1.999956862745101e-2, 2.0000039215686227e-2, 1.9999862745098e-2, 2.0000294117647057e-2, 0.0, 0.0, 0.0 ], [ 0.0, 0.0, 0.0, 0.0, 2.000011764705883e-2, 1.9999764705882314e-2, 1.9999862745098046e-2, 1.9999784313725507e-2, 2.000025490196083e-2, 1.9999745098039236e-2, 1.9999980392156853e-2, 1.9999686274509754e-2, 1.999962745098038e-2, 1.9999725490196112e-2, 1.9999588235294068e-2, 1.99998235294118e-2, 1.9999784313725438e-2, 2.00003137254902e-2, 1.999970588235299e-2, 2.0000372549019627e-2, 1.9999784313725507e-2, 2.0000411764705843e-2, 1.999970588235299e-2, 1.9999607843137257e-2, 2.000011764705882e-2, 0.0, 0.0, 0.0 ], [ 0.0, 0.0, 0.0, 0.0, 1.999976470588236e-2, 2.000037254901964e-2, 1.9999725490196112e-2, 2.000033333333335e-2, 2.0000274509803954e-2, 2.0000117647058786e-2, 2.0000039215686227e-2, 1.9999980392156853e-2, 2.0000411764705888e-2, 1.9999568627450944e-2, 1.99998235294118e-2, 1.999970588235299e-2, 1.9999980392156853e-2, 2.0000019607843103e-2, 1.9999745098039236e-2, 2.0000392156862754e-2, 1.9999921568627437e-2, 1.999968627450982e-2, 2.0000176470588268e-2, 1.9999588235294134e-2, 2.0000078431372574e-2, 0.0, 0.0, 0.0 ], [ 0.0, 0.0, 0.0, 0.0, 1.9999999999999976e-2, 1.999962745098038e-2, 1.9999647058823507e-2, 2.0000156862745103e-2, 2.0000450980392135e-2, 1.9999843137254922e-2, 2.000013725490191e-2, 2.0000352941176518e-2, 2.0000333333333283e-2, 1.9999568627450944e-2, 1.9999843137254922e-2, 1.9999686274509754e-2, 1.999962745098038e-2, 2.0000019607843103e-2, 1.9999843137254922e-2, 2.0000294117647078e-2, 1.999990196078436e-2, 2.0000411764705843e-2, 2.000047058823526e-2, 2.0000000000000046e-2, 1.9999705882352923e-2, 0.0, 0.0, 0.0 ], [ 0.0, 0.0, 0.0, 0.0, 2.0000450980392135e-2, 2.0000352941176518e-2, 1.9999529411764697e-2, 1.999962745098038e-2, 2.0000294117647078e-2, 2.000013725490191e-2, 2.00003137254902e-2, 1.999990196078436e-2, 1.999970588235299e-2, 1.999988235294117e-2, 1.9999568627450944e-2, 1.9999588235294068e-2, 1.9999529411764697e-2, 2.00003137254902e-2, 2.0000274509803954e-2, 1.999988235294117e-2, 1.9999803921568672e-2, 2.0000352941176473e-2, 1.9999588235294068e-2, 2.0000039215686292e-2, 1.9999921568627416e-2, 0.0, 0.0, 0.0 ], [ 0.0, 0.0, 0.0, 0.0, 1.9999999999999976e-2, 1.999962745098038e-2, 1.9999529411764697e-2, 1.9999784313725438e-2, 2.0000392156862765e-2, 2.0000117647058786e-2, 1.9999901960784293e-2, 2.0000313725490156e-2, 2.0000450980392135e-2, 2.00003137254902e-2, 2.0000098039215663e-2, 1.9999843137254922e-2, 2.0000352941176518e-2, 1.9999686274509754e-2, 1.9999980392156853e-2, 1.9999588235294068e-2, 1.999996078431373e-2, 1.999950980392153e-2, 1.9999999999999976e-2, 2.0000470588235324e-2, 2.0000039215686227e-2, 0.0, 0.0, 0.0 ], [ 0.0, 0.0, 0.0, 0.0, 2.000013725490191e-2, 2.0000490196078448e-2, 1.999996078431373e-2, 1.9999921568627482e-2, 2.0000294117647078e-2, 2.000013725490191e-2, 2.0000117647058786e-2, 2.0000058823529416e-2, 2.0000117647058786e-2, 2.0000392156862765e-2, 1.9999980392156853e-2, 1.9999843137254922e-2, 2.0000176470588226e-2, 1.9999686274509754e-2, 1.9999901960784293e-2, 1.9999568627450944e-2, 1.999954901960782e-2, 1.9999823529411754e-2, 1.9999980392156853e-2, 1.999990196078436e-2, 1.9999588235294068e-2, 0.0, 0.0, 0.0 ], [ -2.0e-2, 0.0, 0.0, 0.0, 2.0000490196078382e-2, 2.0000313725490156e-2, 1.999966666666663e-2, 2.000019607843135e-2, 1.9999568627450944e-2, 2.0000450980392135e-2, 1.9999941176470606e-2, 1.9999588235294134e-2, 2.00003137254902e-2, 2.000025490196083e-2, 1.9999568627450944e-2, 1.999954901960782e-2, 2.0000058823529416e-2, 2.000025490196083e-2, 1.9999862745098046e-2, 2.0000411764705888e-2, 2.0000294117647078e-2, 2.0000294117647033e-2, 1.9999843137254922e-2, 1.9999509803921574e-2, -1.99996862745098e-2, 0.0, 0.0, 0.0 ], [ 0.0, 0.0, 0.0, 0.0, 1.9999509803921563e-2, 1.999974509803919e-2, 1.999966666666663e-2, 1.9999921568627482e-2, 1.9999568627450944e-2, 1.9999745098039236e-2, 1.9999509803921574e-2, 2.0000333333333283e-2, 2.0000019607843103e-2, 2.000013725490191e-2, 2.000025490196083e-2, 2.0000450980392135e-2, 1.999966666666663e-2, 2.0000235294117596e-2, 1.9999745098039236e-2, 1.999954901960782e-2, 2.00003137254902e-2, 2.000001960784317e-2, 1.9999686274509754e-2, 2.0000490196078448e-2, -1.9999549019607866e-2, 0.0, 0.0, 0.0 ], [ 0.0, 0.0, 0.0, 0.0, 2.000000000000002e-2, 1.9999764705882314e-2, 2.0000352941176518e-2, 2.0000333333333283e-2, 1.9999588235294068e-2, 1.999954901960782e-2, 2.000019607843135e-2, 1.9999862745098046e-2, 2.0000176470588268e-2, 1.999954901960782e-2, 1.9999843137254922e-2, 1.9999588235294068e-2, 1.9999509803921574e-2, 1.9999686274509754e-2, -2.0000431372549057e-2, 1.9999588235294068e-2, 2.00003137254902e-2, 2.000019607843135e-2, 1.9999941176470606e-2, 2.0000294117647033e-2, -5.111745098039236e-3, 0.0, 0.0, 0.0 ], [ 0.0, 0.0, 0.0, -2.0e-2, 1.9999666666666666e-2, 1.999962745098038e-2, 2.000019607843135e-2, 2.0000058823529416e-2, 1.9999999999999976e-2, 1.999954901960782e-2, 2.0000392156862765e-2, 2.000013725490191e-2, 2.0000274509803954e-2, 1.9999686274509754e-2, 1.9999999999999976e-2, 1.9999843137254922e-2, 2.000037254901964e-2, 2.0000235294117596e-2, 1.9999980392156853e-2, 1.9999588235294068e-2, -2.0000176470588202e-2, 2.0000137254901976e-2, 2.0000352941176518e-2, 1.9999529411764697e-2, -1.9999901960784314e-2, 0.0, 0.0, 0.0 ], [ 0.0, 0.0, 0.0, 0.0, 0.0, 1.9999803921568672e-2, 2.0000372549019596e-2, 2.000007843137253e-2, 2.0000411764705878e-2, 1.9999529411764652e-2, 2.0000000000000046e-2, 1.9999647058823507e-2, 2.0000352941176518e-2, 1.9999588235294134e-2, 2.0000156862745103e-2, 2.000001960784317e-2, 2.0000352941176518e-2, 1.9999509803921574e-2, 1.9999588235294134e-2, 2.0000411764705843e-2, 1.9999941176470595e-2, 2.0000156862745103e-2, 2.0000254901960786e-2, 2.000027450980391e-2, -2.0e-2, 0.0, 0.0, 0.0 ], [ 0.0, 0.0, 0.0, 0.0, 0.0, 1.999950980392155e-2, 1.999996078431372e-2, 2.000035294117647e-2, 0.0, 0.0, 2.000041176470588e-2, 2.0000078431372546e-2, 2.000035294117647e-2, 2.0000117647058824e-2, 0.0, 1.9999823529411764e-2, 1.999954901960784e-2, 0.0, 0.0, 0.0, 0.0, 2.0000196078431395e-2, 2.0000450980392135e-2, 2.000045098039218e-2, 0.0, 0.0, 0.0, 0.0 ] ]
robust:
    verified:  15/50
    falsified: 35/50
    timed-out: 0/50
    errored:   0/50
