Full output of the Exercise #7 verification, captured on Vehicle 0.27.1 with
Marabou 2.0.0. The command was run from chapter-3/exercises:

  vehicle verify \
    --specification FMNIST/fashionRobustness-solution.vcl \
    --network classifier:FMNIST/fashion1l32n.onnx \
    --parameter epsilon:0.005 \
    --dataset trainingImages:FMNIST/idxdata/0-49Images.idx \
    --dataset trainingLabels:FMNIST/idxdata/0-49Labels.idx \
    --solver Marabou

Result: 40 of the 50 images proved robust, 10 falsified. Each falsified image is
followed by the perturbation Marabou found, printed in full as a 28 by 28 array.

Progress bars have been reduced to their final state and terminal colour codes
stripped; the text is otherwise unaltered.

================================================================================

Verifying properties:
  robust!0 [=======================================================] 9/9 queries
    result: 🗸 - Marabou proved no counterexample exists
  robust!1 [=======================================================] 9/9 queries
    result: 🗸 - Marabou proved no counterexample exists
  robust!2 [=======================================================] 9/9 queries
    result: 🗸 - Marabou proved no counterexample exists
  robust!3 [=======================================================] 9/9 queries
    result: 🗸 - Marabou proved no counterexample exists
  robust!4 [=======================================================] 9/9 queries
    result: 🗸 - Marabou proved no counterexample exists
  robust!5 [=======================================================] 9/9 queries
    result: 🗸 - Marabou proved no counterexample exists
  robust!6 [=======================================================] 9/9 queries
    result: 🗸 - Marabou proved no counterexample exists
  robust!7 [=======================================================] 9/9 queries
    result: 🗸 - Marabou proved no counterexample exists
  robust!8 [=======================================================] 9/9 queries
    result: 🗸 - Marabou proved no counterexample exists
  robust!9 [=======================================================] 9/9 queries
    result: 🗸 - Marabou proved no counterexample exists
  robust!10 [======================================================] 9/9 queries
    result: 🗸 - Marabou proved no counterexample exists
  robust!11 [======================================================] 9/9 queries
    result: 🗸 - Marabou proved no counterexample exists
    result: ✗ - Marabou found a counterexample
      perturbation: [ [ 0.0, 0.0, 0.0, 0.0, 0.0, 0.0, 0.0, 0.0, 0.0, 0.0, 0.0, 0.0, 0.0, -5.0e-3, -5.0e-3, -5.0e-3, -5.0e-3, 0.0, 0.0, 0.0, 0.0, 0.0, 0.0, 0.0, 0.0, 0.0, 0.0, 0.0 ], [ 0.0, 0.0, 0.0, 0.0, 0.0, -5.0e-3, 0.0, 0.0, 0.0, 0.0, 0.0, 0.0, -5.0e-3, -5.0e-3, -5.0e-3, -5.0e-3, -5.0e-3, -5.0e-3, 0.0, 0.0, 0.0, 0.0, -5.0e-3, -5.0e-3, -5.0e-3, -5.0e-3, -5.0e-3, 0.0 ], [ -5.0e-3, -5.0e-3, 0.0, 0.0, 0.0, 0.0, 0.0, 0.0, 0.0, 0.0, 0.0, 0.0, 0.0, 0.0, 0.0, 0.0, 0.0, 0.0, -5.0e-3, 0.0, 0.0, 0.0, 0.0, 0.0, 0.0, -5.0e-3, -5.0e-3, -5.0e-3 ], [ -5.0e-3, -5.0e-3, -5.0e-3, 0.0, -5.0e-3, -5.0e-3, -5.0e-3, 0.0, 0.0, 0.0, 0.0, 0.0, 0.0, 0.0, 0.0, 0.0, 0.0, 0.0, 0.0, 0.0, 0.0, 0.0, -5.0e-3, 0.0, 0.0, -5.0e-3, 0.0, 0.0 ], [ -5.0e-3, -5.0e-3, 0.0, -5.0e-3, -5.0e-3, -5.0e-3, -5.0e-3, 0.0, 0.0, 0.0, 0.0, 0.0, 0.0, 0.0, 0.0, 0.0, 0.0, 0.0, 0.0, 0.0, 0.0, 0.0, 0.0, -5.0e-3, 0.0, 0.0, 0.0, 0.0 ], [ -5.0e-3, -5.0e-3, 0.0, 0.0, -5.0e-3, -5.0e-3, 0.0, 0.0, 0.0, 0.0, 0.0, 0.0, -5.0e-3, 0.0, 0.0, 0.0, 0.0, 0.0, 0.0, 0.0, 0.0, 0.0, 0.0, -5.0e-3, 0.0, -5.0e-3, 0.0, -5.0e-3 ], [ -5.0e-3, -5.0e-3, 0.0, -5.0e-3, 0.0, -5.0e-3, -5.0e-3, 0.0, 0.0, 0.0, 0.0, 0.0, 0.0, 0.0, 0.0, 0.0, 0.0, 0.0, 0.0, 0.0, 0.0, 0.0, -5.0e-3, 0.0, 0.0, -5.0e-3, -5.0e-3, -5.0e-3 ], [ -5.0e-3, -5.0e-3, -5.0e-3, -5.0e-3, 0.0, 0.0, -5.0e-3, 0.0, -5.0e-3, 0.0, 0.0, -5.0e-3, -5.0e-3, -5.0e-3, 0.0, 0.0, 0.0, 0.0, 0.0, 0.0, 0.0, 0.0, 0.0, 0.0, 0.0, -5.0e-3, 0.0, -5.0e-3 ], [ -5.0e-3, -5.0e-3, 0.0, -5.0e-3, -5.0e-3, -5.0e-3, -5.0e-3, 0.0, -5.0e-3, -5.0e-3, -5.0e-3, -5.0e-3, -5.0e-3, -5.0e-3, 0.0, -2.823e-3, 0.0, 0.0, 0.0, 0.0, 0.0, 0.0, 0.0, 0.0, 0.0, 0.0, -5.0e-3, -5.0e-3 ], [ -5.0e-3, -5.0e-3, -5.0e-3, 0.0, 0.0, -5.0e-3, -5.0e-3, -5.0e-3, -5.0e-3, -5.0e-3, -5.0e-3, -4.9997254901960565e-3, -4.999705882352922e-3, 0.0, 0.0, 0.0, 3.92156862745098e-3, 0.0, 0.0, 0.0, 0.0, -5.0e-3, 0.0, 0.0, 0.0, 0.0, -5.0e-3, -5.0e-3 ], [ -5.0e-3, 5.000117647058823e-3, 0.0, 0.0, -4.999882352941177e-3, -5.000294117647059e-3, -5.000294117647059e-3, 4.999705882352941e-3, -5.0e-3, -5.0e-3, -5.000352941176461e-3, -4.9999411764705395e-3, 4.999784313725483e-3, 5.000117647058787e-3, 5.00049019607843e-3, 0.0, 0.0, 0.0, 4.999705882352941e-3, -5.000294117647059e-3, 0.0, -5.0e-3, -5.0e-3, 0.0, -5.0e-3, 0.0, -5.0e-3, -5.0e-3 ], [ -5.0e-3, -4.999764705882404e-3, 4.999823529411775e-3, 0.0, 0.0, 0.0, -5.0e-3, -5.0e-3, -5.0e-3, -5.0e-3, 4.999921568627483e-3, 4.999784313725483e-3, 5.000372549019629e-3, 5.000196078431393e-3, 4.999960784313719e-3, 5.00045098039218e-3, 5.000392156862744e-3, 0.0, 0.0, 4.999705882352941e-3, 3.92156862745098e-3, 3.92156862745098e-3, 3.92156862745098e-3, 3.92156862745098e-3, 0.0, 0.0, 0.0, -5.0e-3 ], [ -4.999745098039216e-3, -4.999843137254899e-3, 4.999607843137303e-3, 4.999509803921551e-3, 5.00049019607843e-3, 5.000254901960784e-3, 3.92156862745098e-3, 4.999705882352941e-3, 4.999764705882365e-3, 4.999921568627416e-3, 4.999843137254921e-3, 5.0004117647058765e-3, 5.000196078431348e-3, 5.000274509803944e-3, 5.000372549019629e-3, 4.999529411764697e-3, 5.000196078431393e-3, 4.9998627450980335e-3, 4.999627450980391e-3, 0.0, 0.0, 0.0, 0.0, 4.999705882352941e-3, 4.999843137254901e-3, 4.999705882352941e-3, 0.0, -5.0e-3 ], [ -4.999725490196068e-3, -4.999843137254899e-3, 5.000431372549011e-3, 5.000254901960831e-3, 5.000098039215708e-3, -5.000313725490202e-3, 5.000274509803944e-3, 4.9997450980392355e-3, 5.000333333333281e-3, 4.999745098039191e-3, 5.00005882352946e-3, 4.999843137254921e-3, 4.999823529411787e-3, 4.9995882352941124e-3, 4.9998627450980335e-3, 4.9995882352941124e-3, 5.000098039215708e-3, 5.000470588235259e-3, 4.9997058823529885e-3, 4.999960784313719e-3, 4.999509803921551e-3, 4.999941176470587e-3, 0.0, 0.0, 0.0, 0.0, 0.0, -5.0e-3 ], [ -4.999627450980382e-3, 5.000392156862719e-3, 5.000156862745146e-3, 4.999784313725439e-3, 5.0001568627451014e-3, -5.000078431372517e-3, 5.000333333333281e-3, 5.00037254901964e-3, 4.999921568627416e-3, 5.000313725490191e-3, 5.000176470588258e-3, 5.00003921568627e-3, 5.0004117647058765e-3, 5.000274509803944e-3, 5.00003921568627e-3, 5.000274509803944e-3, 5.0004117647058765e-3, 5.0004117647058765e-3, 5.0004117647058765e-3, 5.000372549019629e-3, 5.000196078431393e-3, 4.9996470588235505e-3, 4.999960784313719e-3, 4.9998627450980335e-3, 5.000235294117629e-3, 4.9997254901960895e-3, 4.999980392156863e-3, -5.0e-3 ], [ 4.999549019607854e-3, 5.0e-3, 5.00023529411764e-3, 4.999960784313719e-3, 5.000196078431393e-3, -5.000254901960764e-3, -5.00035294117645e-3, 5.000098039215708e-3, 4.9996470588235505e-3, 5.000470588235259e-3, 5.000470588235259e-3, 4.9996470588235505e-3, 4.999960784313719e-3, 5.000372549019629e-3, 4.999921568627416e-3, 4.999509803921562e-3, 4.999549019607865e-3, 4.999960784313719e-3, 4.999921568627416e-3, 4.999549019607865e-3, 5.000137254901955e-3, 5.000137254901955e-3, 4.999686274509797e-3, 5.000372549019629e-3, 4.9996470588235505e-3, 4.999960784313719e-3, 5.000235294117596e-3, -5.000078431372539e-3 ], [ 5.000470588235259e-3, 5.000215686274539e-3, -4.999980392156898e-3, 4.999980392156854e-3, -5.00035294117645e-3, -4.999862745098045e-3, -4.999588235294124e-3, -4.999803921568607e-3, 4.999607843137303e-3, 4.999882352941168e-3, 4.999882352941168e-3, 4.9997450980392355e-3, 4.999607843137303e-3, 5.000333333333326e-3, 4.999823529411787e-3, 5.0004117647058765e-3, 5.00045098039218e-3, 5.00045098039218e-3, 5.000274509803944e-3, 5.000196078431382e-3, 4.999901960784337e-3, 5.000313725490191e-3, 4.9995882352941124e-3, 5.000137254901955e-3, 5.000098039215708e-3, 4.9997450980392355e-3, 4.99966666666663e-3, -5.000254901960809e-3 ], [ 5.00037254901964e-3, 4.999882352941124e-3, 5.000000000000022e-3, 5.000019607843102e-3, -5.0004313725490555e-3, -4.999568627450989e-3, 4.9997450980392355e-3, 4.999882352941168e-3, 4.999882352941168e-3, 5.000019607843102e-3, 5.000431372549011e-3, 4.999843137254921e-3, 4.9997058823529885e-3, 5.0002941176470785e-3, 4.9997058823529885e-3, 5.0002941176470785e-3, 4.999607843137303e-3, 5.000333333333326e-3, 5.000333333333326e-3, 4.9996470588235505e-3, 4.999784313725483e-3, 4.999607843137303e-3, 4.9997058823529885e-3, 4.99966666666663e-3, 4.999843137254921e-3, -4.999607843137236e-3, -5.000294117647056e-3, -5.000196078431371e-3 ], [ 5.000254901960831e-3, 4.9997254901960235e-3, 5.000294117647034e-3, 4.999745098039191e-3, 5.0001568627451014e-3, 4.999843137254877e-3, 4.999882352941124e-3, 4.999509803921573e-3, 5.000333333333281e-3, 5.000470588235326e-3, 5.000470588235326e-3, 5.000333333333281e-3, 5.000058823529416e-3, 4.999784313725439e-3, 4.999647058823506e-3, 5.000235294117596e-3, -4.999764705882404e-3, 5.0003921568627634e-3, 4.999568627450944e-3, 4.999843137254921e-3, 4.999529411764697e-3, -5.000078431372517e-3, 5.000470588235326e-3, 4.999882352941124e-3, 4.9996078431372585e-3, -5.000117647058876e-3, 5.000254901960786e-3, 5.00045098039218e-3 ], [ 4.999666666666666e-3, 5.000196078431393e-3, 4.999960784313719e-3, 5.000333333333326e-3, 4.9997450980392355e-3, -4.999666666666674e-3, 5.000019607843102e-3, 5.000254901960831e-3, 5.000117647058787e-3, -4.999607843137236e-3, -4.999745098039169e-3, -5.000019607843146e-3, -4.999882352941213e-3, 5.000235294117596e-3, 4.99966666666663e-3, 5.000254901960831e-3, -5.0003333333333705e-3, 5.000254901960831e-3, 5.0002941176470785e-3, 5.000431372549011e-3, 4.999568627450944e-3, 5.0002941176470785e-3, 5.000196078431393e-3, -5.00035294117645e-3, 5.0004117647058765e-3, -4.99976470588237e-3, 0.0, 0.0 ], [ 0.0, 0.0, 0.0, 0.0, 0.0, -5.0e-3, 0.0, 0.0, 0.0, 0.0, -5.0e-3, -5.0e-3, -5.0e-3, 0.0, 0.0, 0.0, 0.0, 0.0, 0.0, 0.0, 0.0, 0.0, -5.0e-3, -5.0e-3, -5.0e-3, -5.0e-3, -5.0e-3, 0.0 ], [ 0.0, -5.0e-3, 0.0, 0.0, 0.0, -5.0e-3, 0.0, 0.0, -5.0e-3, -5.0e-3, -5.0e-3, -5.0e-3, -5.0e-3, 0.0, 0.0, 0.0, 0.0, 0.0, 0.0, 0.0, 0.0, 0.0, -5.0e-3, -5.0e-3, 0.0, -5.0e-3, 0.0, 0.0 ], [ 0.0, 0.0, 0.0, 0.0, 0.0, -5.0e-3, 0.0, 0.0, 0.0, 0.0, -5.0e-3, 0.0, -5.0e-3, 0.0, 0.0, 0.0, 0.0, 0.0, 0.0, 0.0, 0.0, 0.0, -5.0e-3, -5.0e-3, 0.0, 0.0, 0.0, -5.0e-3 ], [ 0.0, 0.0, 0.0, 0.0, -5.0e-3, -5.0e-3, 0.0, 0.0, 0.0, -5.0e-3, -5.0e-3, 0.0, -5.0e-3, -5.0e-3, 0.0, 0.0, 0.0, 0.0, 0.0, 0.0, 0.0, 0.0, -5.0e-3, -5.0e-3, 0.0, -5.0e-3, 0.0, -5.0e-3 ], [ 0.0, 0.0, 0.0, 0.0, 0.0, -5.0e-3, 0.0, 0.0, 0.0, 0.0, 0.0, 0.0, 0.0, 0.0, 0.0, 0.0, 0.0, -5.0e-3, 0.0, 0.0, 0.0, 0.0, 0.0, -5.0e-3, 0.0, 0.0, 0.0, -5.0e-3 ], [ 0.0, 0.0, 0.0, 0.0, 0.0, -5.0e-3, 0.0, 0.0, 0.0, 0.0, -5.0e-3, -5.0e-3, -5.0e-3, 0.0, 0.0, -5.0e-3, 0.0, 0.0, -5.0e-3, -5.0e-3, 0.0, 0.0, 0.0, 0.0, 0.0, 0.0, 0.0, 0.0 ], [ 0.0, 0.0, 0.0, 0.0, 0.0, 0.0, 0.0, 0.0, -5.0e-3, -5.0e-3, 0.0, -5.0e-3, -5.0e-3, 0.0, 0.0, 0.0, -5.0e-3, 0.0, 0.0, 0.0, 0.0, 0.0, 0.0, 0.0, 0.0, 0.0, 0.0, 0.0 ], [ 0.0, 0.0, 0.0, 0.0, 0.0, -5.0e-3, -5.0e-3, -5.0e-3, -5.0e-3, -5.0e-3, -5.0e-3, -5.0e-3, -5.0e-3, 0.0, 0.0, 0.0, 0.0, 0.0, 0.0, -5.0e-3, -5.0e-3, -5.0e-3, 0.0, 0.0, 0.0, 0.0, 0.0, 0.0 ] ]
  robust!13 [======================================================] 9/9 queries
    result: 🗸 - Marabou proved no counterexample exists
  robust!14 [======================================================] 9/9 queries
    result: 🗸 - Marabou proved no counterexample exists
  robust!15 [======================================================] 9/9 queries
    result: 🗸 - Marabou proved no counterexample exists
  robust!16 [======================================================] 9/9 queries
    result: 🗸 - Marabou proved no counterexample exists
    result: ✗ - Marabou found a counterexample
      perturbation: [ [ 0.0, -5.0e-3, -5.0e-3, -5.0e-3, 0.0, 0.0, 0.0, -5.0e-3, -5.0e-3, -5.0e-3, -5.0e-3, -5.0e-3, 5.000490196078427e-3, 4.9997843137254885e-3, 5.000490196078427e-3, 4.999901960784337e-3, 5.00045098039218e-3, -4.999529411764697e-3, -5.0e-3, -5.0e-3, -5.0e-3, 0.0, 0.0, 0.0, 0.0, 0.0, 0.0, 0.0 ], [ 0.0, 0.0, 0.0, 0.0, 0.0, 3.92156862745098e-3, 4.999705882352941e-3, 5.000137254901961e-3, 0.0, -5.0e-3, -4.999549019607799e-3, 4.999823529411797e-3, 4.999509803921528e-3, 4.9996666666666965e-3, 5.000235294117663e-3, 5.0003137254902245e-3, 5.0e-3, 4.999921568627483e-3, -5.000352941176494e-3, -5.00027450980391e-3, 0.0, 4.999843137254901e-3, 5.000137254901961e-3, 0.0, 0.0, 0.0, 0.0, 0.0 ], [ 0.0, 0.0, 0.0, 0.0, 0.0, 0.0, -5.0e-3, -5.0e-3, 0.0, 5.000254901960784e-3, 4.99958823529409e-3, 5.000333333333281e-3, 5.000431372549011e-3, 4.99998039215681e-3, 5.000333333333348e-3, 4.9998627450980005e-3, 4.999882352941124e-3, 4.999980392156843e-3, 5.000098039215663e-3, 4.99992156862746e-3, -5.0e-3, -5.0e-3, -5.0e-3, 0.0, 0.0, 0.0, 0.0, 0.0 ], [ 0.0, 0.0, 0.0, 5.000137254901961e-3, -5.0e-3, -5.0e-3, -4.999784313725492e-3, 5.000098039215696e-3, 4.999843137254899e-3, 5.000450980392135e-3, -4.999529411764697e-3, 4.999686274509815e-3, 4.999745098039214e-3, 5.00023529411764e-3, 5.0e-3, 5.000019607843168e-3, 5.000490196078449e-3, 5.000392156862719e-3, 5.000352941176469e-3, 5.000411764705893e-3, 5.00045098039218e-3, 5.000294117647056e-3, -5.0e-3, -5.0e-3, 0.0, 0.0, 0.0, 0.0 ], [ 0.0, 0.0, 0.0, -5.0e-3, -5.0e-3, 4.999882352941168e-3, 5.0002941176470785e-3, 4.999745098039224e-3, 5.000254901960831e-3, 5.000450980392135e-3, 5.00003921568627e-3, 5.000039215686286e-3, 0.0, 4.999666666666674e-3, 4.9997058823529434e-3, 4.999627450980382e-3, 5.0e-3, 4.999784313725506e-3, 4.999745098039214e-3, 4.99952941176473e-3, 5.0e-3, 4.999607843137214e-3, 4.999647058823506e-3, -4.999901960784314e-3, 0.0, 0.0, 0.0, 0.0 ], [ 0.0, 0.0, 0.0, -5.0e-3, -5.000078431372539e-3, 5.000215686274473e-3, 4.999666666666663e-3, 4.9997058823529434e-3, 4.999627450980382e-3, 4.999803921568607e-3, 5.000000000000022e-3, 0.0, 4.999509803921567e-3, 4.99992156862745e-3, 5.000470588235281e-3, 5.000215686274539e-3, 5.0002941176470785e-3, 5.000431372549e-3, 5.000274509803921e-3, 5.000196078431371e-3, 5.000176470588258e-3, 4.9999999999999776e-3, 5.000274509803955e-3, -5.000411764705865e-3, 4.999803921568627e-3, 0.0, 0.0, 0.0 ], [ 0.0, 0.0, 0.0, 0.0, 5.000019607843146e-3, 5.0004509803922015e-3, 5.000333333333281e-3, 5.000490196078449e-3, 5.000470588235259e-3, 4.999568627450944e-3, 4.999823529411797e-3, 5.000470588235292e-3, 5.000254901960764e-3, 0.0, 4.999823529411753e-3, 4.99968627450982e-3, 5.000215686274517e-3, 4.999529411764705e-3, 4.9997843137254885e-3, 4.999549019607854e-3, -5.000058823529413e-3, 5.000039215686225e-3, 4.999921568627439e-3, 4.9997254901960235e-3, 4.999725490196101e-3, 0.0, 0.0, 0.0 ], [ -5.0e-3, 0.0, 0.0, 0.0, 4.999803921568651e-3, 5.0004509803922015e-3, 4.9999607843136855e-3, 4.99966666666663e-3, 4.999823529411797e-3, 4.999764705882315e-3, 5.000431372549034e-3, 5.000196078431382e-3, 5.0003529411765165e-3, 4.999843137254901e-3, 4.999529411764697e-3, 4.9997058823529885e-3, 5.0e-3, 4.999980392156843e-3, 4.999686274509797e-3, 5.000019607843168e-3, 5.0e-3, 0.0, 5.000176470588225e-3, 4.9997058823529885e-3, 4.999627450980426e-3, 0.0, 0.0, 0.0 ], [ -5.0e-3, 0.0, 0.0, 0.0, 4.999705882352922e-3, 5.000431372548967e-3, 4.999843137254877e-3, 4.999725490196068e-3, -5.000411764705865e-3, 4.999509803921528e-3, 5.000372549019596e-3, 5.000431372549011e-3, 5.0e-3, 0.0, 4.9999999999999776e-3, 5.000215686274517e-3, 5.000392156862719e-3, 5.000058823529371e-3, 5.0e-3, 5.0e-3, 4.9998039215686735e-3, 5.00023529411764e-3, 4.9997843137254885e-3, 4.9997058823529434e-3, 5.00035294117645e-3, 0.0, 0.0, 0.0 ], [ 0.0, 0.0, 0.0, 0.0, 5.0003921568627634e-3, 4.999568627451011e-3, 4.99976470588236e-3, 4.9999607843136855e-3, 4.999843137254877e-3, 5.000196078431415e-3, 4.999941176470562e-3, 5.000058823529371e-3, 4.9998627450980005e-3, 0.0, 5.000411764705888e-3, 5.0003137254902245e-3, 4.999921568627439e-3, 5.000431372549034e-3, 5.000039215686292e-3, 4.9997647058823485e-3, 0.0, -4.999901960784293e-3, 4.999862745098045e-3, 5.0e-3, 4.999941176470587e-3, 0.0, 0.0, 0.0 ], [ 0.0, 0.0, 0.0, 0.0, 5.0e-3, 5.000078431372539e-3, 5.0003333333333315e-3, 5.000392156862719e-3, 4.999882352941191e-3, 5.000117647058854e-3, 4.999803921568629e-3, 5.000254901960786e-3, 4.99992156862746e-3, 4.999588235294129e-3, 4.99968627450982e-3, 5.0e-3, 4.999529411764653e-3, 4.999588235294068e-3, 4.999764705882365e-3, 4.999568627450978e-3, 5.00003921568627e-3, 4.999823529411797e-3, 4.999941176470606e-3, 4.999843137254877e-3, 0.0, 0.0, 0.0, 0.0 ], [ 0.0, 0.0, 0.0, 0.0, 5.0e-3, 5.000372549019629e-3, 0.0, 5.000470588235281e-3, 5.000196078431415e-3, 5.00037254901964e-3, 5.000490196078405e-3, 5.0004901960783825e-3, 5.000117647058821e-3, 4.999705882352922e-3, 5.000078431372495e-3, 4.999921568627483e-3, 5.000078431372529e-3, 4.999882352941168e-3, 5.000372549019618e-3, 5.000372549019629e-3, 5.000215686274473e-3, -5.0001764705882475e-3, 4.999862745098045e-3, 4.999882352941168e-3, 5.000411764705893e-3, 0.0, 0.0, -5.0e-3 ], [ -5.0e-3, 0.0, 0.0, 0.0, 5.000372549019596e-3, 4.999980392156859e-3, 5.000137254901972e-3, 5.000294117647101e-3, 5.000450980392135e-3, 5.000313725490158e-3, 4.9998627450980005e-3, 5.000019607843146e-3, 5.0002941176470785e-3, 4.999882352941158e-3, 5.000137254901977e-3, 5.000196078431415e-3, 4.999725490196068e-3, 5.000196078431348e-3, 5.000196078431393e-3, 4.999784313725506e-3, 5.000470588235281e-3, 5.000215686274539e-3, 4.999725490196112e-3, 5.000490196078405e-3, 5.000431372549011e-3, 0.0, 0.0, 0.0 ], [ -5.0e-3, 0.0, 0.0, 4.999823529411764e-3, 4.999843137254921e-3, 5.000254901960784e-3, 4.999980392156854e-3, 5.000352941176472e-3, 4.999803921568607e-3, 5.000333333333281e-3, 5.000372549019629e-3, 5.000254901960764e-3, 4.99954901960782e-3, 4.999627450980391e-3, 5.000235294117596e-3, 5.000470588235281e-3, 5.000196078431415e-3, 5.0002941176470785e-3, 4.99966666666663e-3, 5.000019607843124e-3, 5.000431372549011e-3, 5.00027450980391e-3, 4.999529411764686e-3, 4.999588235294135e-3, 5.0e-3, 4.9999019607843255e-3, 0.0, 0.0 ], [ 0.0, 0.0, 0.0, 4.999862745098051e-3, 5.00013725490191e-3, 0.0, 5.0e-3, 4.999823529411797e-3, 4.999607843137303e-3, 5.000000000000022e-3, 5.000098039215696e-3, 4.999568627450989e-3, 5.000176470588258e-3, 5.000098039215685e-3, 5.0003921568627634e-3, 5.000490196078449e-3, 5.0e-3, 4.999588235294068e-3, 5.000176470588225e-3, 4.999901960784314e-3, 5.0001764705882475e-3, 5.0004509803922015e-3, 4.999843137254921e-3, 4.999607843137236e-3, 5.000196078431415e-3, 4.99984313725491e-3, 0.0, 0.0 ], [ 0.0, 0.0, 0.0, 5.000372549019618e-3, 5.0004509803922015e-3, 0.0, 5.0e-3, 4.9997647058823485e-3, 4.9998627450980335e-3, 5.000313725490191e-3, 5.000333333333315e-3, 5.000000000000022e-3, 4.999647058823539e-3, 0.0, 4.999647058823506e-3, 4.99976470588236e-3, 4.99966666666663e-3, 5.000372549019629e-3, 5.000137254901977e-3, 4.9996666666666965e-3, 5.000019607843135e-3, 4.999823529411787e-3, 4.9996078431372585e-3, 5.000176470588258e-3, 4.9996078431372585e-3, 4.999509803921562e-3, 0.0, 0.0 ], [ 0.0, 0.0, 0.0, 5.000313725490208e-3, 5.000019607843168e-3, 5.000000000000011e-3, 4.999568627451011e-3, 4.999980392156863e-3, 5.000470588235303e-3, 4.999549019607865e-3, 5.000156862745146e-3, 5.000333333333326e-3, 5.000470588235303e-3, 0.0, 5.0003921568627634e-3, 5.000431372549e-3, 4.999549019607865e-3, 4.999941176470585e-3, 5.000078431372539e-3, 5.000215686274473e-3, 4.99976470588236e-3, 5.00049019607843e-3, 4.999725490196112e-3, 4.9995882352941124e-3, 5.000098039215663e-3, 4.999784313725472e-3, 0.0, 0.0 ], [ 0.0, 0.0, 0.0, 5.000254901960781e-3, 5.0e-3, -4.9997254901960565e-3, 5.000117647058854e-3, 0.0, 5.000000000000022e-3, 5.000176470588225e-3, 4.999588235294135e-3, 5.000039215686292e-3, 5.000156862745079e-3, 5.000392156862742e-3, 5.0002941176470785e-3, 4.999941176470587e-3, 5.000039215686286e-3, 4.999941176470585e-3, 4.999784313725483e-3, 4.999960784313719e-3, 4.99976470588236e-3, 0.0, 4.999647058823506e-3, 4.99984313725491e-3, 4.999725490196101e-3, 4.999588235294129e-3, 0.0, 0.0 ], [ 0.0, 0.0, 0.0, 4.999980392156859e-3, 5.000294117647101e-3, 5.000000000000044e-3, 5.000333333333348e-3, 0.0, 5.0004117647058765e-3, 4.999647058823572e-3, 5.000372549019596e-3, 5.000137254901977e-3, 5.00005882352946e-3, 4.99976470588236e-3, 4.999823529411797e-3, 4.9996862745098035e-3, 0.0, 5.000392156862742e-3, 5.00003921568627e-3, 4.999745098039214e-3, 4.999960784313719e-3, 0.0, 5.000490196078449e-3, 5.000058823529416e-3, 4.999607843137253e-3, 5.0002352941176465e-3, 0.0, 0.0 ], [ -5.0e-3, 0.0, 0.0, 4.999568627450978e-3, 4.999509803921528e-3, 4.999862745098067e-3, 5.000254901960786e-3, 0.0, 5.000078431372529e-3, 5.000352941176472e-3, 4.999901960784314e-3, 5.000215686274473e-3, 5.000470588235326e-3, 5.000254901960786e-3, 5.000274509803955e-3, 5.000254901960784e-3, 4.9999607843137246e-3, 4.999647058823539e-3, 5.000254901960781e-3, 4.999627450980391e-3, 5.0002941176470785e-3, 0.0, 5.000137254901977e-3, 5.000176470588225e-3, 5.000196078431382e-3, 4.999843137254901e-3, 0.0, 0.0 ], [ 0.0, 0.0, 0.0, 4.999549019607854e-3, 5.00027450980391e-3, 5.000254901960786e-3, 4.9997058823529885e-3, 0.0, 4.999607843137303e-3, 4.9997254901960235e-3, 4.999803921568629e-3, 4.99966666666663e-3, 4.999764705882315e-3, 5.000019607843124e-3, 4.999725490196068e-3, 5.000098039215685e-3, 4.999705882352938e-3, 5.000254901960764e-3, 4.999647058823539e-3, 4.999509803921562e-3, 4.999509803921528e-3, 0.0, 5.000470588235326e-3, 4.999843137254877e-3, 4.999607843137303e-3, 4.999666666666666e-3, 0.0, 0.0 ], [ 0.0, -5.0e-3, 0.0, 4.999980392156859e-3, 4.999588235294135e-3, 5.000333333333281e-3, 5.000411764705893e-3, 0.0, 4.999901960784359e-3, 5.000254901960786e-3, 4.999647058823506e-3, 5.000313725490202e-3, 5.000235294117596e-3, 4.999921568627439e-3, 5.000490196078405e-3, 5.000156862745095e-3, 5.000078431372529e-3, 4.999705882352922e-3, 5.000019607843146e-3, 4.9998627450980005e-3, 4.999823529411753e-3, 0.0, 4.999607843137303e-3, 5.00009803921573e-3, 4.999529411764697e-3, 4.999941176470587e-3, 0.0, 0.0 ], [ 0.0, 0.0, 0.0, 4.999607843137253e-3, 5.000235294117663e-3, 4.9996470588235505e-3, 5.000274509803921e-3, 0.0, 5.000294117647034e-3, -5.000294117647012e-3, 4.999686274509797e-3, 4.999627450980416e-3, -4.999686274509797e-3, -4.99992156862746e-3, 4.99998039215681e-3, 4.999823529411787e-3, 5.000156862745146e-3, 4.999666666666663e-3, 4.999960784313731e-3, 5.000431372548967e-3, 4.999509803921528e-3, 0.0, 5.000431372549e-3, 5.000470588235281e-3, 5.000039215686292e-3, 4.999823529411775e-3, 0.0, 0.0 ], [ 0.0, 0.0, 0.0, 5.000078431372548e-3, 4.999588235294135e-3, 4.999705882352922e-3, 3.92156862745098e-3, 0.0, 4.999647058823506e-3, -5.000058823529404e-3, 4.999941176470585e-3, -5.00047058823527e-3, 4.999901960784293e-3, -5.000372549019573e-3, 5.0004117647058435e-3, 4.999843137254921e-3, 5.000313725490191e-3, 5.00045098039218e-3, 5.00027450980391e-3, 4.99998039215681e-3, 4.999627450980338e-3, 0.0, 4.999705882352938e-3, 5.000039215686248e-3, 5.000372549019596e-3, 4.9997647058823485e-3, 0.0, 0.0 ], [ 0.0, 0.0, 0.0, 4.999980392156859e-3, 5.000196078431348e-3, 4.999941176470595e-3, 0.0, 0.0, 4.999941176470606e-3, 4.999725490196101e-3, 4.999960784313708e-3, 4.999921568627416e-3, 4.9998039215686735e-3, 4.999705882352922e-3, 4.99998039215681e-3, 4.999509803921562e-3, 4.999647058823539e-3, 4.999627450980382e-3, 4.9996666666666965e-3, 5.000490196078405e-3, 4.9996078431372585e-3, 0.0, 4.9997843137254885e-3, 5.000215686274539e-3, 5.000235294117663e-3, 4.999784313725483e-3, 0.0, 0.0 ], [ 0.0, 0.0, 0.0, 4.9995882352941124e-3, 5.000176470588269e-3, 4.999941176470595e-3, 5.00049019607843e-3, 0.0, -4.999901960784337e-3, -4.999764705882404e-3, 5.000019607843102e-3, 5.000078431372539e-3, 5.000411764705888e-3, 4.9997647058823485e-3, 5.000235294117663e-3, 5.000078431372573e-3, 4.999980392156843e-3, 5.000392156862719e-3, -4.9998823529411466e-3, 5.000431372549034e-3, 5.0e-3, 0.0, 0.0, 5.00009803921573e-3, 4.999745098039258e-3, 4.999901960784337e-3, 0.0, -3.972e-3 ], [ 0.0, 0.0, 0.0, 4.999823529411787e-3, 5.000490196078449e-3, -5.000490196078427e-3, 4.9997843137254885e-3, 0.0, -5.000450980392157e-3, 4.999627450980426e-3, 4.999627450980382e-3, 4.999862745098045e-3, 4.999666666666674e-3, 4.999588235294068e-3, 5.000039215686248e-3, 5.000000000000022e-3, 5.000470588235259e-3, 5.000294117647034e-3, 5.000196078431393e-3, 4.99976470588236e-3, 5.0003333333333315e-3, 0.0, -5.0e-3, 4.999823529411753e-3, 4.9998627450980005e-3, 5.000372549019618e-3, 0.0, 0.0 ], [ 0.0, 0.0, 0.0, 0.0, 0.0, 0.0, 0.0, 0.0, -5.0e-3, -5.0e-3, 0.0, 0.0, 0.0, 0.0, 0.0, 0.0, 0.0, 0.0, -5.0e-3, -5.0e-3, -5.0e-3, -5.0e-3, 0.0, 0.0, 0.0, 0.0, 0.0, 0.0 ] ]
  robust!18 [======================================================] 9/9 queries
    result: 🗸 - Marabou proved no counterexample exists
  robust!19 [======================================================] 9/9 queries
    result: 🗸 - Marabou proved no counterexample exists
  robust!20 [======================================================] 9/9 queries
    result: 🗸 - Marabou proved no counterexample exists
    result: ✗ - Marabou found a counterexample
      perturbation: [ [ 0.0, 0.0, 0.0, 0.0, 0.0, 0.0, 0.0, 0.0, 0.0, 0.0, 0.0, 0.0, 0.0, 0.0, 0.0, 0.0, 0.0, 0.0, 0.0, 0.0, 0.0, 0.0, 0.0, 0.0, 0.0, 0.0, 0.0, 0.0 ], [ 0.0, 0.0, 0.0, 0.0, 0.0, 0.0, 0.0, 0.0, 0.0, 0.0, 0.0, 0.0, 0.0, 0.0, 0.0, 0.0, 0.0, 0.0, 0.0, 0.0, 0.0, 0.0, 0.0, 0.0, 0.0, 0.0, 0.0, 0.0 ], [ 0.0, 0.0, 0.0, 0.0, 0.0, 0.0, 0.0, 0.0, 0.0, 0.0, 0.0, 0.0, 0.0, 0.0, 0.0, 0.0, 0.0, 0.0, 0.0, 0.0, 0.0, 0.0, 0.0, 0.0, 0.0, 0.0, 0.0, 0.0 ], [ 0.0, 0.0, 0.0, 0.0, 0.0, 0.0, 0.0, 0.0, 0.0, 0.0, 0.0, 0.0, 0.0, 0.0, 0.0, 0.0, 0.0, 0.0, 0.0, 0.0, 0.0, 0.0, 0.0, 0.0, 0.0, 0.0, 0.0, 0.0 ], [ 0.0, 0.0, 0.0, 0.0, 0.0, 0.0, 0.0, 0.0, 0.0, 0.0, 0.0, 0.0, 0.0, 0.0, 0.0, 0.0, 0.0, 0.0, 0.0, 0.0, 0.0, 0.0, 0.0, 0.0, 0.0, 0.0, 0.0, 0.0 ], [ 0.0, 0.0, 0.0, 0.0, 0.0, 0.0, 0.0, 0.0, 0.0, 0.0, 0.0, 0.0, 0.0, 0.0, 0.0, 0.0, 0.0, 0.0, 0.0, 0.0, 0.0, 0.0, 0.0, 0.0, 0.0, 0.0, 0.0, 0.0 ], [ 0.0, 0.0, 0.0, 0.0, 0.0, 0.0, 0.0, 0.0, 0.0, 0.0, 0.0, 0.0, 0.0, 0.0, 0.0, 0.0, 0.0, 0.0, 0.0, 0.0, 0.0, 0.0, 0.0, 0.0, 0.0, 0.0, 0.0, 0.0 ], [ 0.0, 0.0, 0.0, 0.0, 0.0, 0.0, 0.0, 0.0, 0.0, 0.0, 0.0, 0.0, 0.0, 0.0, 0.0, 0.0, 0.0, 0.0, 0.0, 0.0, 0.0, 0.0, 0.0, 0.0, 0.0, 0.0, 0.0, 0.0 ], [ 0.0, 0.0, 0.0, 0.0, 0.0, 0.0, 0.0, 0.0, 0.0, 0.0, 0.0, 0.0, 0.0, 0.0, 0.0, 4.999666666666663e-3, 4.999549019607843e-3, 0.0, 3.92156862745098e-3, 0.0, 0.0, 0.0, 0.0, 4.999705882352941e-3, 0.0, 0.0, 0.0, 0.0 ], [ 0.0, 0.0, 0.0, 0.0, 0.0, 0.0, 0.0, 0.0, 0.0, 0.0, 0.0, 0.0, 4.999882352941158e-3, 4.999568627450944e-3, 4.999509803921573e-3, 5.000058823529371e-3, 4.999509803921551e-3, 0.0, 0.0, 0.0, 0.0, 0.0, 0.0, 0.0, 0.0, 3.92156862745098e-3, 0.0, 0.0 ], [ 0.0, 0.0, 0.0, 0.0, 0.0, 0.0, 0.0, 0.0, 0.0, 0.0, 0.0, 0.0, 4.999588235294135e-3, 5.000235294117663e-3, 5.000098039215663e-3, 5.000470588235303e-3, 4.999823529411797e-3, 5.00023529411764e-3, 4.9999607843137246e-3, 0.0, 0.0, 0.0, 0.0, 5.00049019607843e-3, 4.999725490196112e-3, 5.000117647058787e-3, 0.0, 0.0 ], [ 3.92156862745098e-3, 5.000274509803921e-3, 5.000274509803921e-3, 3.92156862745098e-3, 5.000137254901961e-3, 4.999705882352941e-3, 0.0, 0.0, 0.0, 0.0, 5.000137254901972e-3, 4.999843137254921e-3, 4.999862745098045e-3, 5.000117647058787e-3, 5.000196078431348e-3, 5.00045098039218e-3, 4.999529411764705e-3, 4.999588235294135e-3, 4.9996078431372585e-3, 4.999647058823506e-3, 5.000117647058831e-3, 4.999725490196101e-3, 4.999647058823506e-3, 4.999509803921573e-3, 4.999980392156854e-3, 4.99954901960782e-3, 4.999960784313708e-3, 0.0 ], [ 0.0, 0.0, 0.0, 0.0, 0.0, 0.0, 0.0, 0.0, 4.999980392156859e-3, 5.000372549019629e-3, 5.0e-3, 4.999725490196068e-3, 5.000117647058831e-3, 5.000431372549011e-3, 4.999509803921573e-3, 5.000431372548967e-3, 4.999568627450989e-3, 5.000117647058787e-3, 5.000176470588269e-3, 5.000254901960764e-3, 5.000470588235326e-3, 4.999549019607887e-3, 5.000431372549011e-3, 4.999901960784293e-3, 4.999509803921562e-3, 4.99976470588236e-3, 5.000176470588269e-3, 0.0 ], [ 0.0, 5.000156862745095e-3, 5.000137254901972e-3, 0.0, 4.999803921568627e-3, 5.000078431372573e-3, 5.00045098039218e-3, 4.999529411764686e-3, 4.999803921568629e-3, 4.999784313725483e-3, 5.000372549019629e-3, 5.000176470588269e-3, 5.000196078431393e-3, 5.0002941176470785e-3, 5.000431372549011e-3, 4.999823529411797e-3, 5.000019607843168e-3, 5.000058823529416e-3, 4.999627450980382e-3, 5.000254901960831e-3, 4.999627450980416e-3, 5.000078431372529e-3, 4.999980392156854e-3, 5.000196078431393e-3, 4.999882352941168e-3, 5.000254901960831e-3, 4.999784313725483e-3, 0.0 ], [ 3.92156862745098e-3, 4.999941176470606e-3, 4.999784313725439e-3, 5.000117647058787e-3, 5.000490196078449e-3, 4.9998039215686735e-3, 5.000333333333315e-3, 4.999588235294068e-3, 4.9999999999999776e-3, 4.999607843137303e-3, 4.999725490196112e-3, 4.9999999999999776e-3, 5.000196078431348e-3, 4.999823529411797e-3, 4.999686274509753e-3, 4.99966666666663e-3, 4.999686274509753e-3, 5.000039215686292e-3, 5.000313725490202e-3, 4.9998039215686735e-3, 5.000235294117663e-3, 4.99998039215681e-3, 4.999647058823506e-3, 4.999921568627483e-3, 4.999941176470606e-3, 4.999666666666674e-3, 0.0, 0.0 ], [ 5.000411764705893e-3, 4.999921568627483e-3, 5.000431372548967e-3, 5.000156862745146e-3, 4.999529411764697e-3, 4.999647058823506e-3, 4.9999999999999776e-3, 5.00037254901964e-3, 4.999627450980426e-3, 5.000117647058854e-3, 5.0004901960783825e-3, 4.999509803921573e-3, 4.999764705882315e-3, 5.000254901960764e-3, 4.999588235294135e-3, 4.9996470588235505e-3, 4.999568627450944e-3, 4.999529411764653e-3, 5.0004117647058435e-3, 5.000372549019596e-3, 5.000450980392135e-3, 5.000019607843146e-3, 5.0004509803922015e-3, 4.999784313725439e-3, 4.999647058823572e-3, 4.999647058823528e-3, 4.99992156862745e-3, 4.999803921568627e-3 ], [ 4.999627450980416e-3, 4.999882352941168e-3, 5.000098039215663e-3, 5.0002941176470785e-3, 5.000274509803955e-3, 5.000039215686292e-3, 5.000333333333326e-3, 4.99984313725491e-3, 5.000235294117596e-3, 5.0e-3, 4.999607843137303e-3, 4.9996078431372585e-3, 5.000274509803955e-3, 5.0003333333333315e-3, 5.000235294117596e-3, 5.000470588235259e-3, 5.000156862745146e-3, 5.000176470588269e-3, 4.999529411764686e-3, 5.000352941176494e-3, 4.999882352941174e-3, 5.000039215686286e-3, 4.999647058823539e-3, 5.0004117647058765e-3, 5.000117647058831e-3, 5.0004117647058765e-3, 4.999901960784293e-3, 5.000411764705893e-3 ], [ 4.999549019607843e-3, 4.999725490196068e-3, 5.000215686274473e-3, 4.999921568627483e-3, 5.000254901960831e-3, 5.000156862745146e-3, 4.999568627450944e-3, 5.000235294117596e-3, 5.00035294117645e-3, 5.000490196078427e-3, 5.000235294117629e-3, 5.000196078431382e-3, 5.000470588235303e-3, 5.000176470588258e-3, 4.9996470588235505e-3, 5.0001568627451014e-3, 4.999725490196068e-3, 4.999784313725439e-3, 4.999509803921562e-3, 4.99984313725491e-3, 5.000392156862753e-3, 4.999568627450989e-3, 4.999784313725483e-3, 4.999901960784337e-3, 4.999803921568651e-3, 5.000431372549e-3, 4.999960784313731e-3, 5.0004117647058765e-3 ], [ 0.0, 0.0, 4.9995882352941124e-3, 4.9998627450980005e-3, 4.999529411764653e-3, 4.999549019607887e-3, 5.000450980392157e-3, 4.99958823529409e-3, 5.000019607843124e-3, 4.999529411764653e-3, 4.999647058823506e-3, 5.00005882352946e-3, 5.000078431372539e-3, 5.000450980392157e-3, 5.0e-3, 4.999862745098067e-3, 4.9997254901960235e-3, 4.999941176470562e-3, 5.0e-3, 5.0e-3, 4.999725490196112e-3, 5.000294117647034e-3, 5.0e-3, 5.000176470588225e-3, 5.000490196078449e-3, 5.00009803921573e-3, 5.000392156862719e-3, 4.9997254901960895e-3 ], [ 3.92156862745098e-3, 0.0, 0.0, 0.0, 0.0, 4.999764705882365e-3, 5.0004901960783825e-3, 4.999901960784293e-3, 4.999725490196112e-3, 4.999843137254921e-3, 4.999960784313731e-3, 5.00045098039218e-3, 4.999705882352922e-3, 4.999509803921562e-3, 4.9999019607843255e-3, 5.000215686274508e-3, 4.999764705882365e-3, 5.0004509803921685e-3, 5.000215686274506e-3, 4.999529411764686e-3, 5.00003921568627e-3, 5.000039215686225e-3, 5.00005882352946e-3, 5.000470588235259e-3, 4.999686274509753e-3, 5.000098039215708e-3, 4.999529411764705e-3, 0.0 ], [ 0.0, 0.0, 0.0, 0.0, 0.0, 0.0, 0.0, 0.0, 0.0, 0.0, 0.0, 0.0, 0.0, 0.0, 0.0, 0.0, 0.0, 0.0, 0.0, 0.0, 0.0, 0.0, 0.0, 0.0, 0.0, 0.0, 0.0, 0.0 ], [ 0.0, 0.0, 0.0, 0.0, 0.0, 0.0, 0.0, 0.0, 0.0, 0.0, 0.0, 0.0, 0.0, 0.0, 0.0, 0.0, 0.0, 0.0, 0.0, 0.0, 0.0, 0.0, 0.0, 0.0, 0.0, 0.0, 0.0, 0.0 ], [ 0.0, 0.0, 0.0, 0.0, 0.0, 0.0, 0.0, 0.0, 0.0, 0.0, 0.0, 0.0, 0.0, 0.0, 0.0, 0.0, 0.0, 0.0, 0.0, 0.0, 0.0, 0.0, 0.0, 0.0, 0.0, 0.0, 0.0, 0.0 ], [ 0.0, 0.0, 0.0, 0.0, 0.0, 0.0, 0.0, 0.0, 0.0, 0.0, 0.0, 0.0, 0.0, 0.0, 0.0, 0.0, 0.0, 0.0, 0.0, 0.0, 0.0, 0.0, 0.0, 0.0, 0.0, 0.0, 0.0, 0.0 ], [ 0.0, 0.0, 0.0, 0.0, 0.0, 0.0, 0.0, 0.0, 0.0, 0.0, 0.0, 0.0, 0.0, 0.0, 0.0, 0.0, 0.0, 0.0, 0.0, 0.0, 0.0, 0.0, 0.0, 0.0, 0.0, 0.0, 0.0, 0.0 ], [ 0.0, 0.0, 0.0, 0.0, 0.0, 0.0, 0.0, 0.0, 0.0, 0.0, 0.0, 0.0, 0.0, 0.0, 0.0, 0.0, 0.0, 0.0, 0.0, 0.0, 0.0, 0.0, 0.0, 0.0, 0.0, 0.0, 0.0, 0.0 ], [ 0.0, 0.0, 0.0, 0.0, 0.0, 0.0, 0.0, 0.0, 0.0, 0.0, 0.0, 0.0, 0.0, 0.0, 0.0, 0.0, 0.0, 0.0, 0.0, 0.0, 0.0, 0.0, 0.0, 0.0, 0.0, 0.0, 0.0, 0.0 ], [ 0.0, 0.0, 0.0, 0.0, 0.0, 0.0, 0.0, 0.0, 0.0, 0.0, 0.0, 0.0, 0.0, 0.0, 0.0, 0.0, 0.0, 0.0, 0.0, 0.0, 0.0, 0.0, 0.0, 0.0, 0.0, 0.0, 0.0, 0.0 ] ]
  robust!22 [======================================================] 9/9 queries
    result: 🗸 - Marabou proved no counterexample exists
    result: ✗ - Marabou found a counterexample
      perturbation: [ [ 0.0, 0.0, 0.0, 0.0, 0.0, 0.0, 0.0, 0.0, 0.0, 0.0, 0.0, 0.0, 0.0, 0.0, 0.0, 0.0, 0.0, 0.0, 0.0, 0.0, 0.0, 0.0, 0.0, 0.0, 0.0, 0.0, 0.0, 0.0 ], [ 0.0, 0.0, 0.0, 0.0, 0.0, 0.0, 0.0, 0.0, 0.0, 0.0, 0.0, 0.0, 0.0, 0.0, 0.0, 0.0, 0.0, 0.0, 0.0, 0.0, 0.0, 0.0, 0.0, 0.0, 0.0, 0.0, 0.0, 0.0 ], [ 0.0, 0.0, 0.0, 0.0, 0.0, 0.0, 0.0, 0.0, 0.0, 0.0, 0.0, 0.0, 0.0, 0.0, 0.0, 0.0, 0.0, 0.0, 0.0, 0.0, 0.0, 0.0, 0.0, 0.0, 0.0, 0.0, 0.0, 0.0 ], [ 0.0, 0.0, 0.0, 0.0, 0.0, 0.0, 0.0, 0.0, 0.0, 0.0, 0.0, 0.0, 0.0, 0.0, 0.0, 0.0, 0.0, 0.0, 0.0, 0.0, 0.0, 0.0, 0.0, 0.0, 0.0, 0.0, 0.0, 0.0 ], [ 0.0, 0.0, 0.0, 0.0, 0.0, 0.0, 0.0, 0.0, 0.0, 0.0, 0.0, 0.0, 0.0, 0.0, 0.0, 0.0, 0.0, 0.0, 0.0, 0.0, 0.0, 0.0, 0.0, 0.0, 0.0, 0.0, 0.0, 0.0 ], [ 0.0, 0.0, 0.0, 0.0, 0.0, 0.0, 0.0, 0.0, 0.0, 0.0, 0.0, 0.0, 0.0, 0.0, 0.0, 0.0, 0.0, 0.0, 0.0, 0.0, 0.0, 0.0, 0.0, 0.0, 0.0, 0.0, 0.0, 0.0 ], [ 0.0, 0.0, 0.0, 0.0, 0.0, 0.0, 0.0, 0.0, 0.0, 0.0, 0.0, 0.0, 0.0, 0.0, 0.0, 0.0, 0.0, 0.0, 0.0, 0.0, 0.0, 0.0, 0.0, 0.0, 0.0, 0.0, 0.0, 0.0 ], [ 0.0, 0.0, 0.0, 0.0, 0.0, 0.0, 0.0, 0.0, 0.0, 4.999705882352941e-3, 0.0, 0.0, 0.0, 0.0, 0.0, 4.99966666666663e-3, 4.999647058823506e-3, 4.999745098039224e-3, 5.000019607843135e-3, 4.999823529411764e-3, 4.999705882352941e-3, 0.0, 0.0, 5.00049019607843e-3, 4.999784313725472e-3, 5.000392156862753e-3, 0.0, 0.0 ], [ 0.0, 0.0, 0.0, 0.0, 0.0, 0.0, 0.0, 0.0, 0.0, 3.92156862745098e-3, 0.0, 4.999705882352941e-3, 0.0, 0.0, 5.000078431372495e-3, 4.999843137254877e-3, 5.000078431372539e-3, 5.000137254901977e-3, 4.9997058823529434e-3, 5.00027450980391e-3, 4.999725490196068e-3, 4.999843137254877e-3, 5.000431372548967e-3, 5.0004117647058435e-3, 4.999568627451011e-3, 4.999627450980338e-3, 4.999823529411775e-3, 0.0 ], [ 0.0, 0.0, 0.0, 0.0, 0.0, 0.0, 0.0, 0.0, 0.0, 0.0, 4.999705882352941e-3, 0.0, 0.0, 4.9998039215686735e-3, 5.000019607843102e-3, 5.000333333333326e-3, 5.0004117647058435e-3, 4.999803921568629e-3, 5.000254901960786e-3, 5.00009803921573e-3, 5.00027450980391e-3, 5.000352941176472e-3, 4.999647058823572e-3, 4.999509803921528e-3, 5.000392156862719e-3, 5.000470588235281e-3, 5.000352941176494e-3, 0.0 ], [ 0.0, 0.0, 0.0, 0.0, 0.0, 0.0, 0.0, 0.0, 0.0, 0.0, 0.0, 0.0, 5.000274509803955e-3, 5.000411764705893e-3, 0.0, 0.0, 4.9997843137254885e-3, 5.000372549019618e-3, 5.000392156862753e-3, 4.999980392156854e-3, 5.000078431372539e-3, 4.999960784313731e-3, 5.000411764705888e-3, 5.000019607843102e-3, 5.000215686274506e-3, 4.999607843137303e-3, 4.999941176470595e-3, 0.0 ], [ 0.0, 0.0, 0.0, 0.0, 0.0, 0.0, 0.0, 0.0, 3.92156862745098e-3, 0.0, 0.0, 4.9997450980392355e-3, 5.000352941176472e-3, 0.0, 0.0, 0.0, 0.0, 0.0, 0.0, 0.0, 0.0, 0.0, 0.0, 0.0, 0.0, 4.99984313725491e-3, 4.999588235294135e-3, 0.0 ], [ 0.0, 0.0, 4.999705882352941e-3, 5.000411764705882e-3, 4.999980392156863e-3, 4.999843137254901e-3, 0.0, 0.0, 0.0, 0.0, 5.00035294117645e-3, 4.999921568627483e-3, 4.999529411764653e-3, 0.0, 0.0, 4.999705882352941e-3, 5.000274509803921e-3, 5.000274509803921e-3, 3.92156862745098e-3, 0.0, 0.0, 0.0, 5.000098039215696e-3, 5.000411764705888e-3, 4.999882352941191e-3, 4.999784313725506e-3, 5.000117647058854e-3, 5.0002352941176465e-3 ], [ 0.0, 0.0, 0.0, 0.0, 0.0, 0.0, 0.0, 0.0, 5.0003333333333315e-3, 5.000098039215663e-3, 5.000313725490158e-3, 4.999960784313731e-3, 5.000176470588181e-3, 4.999882352941191e-3, 4.999529411764705e-3, 0.0, 0.0, 0.0, 0.0, 0.0, 5.000137254901972e-3, 4.999509803921528e-3, 4.9996666666666965e-3, 4.9999999999999776e-3, 5.000078431372539e-3, 4.99998039215681e-3, 5.0004117647058435e-3, 4.999980392156859e-3 ], [ 0.0, 0.0, 4.999666666666666e-3, 5.000117647058821e-3, 4.99952941176473e-3, 4.999862745098051e-3, 4.999549019607865e-3, 5.000156862745146e-3, 5.000470588235326e-3, 4.999686274509753e-3, 5.000313725490202e-3, 4.999941176470606e-3, 5.0004509803922015e-3, 5.000058823529371e-3, 5.0e-3, 5.000431372549011e-3, 0.0, 0.0, 0.0, 5.0004509803921685e-3, 5.000333333333348e-3, 5.000352941176472e-3, 4.99968627450982e-3, 5.000196078431415e-3, 5.000372549019596e-3, 5.0004117647058435e-3, 5.000352941176472e-3, 4.999627450980416e-3 ], [ 0.0, 4.999745098039224e-3, 5.00027450980391e-3, 4.999725490196112e-3, 4.999901960784293e-3, 5.00037254901964e-3, 5.000215686274473e-3, 4.999882352941168e-3, 5.000196078431382e-3, 4.999745098039214e-3, 5.000117647058831e-3, 5.0003529411765165e-3, 5.000470588235326e-3, 5.000019607843168e-3, 4.999549019607887e-3, 5.000490196078405e-3, 4.99958823529409e-3, 5.000078431372529e-3, 5.000411764705882e-3, 4.999509803921528e-3, 4.9997647058823815e-3, 5.000254901960786e-3, 5.000372549019596e-3, 4.999823529411753e-3, 4.999843137254877e-3, 5.000294117647034e-3, 4.999509803921528e-3, 4.999647058823528e-3 ], [ -5.0e-3, 4.999529411764697e-3, 4.999568627451011e-3, 5.000058823529416e-3, 4.999568627450944e-3, 5.000313725490202e-3, 5.000333333333315e-3, 5.000274509803944e-3, 4.999803921568607e-3, 4.999803921568607e-3, 4.999941176470606e-3, 4.999588235294135e-3, 5.0004117647058435e-3, 4.999509803921528e-3, 5.000078431372495e-3, 4.999823529411753e-3, 4.999568627451011e-3, 5.000431372548967e-3, 5.00027450980391e-3, 4.999529411764653e-3, 4.9997058823529434e-3, 4.9997058823529434e-3, 4.9997058823529434e-3, 4.999568627451011e-3, 4.99998039215681e-3, 5.000137254901977e-3, 5.000196078431415e-3, 4.999862745098051e-3 ], [ -8.733137254902022e-4, 4.9997058823529434e-3, 5.000176470588225e-3, 5.000294117647034e-3, 4.999843137254877e-3, 4.99968627450982e-3, 5.000431372548967e-3, 5.000000000000044e-3, 4.999568627451011e-3, 4.9999607843136855e-3, 5.000215686274539e-3, 4.9996666666666965e-3, 5.000372549019596e-3, 5.000392156862719e-3, 5.00027450980391e-3, 5.000117647058854e-3, 5.00009803921573e-3, 4.999529411764653e-3, 5.000372549019596e-3, 5.0004117647058435e-3, 5.000137254901977e-3, 4.9997058823529434e-3, 5.000431372548967e-3, 4.999549019607887e-3, 4.99968627450982e-3, 5.0004509803922015e-3, 5.000372549019596e-3, 5.000411764705893e-3 ], [ 5.000019607843135e-3, 4.999980392156854e-3, 5.000019607843168e-3, 5.000000000000044e-3, 5.000137254901977e-3, 4.9997058823529434e-3, 5.000137254901977e-3, 4.999843137254877e-3, 5.00027450980391e-3, 5.000117647058854e-3, 4.99968627450982e-3, 5.0004117647058435e-3, 4.999843137254877e-3, 4.999823529411753e-3, 5.0003137254902245e-3, 4.99998039215681e-3, 5.000254901960831e-3, 4.999960784313719e-3, 4.9997843137254885e-3, 5.0003529411765165e-3, 5.000254901960786e-3, 5.00027450980391e-3, 5.00027450980391e-3, 5.00027450980391e-3, 4.9997058823529434e-3, 4.9996078431372585e-3, 4.99998039215681e-3, 5.00005882352941e-3 ], [ 0.0, 0.0, 5.0003333333333315e-3, 5.000392156862753e-3, 5.000098039215663e-3, 4.99998039215681e-3, 4.999784313725506e-3, 4.999627450980338e-3, 5.000019607843124e-3, 5.000176470588181e-3, 5.000470588235281e-3, 4.9997647058823815e-3, 5.000019607843124e-3, 5.000411764705888e-3, 4.999803921568627e-3, 0.0, 0.0, 0.0, 0.0, 5.000431372548967e-3, 5.000333333333348e-3, 5.000039215686248e-3, 5.000431372549034e-3, 5.0e-3, 5.000294117647101e-3, 5.000137254901977e-3, 5.0e-3, -5.000176470588225e-3 ], [ 0.0, 0.0, 0.0, 0.0, 0.0, 0.0, 0.0, 5.000372549019607e-3, 5.000431372549017e-3, 4.999862745098051e-3, 5.0003333333333315e-3, 5.000372549019607e-3, 0.0, 0.0, 0.0, 0.0, 0.0, 0.0, 0.0, 4.999647058823539e-3, 5.000019607843146e-3, 5.0001764705882475e-3, 5.000196078431371e-3, 4.999686274509815e-3, 4.999882352941174e-3, 4.9999019607843255e-3, 5.0004509803921685e-3, 0.0 ], [ 0.0, 0.0, 0.0, 0.0, 0.0, 0.0, 0.0, 0.0, 0.0, 0.0, 0.0, 0.0, 0.0, 0.0, 0.0, 0.0, 0.0, 0.0, -5.0e-3, 0.0, 0.0, 0.0, 0.0, 0.0, 0.0, 0.0, 0.0, 0.0 ], [ 0.0, 0.0, 0.0, 0.0, 0.0, 0.0, 0.0, 0.0, 0.0, 0.0, 0.0, 0.0, 0.0, 0.0, 0.0, 0.0, 0.0, 0.0, 0.0, 0.0, 0.0, 0.0, 0.0, 0.0, 0.0, 0.0, 0.0, 0.0 ], [ 0.0, 0.0, 0.0, 0.0, 0.0, 0.0, 0.0, 0.0, 0.0, 0.0, 0.0, 0.0, 0.0, 0.0, 0.0, 0.0, 0.0, 0.0, 0.0, 0.0, 0.0, 0.0, 0.0, 0.0, 0.0, 0.0, 0.0, 0.0 ], [ 0.0, 0.0, 0.0, 0.0, 0.0, 0.0, 0.0, 0.0, 0.0, 0.0, 0.0, 0.0, 0.0, 0.0, 0.0, 0.0, 0.0, 0.0, 0.0, 0.0, 0.0, 0.0, 0.0, 0.0, 0.0, 0.0, 0.0, 0.0 ], [ 0.0, 0.0, 0.0, 0.0, 0.0, 0.0, 0.0, 0.0, 0.0, 0.0, 0.0, 0.0, 0.0, 0.0, 0.0, 0.0, 0.0, 0.0, 0.0, 0.0, 0.0, 0.0, 0.0, 0.0, 0.0, 0.0, 0.0, 0.0 ], [ 0.0, 0.0, 0.0, 0.0, 0.0, 0.0, 0.0, 0.0, 0.0, 0.0, 0.0, 0.0, 0.0, 0.0, 0.0, 0.0, 0.0, 0.0, 0.0, 0.0, 0.0, 0.0, 0.0, 0.0, 0.0, 0.0, 0.0, 0.0 ], [ 0.0, 0.0, 0.0, 0.0, 0.0, 0.0, 0.0, 0.0, 0.0, 0.0, 0.0, 0.0, 0.0, 0.0, 0.0, 0.0, 0.0, 0.0, 0.0, 0.0, 0.0, 0.0, 0.0, 0.0, 0.0, 0.0, 0.0, 0.0 ] ]
  robust!24 [======================================================] 9/9 queries
    result: 🗸 - Marabou proved no counterexample exists
    result: ✗ - Marabou found a counterexample
      perturbation: [ [ 0.0, 0.0, 0.0, 0.0, 0.0, 0.0, 0.0, 0.0, 0.0, 0.0, 5.000490196078427e-3, 4.999803921568627e-3, 0.0, 0.0, 0.0, 0.0, 0.0, 0.0, 4.999549019607843e-3, 0.0, 0.0, 0.0, 0.0, 3.92156862745098e-3, 0.0, 0.0, 0.0, 0.0 ], [ 0.0, 0.0, 0.0, 0.0, 0.0, 0.0, 0.0, 3.92156862745098e-3, 5.0004509803921685e-3, 4.999588235294129e-3, 4.999960784313719e-3, 5.0e-3, 4.999784313725439e-3, 4.9996470588235505e-3, 4.9996470588235505e-3, 4.999784313725483e-3, 4.999784313725439e-3, 5.000450980392157e-3, 4.9996470588235505e-3, 4.999843137254899e-3, 4.999627450980391e-3, 0.0, 0.0, 0.0, 0.0, 0.0, 0.0, 0.0 ], [ 0.0, 0.0, 0.0, 0.0, 0.0, 0.0, 4.999529411764705e-3, 4.999666666666663e-3, 4.999980392156859e-3, 4.999843137254899e-3, 4.999843137254901e-3, 5.00045098039218e-3, 4.99998039215681e-3, 4.999509803921528e-3, 4.999627450980382e-3, 4.999823529411753e-3, 4.99968627450982e-3, 4.999960784313719e-3, 4.999843137254901e-3, 4.999843137254899e-3, 4.999509803921551e-3, 4.9997254901960895e-3, 0.0, 0.0, 0.0, 0.0, 0.0, 0.0 ], [ 0.0, 0.0, 0.0, 0.0, 0.0, 0.0, 4.999686274509815e-3, 5.0004509803921685e-3, 4.9999019607843255e-3, 5.0004509803921685e-3, 4.999705882352938e-3, 4.999666666666666e-3, 3.92156862745098e-3, 4.999588235294129e-3, 4.999666666666674e-3, 4.999843137254899e-3, 4.999549019607843e-3, 4.9996862745098035e-3, 4.999862745098051e-3, 4.999745098039214e-3, 5.000470588235292e-3, 4.999666666666663e-3, 4.999823529411764e-3, 0.0, 0.0, 0.0, 0.0, 0.0 ], [ 0.0, 0.0, 0.0, 3.92156862745098e-3, 0.0, 4.999529411764705e-3, 4.999784313725472e-3, 4.999588235294129e-3, 5.0004509803921685e-3, 4.999588235294129e-3, 4.999862745098051e-3, 4.999980392156859e-3, 4.999705882352938e-3, 5.00049019607843e-3, 5.0004509803921685e-3, 4.999568627450978e-3, 4.999843137254899e-3, 4.999686274509815e-3, 4.999862745098051e-3, 4.999588235294129e-3, 4.999745098039214e-3, 4.999705882352938e-3, 4.999627450980391e-3, 0.0, 0.0, 0.0, 0.0, 0.0 ], [ 0.0, 0.0, 0.0, 0.0, 0.0, 4.999745098039214e-3, 4.999803921568651e-3, 5.0004509803921685e-3, 4.999862745098051e-3, 5.000000000000011e-3, 4.999862745098051e-3, 4.999568627450978e-3, 4.999705882352938e-3, 5.000470588235292e-3, 4.9999019607843255e-3, 4.999686274509815e-3, 5.000000000000011e-3, 4.999862745098051e-3, 4.999588235294129e-3, 5.0004509803921685e-3, 4.999882352941174e-3, 4.999862745098051e-3, 4.999705882352938e-3, 0.0, 0.0, 0.0, 0.0, 0.0 ], [ 0.0, 0.0, 0.0, 0.0, 0.0, 4.999686274509815e-3, 4.999941176470585e-3, 4.9997254901960895e-3, 4.999862745098051e-3, 4.999862745098051e-3, 4.9997254901960895e-3, 4.999568627450978e-3, 4.999745098039214e-3, 4.999686274509815e-3, 4.999745098039224e-3, 5.000470588235292e-3, 4.999843137254899e-3, 4.9997254901960895e-3, 4.9997254901960895e-3, 4.999588235294129e-3, 4.999588235294129e-3, 4.999705882352938e-3, 4.999686274509815e-3, 3.92156862745098e-3, 0.0, 0.0, 0.0, 0.0 ], [ 0.0, 0.0, 0.0, 0.0, 4.999980392156863e-3, 4.999941176470585e-3, 4.999901960784337e-3, 4.999549019607854e-3, 4.999705882352938e-3, 4.999862745098051e-3, 4.999882352941174e-3, 4.999745098039214e-3, 4.999588235294129e-3, 4.999745098039214e-3, 4.999980392156859e-3, 4.999549019607854e-3, 4.999607843137253e-3, 4.999607843137253e-3, 5.0004509803921685e-3, 4.999745098039214e-3, 4.999588235294129e-3, 4.99952941176473e-3, 4.999980392156859e-3, 4.999647058823528e-3, 0.0, 0.0, 0.0, 0.0 ], [ 0.0, 0.0, 0.0, 0.0, 4.999803921568627e-3, 5.000470588235303e-3, 4.99984313725491e-3, 4.999960784313708e-3, 5.000000000000011e-3, 4.999705882352938e-3, 5.000000000000011e-3, 5.0004509803921685e-3, 4.999568627450978e-3, 5.00049019607843e-3, 5.000000000000011e-3, 4.999980392156859e-3, 4.9997254901960895e-3, 4.999862745098051e-3, 4.999862745098051e-3, 4.999882352941174e-3, 4.999705882352938e-3, 4.999666666666663e-3, 4.999980392156859e-3, 4.999764705882365e-3, 0.0, 0.0, 0.0, 0.0 ], [ 0.0, 0.0, 0.0, 0.0, 4.999764705882365e-3, 4.999882352941158e-3, 4.999960784313719e-3, 4.999705882352938e-3, 4.999686274509815e-3, 5.000000000000011e-3, 4.999686274509815e-3, 4.999862745098051e-3, 4.9997254901960895e-3, 5.000000000000011e-3, 4.999549019607854e-3, 5.0004509803921685e-3, 5.000000000000011e-3, 4.999705882352938e-3, 4.999588235294129e-3, 4.999843137254899e-3, 4.999745098039224e-3, 4.999784313725472e-3, 4.999686274509815e-3, 4.999882352941174e-3, 0.0, 0.0, 0.0, 0.0 ], [ 0.0, 0.0, 0.0, 0.0, 5.000000000000011e-3, 4.999627450980416e-3, 5.000470588235259e-3, 4.999941176470585e-3, 4.999686274509815e-3, 4.999705882352938e-3, 4.999823529411775e-3, 4.999862745098051e-3, 4.9999019607843255e-3, 4.99984313725491e-3, 4.999941176470595e-3, 4.9999019607843255e-3, 4.999705882352938e-3, 4.999823529411775e-3, 4.999764705882365e-3, 4.99952941176473e-3, 4.999921568627416e-3, 4.999901960784337e-3, 4.999686274509815e-3, 5.000000000000011e-3, 0.0, 0.0, 0.0, 0.0 ], [ 0.0, 0.0, 0.0, 0.0, 4.999686274509815e-3, 4.99952941176473e-3, 4.999529411764697e-3, 4.999960784313708e-3, 4.999588235294129e-3, 4.999980392156859e-3, 4.99952941176473e-3, 4.9997254901960895e-3, 4.999588235294129e-3, 4.999823529411775e-3, 4.999627450980416e-3, 4.999745098039214e-3, 4.999686274509815e-3, 4.999960784313708e-3, 4.999627450980391e-3, 4.999803921568651e-3, 4.999725490196112e-3, 5.000000000000022e-3, 4.999705882352938e-3, 4.999686274509815e-3, 0.0, 0.0, 0.0, 0.0 ], [ 0.0, 0.0, 0.0, 4.999980392156863e-3, 4.99952941176473e-3, 4.999607843137253e-3, 4.999627450980382e-3, 4.999607843137236e-3, 5.00049019607843e-3, 4.999960784313708e-3, 4.999803921568651e-3, 4.999588235294129e-3, 4.999862745098051e-3, 4.999705882352938e-3, 4.999784313725483e-3, 4.999764705882365e-3, 4.999686274509815e-3, 4.99952941176473e-3, 4.999745098039214e-3, 4.999607843137253e-3, 4.9997058823529885e-3, 4.999784313725483e-3, 4.999627450980391e-3, 4.999960784313708e-3, 0.0, 0.0, 0.0, 0.0 ], [ 0.0, 0.0, 0.0, 4.999529411764705e-3, 4.999803921568651e-3, 4.999647058823528e-3, 4.9996078431372585e-3, 5.000470588235259e-3, 4.9999607843137246e-3, 4.999803921568651e-3, 4.999627450980416e-3, 4.999882352941174e-3, 4.999862745098051e-3, 4.999607843137236e-3, 4.999568627450944e-3, 4.999647058823528e-3, 4.999803921568651e-3, 4.99952941176473e-3, 4.999745098039214e-3, 4.999803921568627e-3, 4.99954901960782e-3, 5.000450980392135e-3, 4.999509803921567e-3, 4.999647058823539e-3, 3.92156862745098e-3, 0.0, 0.0, 0.0 ], [ 0.0, 0.0, 0.0, 4.999803921568627e-3, 4.999509803921551e-3, 4.999607843137253e-3, 4.999784313725439e-3, 4.99954901960782e-3, 4.999705882352941e-3, 4.999666666666663e-3, 4.9995882352941124e-3, 4.999745098039214e-3, 5.000000000000011e-3, 4.999666666666663e-3, 4.999745098039191e-3, 4.999647058823528e-3, 4.999627450980416e-3, 4.999803921568651e-3, 4.999588235294129e-3, 4.999980392156863e-3, 4.999960784313731e-3, 4.99954901960782e-3, 4.9999607843137246e-3, 4.99992156862746e-3, 4.9996862745098035e-3, 0.0, 0.0, 0.0 ], [ 0.0, 0.0, 0.0, 4.999627450980391e-3, 4.999549019607854e-3, 4.999509803921551e-3, 4.999725490196112e-3, 4.999843137254877e-3, 4.999843137254901e-3, 4.99952941176473e-3, 4.9998627450980335e-3, 4.999607843137253e-3, 4.999980392156859e-3, 5.000000000000011e-3, 4.999529411764697e-3, 4.9997843137254885e-3, 5.00045098039218e-3, 4.999960784313708e-3, 4.9997254901960895e-3, 4.999843137254901e-3, 4.999725490196112e-3, 4.99966666666663e-3, 4.9996862745098035e-3, 4.999882352941158e-3, 4.999823529411764e-3, 0.0, 0.0, 0.0 ], [ 0.0, 0.0, 0.0, 4.999607843137253e-3, 4.999607843137253e-3, 4.999666666666674e-3, 4.999980392156854e-3, 4.9996470588235505e-3, 4.999549019607843e-3, 4.999705882352938e-3, 4.9998627450980335e-3, 4.999862745098051e-3, 4.999980392156859e-3, 4.999882352941174e-3, 4.9997647058823485e-3, 4.9999019607843255e-3, 4.99984313725491e-3, 5.000000000000011e-3, 4.999568627450978e-3, 4.999529411764705e-3, 4.999980392156843e-3, 5.000490196078449e-3, 4.999980392156863e-3, 4.999980392156843e-3, 4.999980392156863e-3, 0.0, 0.0, 0.0 ], [ 0.0, 0.0, 0.0, 4.9997843137254885e-3, 4.999745098039214e-3, 4.9998627450980335e-3, 4.999627450980382e-3, 4.999627450980416e-3, 4.999647058823528e-3, 4.999705882352938e-3, 4.99976470588236e-3, 4.999705882352938e-3, 4.999607843137253e-3, 4.999549019607865e-3, 4.9997647058823485e-3, 4.999745098039214e-3, 4.9996470588235505e-3, 4.999568627450978e-3, 5.000000000000011e-3, 4.999647058823528e-3, 5.000000000000011e-3, 4.999588235294135e-3, 4.9997254901960895e-3, 4.99984313725491e-3, 4.9999607843137246e-3, 0.0, 0.0, 0.0 ], [ 0.0, 0.0, 0.0, 4.9997843137254885e-3, 4.999686274509815e-3, 4.999882352941174e-3, 4.999784313725506e-3, 4.999823529411787e-3, 4.999607843137253e-3, 4.999568627450978e-3, 4.999647058823506e-3, 4.999941176470585e-3, 4.999882352941174e-3, 4.99952941176473e-3, 4.99992156862746e-3, 4.999568627450978e-3, 4.999588235294068e-3, 4.9997647058823485e-3, 4.999686274509815e-3, 4.99952941176473e-3, 5.000000000000011e-3, 5.000470588235303e-3, 4.9998627450980335e-3, 4.999745098039224e-3, 4.999941176470587e-3, 0.0, 0.0, 0.0 ], [ 0.0, 0.0, 0.0, 4.999647058823528e-3, 4.999980392156859e-3, 4.999529411764705e-3, 4.999745098039258e-3, 4.9995882352941124e-3, 4.999529411764705e-3, 4.999588235294129e-3, 4.999509803921562e-3, 4.999509803921551e-3, 4.999862745098051e-3, 5.000000000000011e-3, 4.999803921568651e-3, 4.999686274509815e-3, 4.9996470588235505e-3, 4.9999019607843255e-3, 4.999705882352938e-3, 4.999745098039214e-3, 4.999568627450978e-3, 4.999941176470585e-3, 5.000470588235259e-3, 4.999784313725472e-3, 4.999764705882365e-3, 0.0, 0.0, 0.0 ], [ 0.0, 0.0, 0.0, 4.999764705882365e-3, 4.9997254901960895e-3, 4.9999607843137246e-3, 4.9998627450980005e-3, 4.999666666666663e-3, 4.99992156862745e-3, 4.999980392156859e-3, 4.999862745098045e-3, 5.000490196078427e-3, 5.000000000000011e-3, 4.999882352941158e-3, 4.999549019607854e-3, 5.000490196078427e-3, 4.999588235294068e-3, 4.9999019607843255e-3, 4.999666666666663e-3, 5.0004509803921685e-3, 4.999764705882365e-3, 4.9997647058823485e-3, 4.9998039215686735e-3, 5.000000000000011e-3, 4.999882352941174e-3, 0.0, 0.0, 0.0 ], [ 0.0, 0.0, 0.0, 4.999882352941174e-3, 4.999705882352938e-3, 4.9999607843137246e-3, 4.999843137254877e-3, 4.999843137254899e-3, 4.999686274509815e-3, 4.999549019607854e-3, 4.999627450980426e-3, 4.999980392156843e-3, 4.999568627450978e-3, 4.999509803921562e-3, 4.999882352941174e-3, 4.9995882352941124e-3, 4.9997058823529885e-3, 4.999764705882365e-3, 5.000470588235303e-3, 4.999803921568651e-3, 4.999666666666666e-3, 4.999960784313719e-3, 4.999980392156854e-3, 4.999764705882365e-3, 4.999588235294129e-3, 0.0, 0.0, 0.0 ], [ 0.0, 0.0, 0.0, 5.000470588235292e-3, 5.0004509803921685e-3, 4.999823529411764e-3, 4.999823529411797e-3, 4.999666666666666e-3, 4.999980392156859e-3, 4.999803921568651e-3, 4.999960784313719e-3, 4.999705882352922e-3, 4.999941176470585e-3, 4.999607843137253e-3, 5.000490196078427e-3, 5.000000000000022e-3, 4.999686274509753e-3, 4.999941176470587e-3, 4.999745098039224e-3, 4.999647058823539e-3, 4.999705882352941e-3, 4.99976470588236e-3, 4.99966666666663e-3, 4.999627450980391e-3, 5.000000000000011e-3, 0.0, 0.0, 0.0 ], [ 0.0, 0.0, 0.0, 4.99952941176473e-3, 4.999823529411775e-3, 4.999823529411775e-3, 4.999568627451011e-3, 4.999686274509797e-3, 4.999549019607865e-3, 4.999725490196112e-3, 4.9996470588235505e-3, 5.000490196078427e-3, 4.999960784313708e-3, 4.999568627450989e-3, 4.999568627450989e-3, 4.999549019607865e-3, 4.9997058823529885e-3, 4.999784313725472e-3, 4.9996470588235505e-3, 4.999705882352922e-3, 4.999901960784337e-3, 4.999745098039224e-3, 4.999843137254921e-3, 4.999862745098051e-3, 4.999843137254899e-3, 0.0, 0.0, 0.0 ], [ 0.0, 0.0, 0.0, 4.999803921568651e-3, 4.999941176470585e-3, 4.99984313725491e-3, 4.999980392156863e-3, 4.999627450980416e-3, 4.999941176470585e-3, 4.999666666666663e-3, 4.999980392156859e-3, 4.99976470588236e-3, 4.9998039215686735e-3, 4.999509803921562e-3, 5.000000000000044e-3, 4.999627450980426e-3, 4.999941176470585e-3, 4.999803921568651e-3, 4.999901960784337e-3, 4.9997647058823485e-3, 4.9997254901960895e-3, 4.9999607843137246e-3, 5.000450980392135e-3, 4.999843137254899e-3, 4.999960784313708e-3, 0.0, 0.0, 0.0 ], [ 0.0, 0.0, 0.0, 4.999960784313708e-3, 4.9999019607843255e-3, 4.999686274509797e-3, 4.999843137254901e-3, 0.0, 0.0, 0.0, 0.0, 4.9997843137254885e-3, 4.999941176470585e-3, 0.0, 4.999647058823528e-3, 4.999803921568627e-3, 0.0, 0.0, 0.0, 0.0, 0.0, 0.0, 4.999960784313731e-3, 4.999549019607854e-3, 4.999803921568651e-3, 0.0, 0.0, 0.0 ], [ 0.0, 0.0, 0.0, 4.999941176470587e-3, 4.999509803921567e-3, 5.000000000000011e-3, 4.999549019607843e-3, 0.0, 0.0, 0.0, 0.0, 4.999529411764705e-3, 4.9997843137254885e-3, 4.999705882352941e-3, 0.0, 5.00049019607843e-3, 0.0, 0.0, 0.0, 3.92156862745098e-3, 0.0, 3.92156862745098e-3, 4.999705882352938e-3, 4.99992156862745e-3, 4.999529411764705e-3, 0.0, 0.0, 0.0 ], [ 0.0, 0.0, 0.0, 0.0, 0.0, 0.0, 0.0, 0.0, 0.0, 0.0, 0.0, 4.999705882352941e-3, 0.0, 0.0, 4.999764705882365e-3, 4.999882352941174e-3, 0.0, 0.0, 0.0, 3.92156862745098e-3, 0.0, 0.0, 0.0, 0.0, 0.0, 0.0, 0.0, 0.0 ] ]
  robust!26 [======================================================] 9/9 queries
    result: 🗸 - Marabou proved no counterexample exists
  robust!27 [======================================================] 9/9 queries
    result: 🗸 - Marabou proved no counterexample exists
  robust!28 [======================================================] 9/9 queries
    result: 🗸 - Marabou proved no counterexample exists
    result: ✗ - Marabou found a counterexample
      perturbation: [ [ 0.0, 0.0, 0.0, 0.0, 0.0, 0.0, 3.92156862745098e-3, 3.92156862745098e-3, 3.92156862745098e-3, 5.000274509803921e-3, 3.92156862745098e-3, 0.0, 5.000000000000011e-3, -4.9998431372548545e-3, -5.00015686274509e-3, 5.000254901960831e-3, 4.999745098039214e-3, 0.0, 5.000137254901961e-3, 5.000274509803921e-3, 0.0, 3.92156862745098e-3, 0.0, 0.0, 0.0, 0.0, 0.0, 0.0 ], [ 0.0, 0.0, 0.0, 0.0, 0.0, 0.0, 0.0, 3.92156862745098e-3, 5.000137254901961e-3, 0.0, 0.0, 5.000372549019607e-3, 4.999803921568629e-3, 5.00009803921573e-3, 4.9996666666666965e-3, -4.999941176470629e-3, -5.000411764705865e-3, -5.0e-3, 0.0, 0.0, 0.0, 3.92156862745098e-3, 0.0, 0.0, 0.0, 0.0, 0.0, 0.0 ], [ 0.0, -5.0e-3, 0.0, 0.0, 0.0, 0.0, 0.0, 5.000137254901961e-3, 0.0, 5.000235294117629e-3, 5.000333333333281e-3, 4.99968627450982e-3, 5.000431372548967e-3, -4.999568627451033e-3, 5.000333333333348e-3, -4.999862745098023e-3, 4.9996078431372585e-3, 5.000137254901977e-3, 4.999627450980426e-3, 4.999509803921567e-3, 0.0, 5.000137254901961e-3, 0.0, 0.0, 0.0, 0.0, 0.0, 0.0 ], [ 0.0, 0.0, 0.0, 0.0, 0.0, 0.0, 5.000274509803921e-3, 0.0, 4.999980392156859e-3, 5.00027450980391e-3, 4.999725490196068e-3, 4.999588235294135e-3, 4.999588235294135e-3, 5.000333333333281e-3, 5.000078431372539e-3, -4.999549019607799e-3, 5.0001568627451014e-3, 5.000019607843168e-3, 4.999725490196068e-3, 4.999764705882315e-3, 5.000274509803921e-3, 0.0, 0.0, 0.0, 0.0, 0.0, 0.0, 0.0 ], [ 0.0, 0.0, 0.0, 0.0, 0.0, 0.0, 0.0, 0.0, 4.999921568627483e-3, 4.999725490196068e-3, 4.9996078431372585e-3, 5.000176470588225e-3, 5.000313725490158e-3, 5.000431372548967e-3, -4.999764705882404e-3, 4.999901960784359e-3, 4.999882352941124e-3, 5.000470588235326e-3, 4.999764705882315e-3, 4.999725490196068e-3, 4.9998627450980335e-3, 0.0, 0.0, 0.0, 0.0, 0.0, 0.0, 0.0 ], [ 0.0, 0.0, 0.0, 0.0, 0.0, 0.0, 0.0, 0.0, 4.9996078431372585e-3, 5.000294117647034e-3, 5.000019607843168e-3, 4.999725490196068e-3, 4.999882352941124e-3, -4.999705882352966e-3, -4.999647058823484e-3, 5.000176470588225e-3, 4.9996078431372585e-3, 5.000019607843168e-3, 5.000470588235326e-3, 5.000019607843168e-3, 4.99966666666663e-3, 0.0, 0.0, 0.0, 0.0, 0.0, 0.0, 0.0 ], [ 0.0, 0.0, 0.0, -5.0e-3, 0.0, 0.0, 0.0, 4.99992156862745e-3, 4.999588235294135e-3, 5.00027450980391e-3, 5.0001568627451014e-3, 5.0001568627451014e-3, 5.0004509803922015e-3, 4.999588235294135e-3, -5.0003333333333705e-3, 4.999882352941124e-3, 5.000039215686292e-3, 5.0001568627451014e-3, 5.000196078431348e-3, 4.999725490196068e-3, 5.0001568627451014e-3, 0.0, 0.0, -5.0e-3, 0.0, 0.0, 0.0, 0.0 ], [ 0.0, 0.0, 0.0, 0.0, -5.0e-3, 0.0, 0.0, 5.000254901960781e-3, 4.999725490196068e-3, 5.000137254901977e-3, 4.9997058823529434e-3, 5.0004509803922015e-3, 5.000019607843168e-3, 5.000019607843168e-3, 4.999784313725439e-3, 5.0004509803922015e-3, 5.000313725490158e-3, 5.000176470588225e-3, 5.000470588235326e-3, 4.999568627451011e-3, 5.000000000000044e-3, 0.0, 0.0, -5.0e-3, 0.0, 0.0, 0.0, 0.0 ], [ 0.0, 0.0, 0.0, -5.0e-3, -5.0e-3, 0.0, 0.0, -5.000117647058842e-3, -4.999843137254899e-3, 4.999568627451011e-3, 5.000117647058854e-3, 5.0004509803922015e-3, 5.0004509803922015e-3, 5.000019607843168e-3, 5.000176470588225e-3, 4.999882352941124e-3, 5.000470588235326e-3, 4.999764705882315e-3, 5.000294117647034e-3, 4.999843137254877e-3, 5.000000000000044e-3, 5.000392156862744e-3, 0.0, 0.0, 0.0, 0.0, 0.0, 0.0 ], [ 0.0, 0.0, 0.0, 0.0, 0.0, -5.0e-3, 0.0, 5.00023529411764e-3, 5.000019607843168e-3, -5.000411764705865e-3, 4.999568627451011e-3, 4.999588235294135e-3, 4.999882352941124e-3, 5.000313725490158e-3, 4.9996078431372585e-3, 5.000313725490158e-3, 4.9996078431372585e-3, 4.999901960784359e-3, -5.000098039215641e-3, 4.9997058823529434e-3, 4.9997058823529434e-3, 5.00049019607843e-3, 0.0, 0.0, 0.0, 0.0, 0.0, 0.0 ], [ 0.0, 0.0, 0.0, 0.0, 0.0, 0.0, 0.0, 5.000196078431393e-3, -4.9999803921568315e-3, -4.9997843137255275e-3, 4.9998039215686735e-3, 5.000431372548967e-3, 5.000176470588225e-3, 5.0004509803922015e-3, 5.000176470588225e-3, 5.000313725490158e-3, 5.000039215686292e-3, 4.999901960784359e-3, -5.000019607843146e-3, -4.9998823529411466e-3, 5.00027450980391e-3, 4.999588235294129e-3, 0.0, 0.0, 0.0, 0.0, 0.0, 0.0 ], [ 0.0, 0.0, 0.0, 0.0, 0.0, 0.0, 0.0, 5.000156862745146e-3, -4.9999803921568315e-3, -5.000196078431327e-3, 5.0003921568627634e-3, 5.000431372548967e-3, 5.000176470588225e-3, 4.999882352941124e-3, 5.000176470588225e-3, 5.000313725490158e-3, 5.000039215686292e-3, 5.000039215686292e-3, -5.000000000000022e-3, -5.000490196078472e-3, 5.000431372548967e-3, 4.999549019607854e-3, 0.0, -5.0e-3, 0.0, 0.0, 0.0, 0.0 ], [ 0.0, 0.0, 0.0, 0.0, 0.0, 0.0, 0.0, 4.99954901960782e-3, -4.9999803921568315e-3, -5.0004313725490555e-3, 5.00013725490191e-3, 5.000000000000044e-3, 5.000176470588225e-3, 5.000019607843168e-3, 5.000313725490158e-3, 5.000176470588225e-3, 5.000470588235326e-3, 5.000039215686292e-3, -4.999588235294124e-3, -5.000450980392113e-3, 5.0001568627451014e-3, 5.000490196078427e-3, 0.0, 0.0, 0.0, 0.0, 0.0, 0.0 ], [ 0.0, 0.0, 0.0, 0.0, 0.0, 0.0, 0.0, 4.999529411764697e-3, -4.999843137254899e-3, -4.999607843137247e-3, 5.000019607843102e-3, 5.000137254901977e-3, 5.000176470588225e-3, 5.000019607843168e-3, 5.0004509803922015e-3, 4.9996078431372585e-3, 5.000470588235326e-3, 5.000176470588225e-3, 4.999901960784337e-3, 5.0004509803922015e-3, 4.999725490196068e-3, 5.000313725490191e-3, 0.0, 0.0, 0.0, 0.0, 0.0, 0.0 ], [ 0.0, 0.0, 0.0, 0.0, 0.0, 0.0, 0.0, 4.999941176470606e-3, -5.0002745098039324e-3, 4.999686274509797e-3, 5.000117647058787e-3, 4.999568627451011e-3, 4.999882352941124e-3, 5.000019607843168e-3, 5.000019607843168e-3, 5.000039215686292e-3, 5.000470588235326e-3, 5.0004509803922015e-3, 4.999666666666663e-3, 4.999980392156854e-3, 4.999568627451011e-3, 5.0004117647058765e-3, 0.0, 0.0, 0.0, 0.0, 0.0, 0.0 ], [ 0.0, 0.0, 0.0, 0.0, 0.0, -5.0e-3, -5.0e-3, -5.000078431372517e-3, 4.999725490196068e-3, 4.9997450980392355e-3, 5.000470588235326e-3, 5.000431372548967e-3, 5.000019607843168e-3, 5.0004509803922015e-3, 4.999588235294135e-3, 5.000470588235326e-3, 5.000039215686292e-3, 5.000019607843168e-3, 5.000137254901955e-3, 4.999588235294068e-3, 5.000000000000044e-3, 5.000098039215708e-3, -5.0e-3, 0.0, 0.0, 0.0, 0.0, 0.0 ], [ 0.0, 0.0, 0.0, 0.0, 0.0, -5.0e-3, 0.0, 5.000196078431348e-3, 4.999588235294135e-3, 5.000058823529416e-3, 5.0001568627451014e-3, 5.000000000000044e-3, 5.000019607843168e-3, 5.000019607843168e-3, 4.999725490196068e-3, 5.000470588235326e-3, 5.000019607843168e-3, 4.999882352941124e-3, 4.999823529411797e-3, 4.99954901960782e-3, 5.000431372548967e-3, 4.999803921568607e-3, 0.0, 0.0, 0.0, 0.0, 0.0, 0.0 ], [ 0.0, 0.0, 0.0, 0.0, 0.0, 0.0, 0.0, 5.000078431372539e-3, -2.049843137254899e-3, 5.00027450980391e-3, 5.000019607843168e-3, 4.9997058823529434e-3, 4.999588235294135e-3, 5.000019607843168e-3, 5.000431372548967e-3, 5.000039215686292e-3, 5.000019607843168e-3, 4.999588235294135e-3, 5.000196078431348e-3, 5.000392156862719e-3, 4.999568627451011e-3, 5.000372549019629e-3, -5.0e-3, -5.0e-3, 0.0, 0.0, 0.0, 0.0 ], [ 0.0, 0.0, 0.0, 0.0, 0.0, 0.0, 0.0, 5.000058823529416e-3, 4.999568627451011e-3, 4.999725490196068e-3, 4.999882352941124e-3, 5.00027450980391e-3, 5.000019607843168e-3, 4.999725490196068e-3, 5.000431372548967e-3, 5.000039215686292e-3, 4.999588235294135e-3, 5.000294117647034e-3, 5.000196078431348e-3, 5.00027450980391e-3, 4.9997058823529434e-3, 4.999666666666674e-3, 0.0, 0.0, 0.0, 0.0, 0.0, 0.0 ], [ 0.0, 0.0, 0.0, 0.0, 0.0, 0.0, 0.0, 4.9999999999999776e-3, 4.999588235294135e-3, 5.0001568627451014e-3, 5.000176470588225e-3, 4.999549019607887e-3, 5.0004509803922015e-3, 5.000294117647034e-3, 4.999568627451011e-3, 4.999764705882315e-3, 5.000019607843168e-3, 4.999568627451011e-3, 4.999901960784359e-3, 4.999882352941124e-3, 4.9999607843136855e-3, 5.000274509803955e-3, 0.0, 0.0, 0.0, 0.0, 0.0, 0.0 ], [ 0.0, 0.0, 0.0, 0.0, 0.0, 0.0, 0.0, 0.0, 4.999960784313719e-3, 5.0004117647058435e-3, 5.000470588235326e-3, 4.9996666666666965e-3, 5.000313725490158e-3, 5.000137254901977e-3, 5.00027450980391e-3, 4.999764705882315e-3, 4.999588235294135e-3, 4.999843137254877e-3, 4.999764705882315e-3, 4.999568627451011e-3, 4.999725490196101e-3, 4.999823529411764e-3, 0.0, -5.0e-3, 0.0, 0.0, 0.0, 0.0 ], [ 0.0, 0.0, 0.0, 0.0, -5.0e-3, -5.0e-3, -5.0e-3, 0.0, 5.000333333333281e-3, 5.00027450980391e-3, 4.999901960784359e-3, 5.000078431372495e-3, 4.9996078431372585e-3, 5.000254901960786e-3, 5.000000000000044e-3, 5.000470588235326e-3, 4.999588235294135e-3, 4.999823529411753e-3, 4.999764705882315e-3, 4.999843137254877e-3, -4.999843137254921e-3, -5.0e-3, -5.0e-3, -5.0e-3, -5.0e-3, 0.0, 0.0, 0.0 ], [ 0.0, 0.0, 0.0, 0.0, -5.0e-3, -5.0e-3, 0.0, 4.999980392156863e-3, 5.000254901960786e-3, 5.0004117647058435e-3, 5.000470588235326e-3, 5.000058823529371e-3, 5.000039215686292e-3, 5.000235294117663e-3, 5.000431372548967e-3, 4.9996078431372585e-3, 5.000176470588225e-3, 4.999803921568629e-3, 4.9996078431372585e-3, 4.999725490196068e-3, 5.0004509803922015e-3, -5.0e-3, -5.0e-3, -5.0e-3, -5.0e-3, 0.0, 0.0, 0.0 ], [ 0.0, 0.0, -5.0e-3, -5.0e-3, -5.0e-3, 0.0, 0.0, 5.000372549019618e-3, 4.999843137254877e-3, 4.999823529411753e-3, 5.000333333333281e-3, 5.000470588235281e-3, 4.9996078431372585e-3, 4.999921568627439e-3, 4.999588235294135e-3, 4.999882352941124e-3, 4.9996078431372585e-3, 4.999784313725506e-3, 4.999725490196068e-3, 4.999588235294135e-3, 4.999823529411753e-3, 5.000392156862744e-3, 0.0, -5.0e-3, 0.0, 0.0, 0.0, 0.0 ], [ 0.0, 0.0, 0.0, 0.0, -5.0e-3, 0.0, 0.0, 5.000333333333326e-3, 4.999843137254877e-3, 5.00009803921573e-3, 5.000196078431348e-3, 5.000470588235281e-3, 4.999901960784359e-3, 5.000470588235281e-3, 5.000019607843168e-3, 4.999588235294135e-3, 5.000470588235326e-3, 4.999627450980338e-3, -5.000294117647056e-3, 4.999725490196068e-3, 4.9997058823529434e-3, 4.999941176470585e-3, 0.0, -5.0e-3, 0.0, 0.0, 0.0, 0.0 ], [ 0.0, 0.0, 0.0, 0.0, 0.0, 0.0, 0.0, 4.999764705882315e-3, 4.999549019607887e-3, 5.000392156862719e-3, 4.999882352941124e-3, 5.000019607843124e-3, 5.000333333333281e-3, 5.000058823529371e-3, 5.000039215686292e-3, 5.000039215686292e-3, 5.000294117647034e-3, 5.000333333333348e-3, 5.000137254901977e-3, 4.999725490196068e-3, 5.000137254901977e-3, 5.0002941176470785e-3, 0.0, -5.0e-3, 0.0, 0.0, 0.0, 0.0 ], [ -5.0e-3, 0.0, 0.0, 0.0, 0.0, 0.0, 4.999803921568627e-3, 4.9999607843136855e-3, 5.000392156862719e-3, 4.999803921568629e-3, 5.000254901960786e-3, 4.999607843137214e-3, 4.9999607843136855e-3, 5.0e-3, 5.000137254901977e-3, 4.999843137254877e-3, 4.999843137254877e-3, 5.000156862745056e-3, 4.999803921568629e-3, 4.999549019607887e-3, 5.0004117647058435e-3, 5.000176470588225e-3, 0.0, 0.0, 0.0, 0.0, 0.0, 0.0 ], [ 0.0, 0.0, -5.0e-3, -5.0e-3, 0.0, -5.0e-3, 0.0, 0.0, 4.999941176470587e-3, 5.0002745098039324e-3, 5.000000000000011e-3, 5.000411764705882e-3, -4.9999215686274716e-3, 4.999901960784337e-3, 5.000098039215708e-3, 4.999980392156854e-3, 4.999941176470587e-3, 0.0, 5.000058823529393e-3, 4.999607843137253e-3, 4.999803921568627e-3, -5.0e-3, -5.0e-3, -5.0e-3, -5.0e-3, -5.0e-3, -5.0e-3, 0.0 ] ]
  robust!30 [======================================================] 9/9 queries
    result: 🗸 - Marabou proved no counterexample exists
  robust!31 [======================================================] 9/9 queries
    result: 🗸 - Marabou proved no counterexample exists
  robust!32 [======================================================] 9/9 queries
    result: 🗸 - Marabou proved no counterexample exists
  robust!33 [======================================================] 9/9 queries
    result: 🗸 - Marabou proved no counterexample exists
  robust!34 [======================================================] 9/9 queries
    result: 🗸 - Marabou proved no counterexample exists
  robust!35 [======================================================] 9/9 queries
    result: 🗸 - Marabou proved no counterexample exists
  robust!36 [======================================================] 9/9 queries
    result: 🗸 - Marabou proved no counterexample exists
  robust!37 [======================================================] 9/9 queries
    result: 🗸 - Marabou proved no counterexample exists
  robust!38 [======================================================] 9/9 queries
    result: 🗸 - Marabou proved no counterexample exists
  robust!39 [======================================================] 9/9 queries
    result: 🗸 - Marabou proved no counterexample exists
    result: ✗ - Marabou found a counterexample
      perturbation: [ [ 0.0, 0.0, 0.0, 0.0, 0.0, 0.0, 0.0, 0.0, 5.000137254901961e-3, 0.0, 0.0, 0.0, 5.000392156862753e-3, 5.000176470588225e-3, 5.000058823529416e-3, 4.999901960784359e-3, 5.00005882352946e-3, 0.0, 0.0, 5.000137254901961e-3, 5.000137254901961e-3, 0.0, 0.0, 0.0, 0.0, 0.0, 0.0, 0.0 ], [ 0.0, 0.0, 0.0, 0.0, 3.92156862745098e-3, 0.0, 5.000274509803921e-3, 0.0, 0.0, 0.0, 0.0, 4.999705882352941e-3, 5.000431372549034e-3, 4.999862745098067e-3, 4.9997254901960235e-3, 5.000431372549034e-3, 5.000431372549034e-3, 4.999647058823528e-3, 0.0, 0.0, 0.0, 0.0, 5.000411764705882e-3, 5.000137254901961e-3, 0.0, 0.0, 0.0, 0.0 ], [ 0.0, 0.0, 0.0, 3.92156862745098e-3, 5.000137254901961e-3, 0.0, 0.0, 0.0, 0.0, 5.000372549019618e-3, 4.999686274509753e-3, 4.999627450980338e-3, 5.0004117647058435e-3, 4.9996666666666965e-3, 4.999607843137214e-3, 5.000333333333348e-3, 5.000254901960786e-3, 5.000156862745056e-3, 4.999882352941124e-3, 4.99984313725491e-3, 4.999647058823528e-3, 0.0, 0.0, 0.0, 0.0, 0.0, 0.0, 0.0 ], [ 0.0, 0.0, 0.0, 0.0, 0.0, 0.0, 5.000117647058821e-3, 4.999529411764697e-3, 5.00027450980391e-3, 4.999647058823572e-3, 4.999941176470562e-3, 5.000117647058854e-3, 4.999941176470562e-3, 4.99968627450982e-3, 5.000352941176472e-3, 5.000333333333348e-3, 5.000333333333348e-3, 4.99998039215681e-3, 5.000235294117663e-3, 5.000078431372495e-3, 5.000235294117663e-3, 4.999882352941124e-3, 4.99992156862746e-3, 0.0, 5.000137254901961e-3, 0.0, 0.0, 0.0 ], [ 0.0, 0.0, 0.0, 5.000411764705882e-3, 0.0, 4.999509803921551e-3, 5.000352941176472e-3, 4.9996666666666965e-3, 5.0004117647058435e-3, 4.999568627451011e-3, 5.000000000000044e-3, 4.99998039215681e-3, 5.00027450980391e-3, 5.000254901960786e-3, 4.999882352941124e-3, 5.000117647058854e-3, 5.000137254901977e-3, 5.000137254901977e-3, 4.9998627450980005e-3, 5.000137254901977e-3, 5.00027450980391e-3, 5.000392156862719e-3, 4.999784313725506e-3, 4.999568627450978e-3, 0.0, 3.92156862745098e-3, 0.0, 0.0 ], [ 0.0, 0.0, 0.0, 0.0, 0.0, 4.999823529411797e-3, 4.9996666666666965e-3, 5.000000000000044e-3, 4.999568627451011e-3, 4.99998039215681e-3, 4.999568627451011e-3, 5.000431372548967e-3, 4.9998627450980005e-3, 4.99998039215681e-3, 5.000215686274473e-3, 5.000137254901977e-3, 4.999568627451011e-3, 4.999568627451011e-3, 5.0004117647058435e-3, 4.999843137254877e-3, 5.00027450980391e-3, 4.9998627450980005e-3, 5.000235294117663e-3, 4.999509803921573e-3, 0.0, 0.0, 0.0, 0.0 ], [ 0.0, 0.0, 0.0, 0.0, 0.0, 4.9998627450980005e-3, 4.999843137254877e-3, 5.000117647058854e-3, 4.999725490196068e-3, 5.000431372548967e-3, 4.999568627451011e-3, 5.000000000000044e-3, 5.000431372548967e-3, 4.99998039215681e-3, 5.000392156862719e-3, 5.000137254901977e-3, 4.9997058823529434e-3, 4.9997058823529434e-3, 5.00027450980391e-3, 5.000000000000044e-3, 5.000431372548967e-3, 5.00027450980391e-3, 4.99998039215681e-3, 5.000235294117663e-3, 4.999980392156863e-3, 0.0, 0.0, 0.0 ], [ 0.0, 0.0, 0.0, 0.0, 5.0001764705882475e-3, 5.000235294117663e-3, 5.00027450980391e-3, 4.99968627450982e-3, 4.999568627451011e-3, 5.000431372548967e-3, 5.00027450980391e-3, 5.000137254901977e-3, 5.000000000000044e-3, 5.000117647058854e-3, 4.999843137254877e-3, 4.999843137254877e-3, 5.000137254901977e-3, 4.9997058823529434e-3, 5.000137254901977e-3, 5.000137254901977e-3, 4.999568627451011e-3, 4.999529411764653e-3, 5.000254901960786e-3, 4.999921568627439e-3, 5.000294117647067e-3, 0.0, 0.0, 0.0 ], [ 0.0, 0.0, 0.0, 0.0, 4.999509803921562e-3, 4.999941176470562e-3, 4.9997058823529434e-3, 5.000392156862719e-3, 5.000137254901977e-3, 5.000431372548967e-3, 5.000294117647034e-3, 5.000431372548967e-3, 5.000431372548967e-3, 4.999529411764653e-3, 4.99954901960782e-3, 5.000137254901977e-3, 4.9997058823529434e-3, 4.9997058823529434e-3, 4.9997058823529434e-3, 4.9997058823529434e-3, 5.000000000000044e-3, 5.000215686274539e-3, 4.999509803921528e-3, 4.999509803921528e-3, 5.000235294117596e-3, 0.0, 0.0, 0.0 ], [ 0.0, 0.0, 0.0, 0.0, 4.9998627450980005e-3, 4.999843137254877e-3, 5.000117647058854e-3, 5.000039215686248e-3, 4.999823529411753e-3, 5.000431372548967e-3, 5.0001568627451014e-3, 5.000000000000044e-3, 4.9998627450980005e-3, 4.999529411764653e-3, 4.99998039215681e-3, 5.000137254901977e-3, 5.0004117647058435e-3, 5.000137254901977e-3, 5.000294117647034e-3, 4.9998627450980005e-3, 4.999568627451011e-3, 4.9997647058823815e-3, 5.000490196078405e-3, 4.99968627450982e-3, 5.000058823529371e-3, 0.0, 0.0, 0.0 ], [ 0.0, 0.0, 0.0, 0.0, 5.0004117647058435e-3, 5.000431372548967e-3, 5.000235294117663e-3, 5.000176470588181e-3, 4.999784313725506e-3, 4.999823529411753e-3, 5.000000000000044e-3, 4.9997058823529434e-3, 5.000000000000044e-3, 4.999823529411753e-3, 4.999549019607887e-3, 4.9997058823529434e-3, 5.0004117647058435e-3, 4.999843137254877e-3, 5.000137254901977e-3, 5.00009803921573e-3, 5.000215686274539e-3, 4.999901960784314e-3, 4.999921568627439e-3, 5.000431372548967e-3, 5.0004117647058435e-3, 0.0, 0.0, 0.0 ], [ 0.0, 0.0, 0.0, 5.000333333333315e-3, 4.999803921568629e-3, 4.999568627451011e-3, 4.9999607843136855e-3, 5.0003137254902245e-3, 5.000333333333348e-3, 5.0004117647058435e-3, 4.999843137254877e-3, 4.999843137254877e-3, 4.999568627451011e-3, 4.9999607843136855e-3, 4.999568627451011e-3, 5.0004117647058435e-3, 4.999549019607887e-3, 5.0004117647058435e-3, 5.00027450980391e-3, 4.999941176470562e-3, 5.000078431372495e-3, 5.000019607843124e-3, 4.999509803921528e-3, 4.999568627451011e-3, 5.000196078431415e-3, 4.99992156862746e-3, 0.0, 0.0 ], [ 0.0, 0.0, 0.0, 5.000372549019629e-3, 4.9998627450980005e-3, 4.999549019607887e-3, 5.000333333333348e-3, 4.9997254901960235e-3, 4.99998039215681e-3, 4.999529411764653e-3, 4.9997058823529434e-3, 5.000431372548967e-3, 5.000294117647034e-3, 4.999803921568629e-3, 5.00037254901964e-3, 5.00027450980391e-3, 4.999549019607887e-3, 4.9997058823529434e-3, 4.9998627450980005e-3, 5.000490196078405e-3, 5.000117647058787e-3, 5.0e-3, 5.000039215686248e-3, 4.999882352941124e-3, 4.999627450980382e-3, 4.999627450980391e-3, 0.0, 0.0 ], [ 0.0, 0.0, 0.0, 0.0, 0.0, 5.000098039215685e-3, 5.000019607843135e-3, 4.999549019607843e-3, 4.99984313725491e-3, 5.000431372549034e-3, 5.0001568627451014e-3, 5.000000000000044e-3, 4.999568627451011e-3, 5.000254901960786e-3, 5.000235294117663e-3, 5.00027450980391e-3, 4.99998039215681e-3, 5.00027450980391e-3, 5.000313725490158e-3, 5.000294117647101e-3, 4.999627450980426e-3, 0.0, 4.999607843137253e-3, 0.0, 0.0, 0.0, 0.0, 0.0 ], [ 0.0, 0.0, 0.0, 0.0, 0.0, 0.0, 0.0, 0.0, 5.000215686274517e-3, 5.000352941176472e-3, 4.999882352941124e-3, 4.99968627450982e-3, 5.000431372548967e-3, 5.000392156862719e-3, 4.9999607843136855e-3, 4.999843137254877e-3, 4.999843137254877e-3, 4.9997058823529434e-3, 5.000294117647034e-3, 5.000078431372495e-3, 4.999568627450944e-3, 0.0, 0.0, 0.0, 0.0, 4.999705882352941e-3, 0.0, 0.0 ], [ 0.0, 0.0, 0.0, 0.0, 3.92156862745098e-3, 4.999705882352941e-3, 4.999843137254901e-3, 0.0, 5.000313725490202e-3, 4.999509803921528e-3, 5.000137254901977e-3, 4.99998039215681e-3, 4.9998627450980005e-3, 4.999509803921528e-3, 4.999882352941124e-3, 4.99968627450982e-3, 4.999549019607887e-3, 4.9997058823529434e-3, 4.999843137254877e-3, 4.999509803921528e-3, 4.999823529411797e-3, 0.0, 5.000137254901961e-3, 5.000137254901961e-3, 0.0, 0.0, 0.0, 0.0 ], [ 0.0, 0.0, 0.0, 0.0, 0.0, 0.0, 3.92156862745098e-3, 0.0, 4.99976470588236e-3, 5.000078431372495e-3, 4.9997058823529434e-3, 4.999568627451011e-3, 4.999725490196068e-3, 5.000372549019596e-3, 5.000196078431348e-3, 5.000254901960786e-3, 4.999549019607887e-3, 4.999568627451011e-3, 4.9997058823529434e-3, 4.999509803921528e-3, 5.00037254901964e-3, 0.0, 0.0, 0.0, 0.0, 0.0, 0.0, 0.0 ], [ 0.0, 0.0, 0.0, 0.0, 0.0, 0.0, 5.000137254901961e-3, 0.0, 4.999627450980426e-3, 5.000215686274539e-3, 5.000137254901977e-3, 5.000294117647034e-3, 5.000000000000044e-3, 5.000372549019596e-3, 5.00009803921573e-3, 4.999549019607887e-3, 5.000392156862719e-3, 4.99998039215681e-3, 5.00027450980391e-3, 4.999941176470562e-3, 5.0003529411765165e-3, 0.0, 0.0, 0.0, 0.0, 0.0, 0.0, 0.0 ], [ 0.0, 0.0, 0.0, 0.0, 0.0, 0.0, 5.000137254901961e-3, 0.0, 5.0004901960783825e-3, 5.000215686274539e-3, 5.000137254901977e-3, 4.999568627451011e-3, 4.99998039215681e-3, 4.999941176470562e-3, 4.999823529411753e-3, 5.0004117647058435e-3, 5.000254901960786e-3, 5.0004117647058435e-3, 4.9997058823529434e-3, 4.999647058823572e-3, 4.99954901960782e-3, 0.0, 0.0, 0.0, 0.0, 0.0, 0.0, 0.0 ], [ 0.0, 0.0, 0.0, 0.0, 0.0, 0.0, 4.999705882352941e-3, 0.0, 4.999509803921562e-3, 5.000215686274539e-3, 4.9998627450980005e-3, 5.000137254901977e-3, 5.0004117647058435e-3, 4.999941176470562e-3, 5.000058823529416e-3, 5.000254901960786e-3, 4.999823529411753e-3, 4.99968627450982e-3, 4.9998627450980005e-3, 4.999509803921528e-3, 5.000490196078449e-3, 0.0, 0.0, 0.0, 0.0, 0.0, 0.0, 0.0 ], [ 0.0, 0.0, 0.0, 0.0, 0.0, 0.0, 4.999705882352941e-3, 0.0, 4.999686274509797e-3, 5.000078431372495e-3, 5.0001568627451014e-3, 4.9997058823529434e-3, 4.9996666666666965e-3, 4.999803921568629e-3, 4.999627450980382e-3, 4.99998039215681e-3, 4.999549019607887e-3, 4.999529411764653e-3, 5.000137254901977e-3, 4.9996666666666965e-3, 5.000176470588225e-3, 0.0, 0.0, 0.0, 0.0, 0.0, 0.0, 0.0 ], [ 0.0, 0.0, 0.0, 0.0, 0.0, 0.0, 4.999705882352941e-3, 0.0, 5.000137254901955e-3, 4.999509803921528e-3, 4.9998627450980005e-3, 5.000392156862719e-3, 4.999568627451011e-3, 5.0004117647058435e-3, 5.000392156862719e-3, 4.999549019607887e-3, 5.0004117647058435e-3, 5.00027450980391e-3, 5.00027450980391e-3, 4.9996666666666965e-3, 5.000431372548967e-3, 0.0, 0.0, 0.0, 0.0, 0.0, 0.0, 0.0 ], [ 0.0, 0.0, 0.0, 0.0, 0.0, 0.0, 4.999705882352941e-3, 0.0, 4.99984313725491e-3, 4.999941176470562e-3, 4.9998627450980005e-3, 5.000117647058854e-3, 4.999882352941124e-3, 4.999803921568629e-3, 5.00009803921573e-3, 4.999843137254877e-3, 4.99968627450982e-3, 4.999843137254877e-3, 5.000019607843168e-3, 5.000392156862719e-3, 4.999568627451011e-3, 0.0, 0.0, 0.0, 0.0, 0.0, 0.0, 0.0 ], [ 0.0, 0.0, 0.0, 0.0, 0.0, 0.0, 4.999705882352941e-3, 0.0, 5.000215686274517e-3, 5.000235294117663e-3, 5.0001568627451014e-3, 5.000000000000044e-3, 4.999725490196068e-3, 5.000078431372495e-3, 4.999784313725439e-3, 4.999549019607887e-3, 5.000254901960786e-3, 4.999549019607887e-3, 4.9996078431372585e-3, 4.999823529411753e-3, 4.999568627451011e-3, 0.0, 0.0, 3.92156862745098e-3, 0.0, 0.0, 0.0, 0.0 ], [ 0.0, 0.0, 0.0, 0.0, 0.0, 0.0, 5.000137254901961e-3, 0.0, 4.999784313725483e-3, 5.000235294117663e-3, 5.0004509803922015e-3, 5.000000000000044e-3, 4.9997058823529434e-3, 5.000352941176472e-3, 4.9998627450980005e-3, 5.000117647058854e-3, 4.99998039215681e-3, 5.000254901960786e-3, 4.999588235294135e-3, 4.99968627450982e-3, 4.99998039215681e-3, 0.0, 0.0, 3.92156862745098e-3, 0.0, 0.0, 0.0, 0.0 ], [ 0.0, 0.0, 0.0, 0.0, 0.0, 0.0, 4.999549019607843e-3, 0.0, 4.999509803921562e-3, 5.000392156862719e-3, 4.9996078431372585e-3, 4.999745098039191e-3, 4.9998627450980005e-3, 4.9996666666666965e-3, 4.999725490196068e-3, 5.0001568627451014e-3, 4.9998627450980005e-3, 5.000000000000044e-3, 4.999882352941124e-3, 4.999843137254877e-3, 4.999647058823506e-3, 0.0, 0.0, 3.92156862745098e-3, 0.0, 0.0, 0.0, 0.0 ], [ 0.0, 0.0, 0.0, 0.0, 0.0, 0.0, 4.999549019607843e-3, 0.0, 4.999588235294068e-3, 4.999901960784314e-3, 4.999843137254877e-3, 5.000039215686248e-3, 5.000294117647101e-3, 5.000431372549034e-3, 5.0003137254902245e-3, 5.000450980392157e-3, 5.000156862745056e-3, 5.000156862745056e-3, 5.000117647058854e-3, 5.000215686274539e-3, 4.9996078431372585e-3, 0.0, 0.0, 3.92156862745098e-3, 0.0, 0.0, 0.0, 0.0 ], [ 0.0, 0.0, 0.0, 0.0, 0.0, 0.0, 5.000274509803921e-3, 0.0, 5.000137254901972e-3, 5.000215686274517e-3, 5.000333333333315e-3, 5.000176470588258e-3, 5.000019607843146e-3, 4.9998627450980335e-3, 5.000156862745079e-3, 5.00045098039218e-3, 5.000294117647067e-3, 5.000000000000022e-3, 5.000176470588258e-3, 5.0004117647058765e-3, 4.99984313725491e-3, 0.0, 0.0, 0.0, 0.0, 0.0, 0.0, 0.0 ] ]
  robust!41 [======================================================] 9/9 queries
    result: 🗸 - Marabou proved no counterexample exists
    result: ✗ - Marabou found a counterexample
      perturbation: [ [ 0.0, 0.0, 0.0, 0.0, 0.0, 0.0, 0.0, 0.0, 4.9997843137254885e-3, 4.9996862745098035e-3, 4.999843137254901e-3, 4.999843137254901e-3, 4.999843137254901e-3, 4.999705882352941e-3, 5.000274509803921e-3, 5.000274509803921e-3, 4.999705882352941e-3, 5.000411764705882e-3, 4.999647058823528e-3, -1.838e-3, 0.0, 5.000137254901961e-3, 0.0, 0.0, 0.0, 0.0, 0.0, 0.0 ], [ 0.0, 0.0, 0.0, 0.0, 0.0, 0.0, 0.0, -5.0e-3, 5.0004509803922015e-3, 5.000431372548967e-3, 5.000294117647034e-3, 5.000058823529371e-3, 4.9997647058823815e-3, 5.000490196078405e-3, 5.000352941176472e-3, 5.000215686274539e-3, 5.0004509803922015e-3, 5.000039215686292e-3, 4.9997058823529434e-3, 4.999509803921551e-3, 0.0, 4.999705882352941e-3, 0.0, 0.0, 0.0, 0.0, 0.0, 0.0 ], [ 0.0, 0.0, 0.0, 0.0, 0.0, 0.0, -5.0e-3, 4.999843137254901e-3, 4.999882352941124e-3, 5.0001568627451014e-3, 5.000313725490158e-3, 5.000470588235326e-3, -4.999823529411775e-3, 4.999901960784359e-3, 4.999764705882315e-3, -5.000235294117685e-3, 5.000470588235326e-3, 5.0003529411765165e-3, 5.000313725490158e-3, 5.000098039215696e-3, 0.0, 3.92156862745098e-3, 0.0, 0.0, 0.0, 0.0, 0.0, 0.0 ], [ 0.0, 0.0, 0.0, 0.0, 0.0, 0.0, 0.0, 5.000196078431371e-3, 4.9998627450980005e-3, 4.999882352941124e-3, 4.999745098039191e-3, 4.999764705882315e-3, 4.999745098039191e-3, 5.000333333333281e-3, 4.999764705882315e-3, 5.000058823529416e-3, 5.000470588235326e-3, 4.999509803921573e-3, 5.000019607843168e-3, 4.999705882352922e-3, 0.0, 5.000137254901961e-3, 0.0, 0.0, 0.0, 0.0, 0.0, 0.0 ], [ 0.0, 0.0, 0.0, -5.0e-3, 0.0, 0.0, 0.0, 5.000137254901972e-3, 5.00027450980391e-3, 4.9996078431372585e-3, 5.000039215686292e-3, 5.000058823529416e-3, 5.000039215686292e-3, 4.999901960784359e-3, 4.999764705882315e-3, 4.999627450980382e-3, 4.999764705882315e-3, 4.999960784313731e-3, 4.999882352941124e-3, 5.00005882352946e-3, 0.0, 3.92156862745098e-3, 0.0, 0.0, 0.0, 0.0, 0.0, 0.0 ], [ 0.0, 0.0, -5.0e-3, 0.0, 0.0, 0.0, 0.0, 4.999647058823539e-3, 5.0004117647058435e-3, 4.9996078431372585e-3, 5.000039215686292e-3, 4.999627450980382e-3, 4.9996078431372585e-3, 5.000470588235326e-3, 4.999627450980382e-3, 4.999627450980382e-3, 5.000196078431348e-3, 5.000098039215663e-3, 5.000039215686292e-3, 5.000274509803955e-3, 0.0, 0.0, 0.0, 0.0, 0.0, 0.0, 0.0, 0.0 ], [ 0.0, 0.0, 0.0, -5.0e-3, 0.0, -5.0e-3, 0.0, 4.999705882352922e-3, 4.999843137254877e-3, 5.000039215686292e-3, 4.9996078431372585e-3, 4.999784313725439e-3, 5.000039215686292e-3, 4.999901960784359e-3, 5.000490196078449e-3, 4.999627450980382e-3, 5.000490196078449e-3, 4.99966666666663e-3, 4.999764705882315e-3, 4.999647058823506e-3, 0.0, 0.0, 0.0, -5.0e-3, 0.0, 0.0, 0.0, 0.0 ], [ 0.0, 0.0, -5.0e-3, 0.0, 0.0, -5.0e-3, 0.0, 4.99976470588236e-3, 4.9997058823529434e-3, 4.999901960784359e-3, 4.999882352941124e-3, 5.0003529411765165e-3, 4.9996078431372585e-3, 5.000333333333281e-3, 5.0003529411765165e-3, 5.000196078431348e-3, 4.999921568627483e-3, 5.000235294117596e-3, 4.999627450980382e-3, 5.0004509803922015e-3, 0.0, 0.0, 0.0, -5.0e-3, 0.0, 0.0, 0.0, 0.0 ], [ 0.0, 0.0, 0.0, 0.0, 0.0, 0.0, 0.0, 4.999686274509753e-3, -5.0004313725489895e-3, 4.999901960784359e-3, 5.000019607843168e-3, 5.0003529411765165e-3, 4.9996078431372585e-3, 5.000196078431348e-3, 5.000215686274473e-3, 5.000333333333281e-3, 4.999921568627483e-3, 4.9998039215686735e-3, 5.000490196078449e-3, 5.000431372548967e-3, 0.0, 0.0, 0.0, 0.0, 0.0, 0.0, 0.0, 0.0 ], [ 0.0, 0.0, 0.0, 0.0, -5.0e-3, -5.0e-3, 0.0, 4.999784313725439e-3, -4.999568627451033e-3, -4.999941176470585e-3, 5.000313725490158e-3, 5.0003529411765165e-3, 5.000470588235326e-3, 4.999764705882315e-3, 5.0003529411765165e-3, 5.000196078431348e-3, 4.999784313725439e-3, 4.999941176470606e-3, 4.999784313725439e-3, 5.000117647058854e-3, 0.0, 0.0, 0.0, -5.0e-3, 0.0, 0.0, 0.0, 0.0 ], [ 0.0, 0.0, 0.0, 0.0, 0.0, 0.0, 0.0, 5.000019607843168e-3, 5.0001568627451014e-3, -4.999666666666718e-3, 4.999901960784359e-3, 4.999921568627483e-3, 5.000196078431348e-3, 5.000333333333281e-3, 5.000490196078449e-3, 4.999627450980382e-3, 4.999784313725439e-3, 4.999509803921573e-3, -4.9997843137255275e-3, 5.000196078431348e-3, 5.000372549019607e-3, 0.0, 0.0, -5.0e-3, 0.0, 0.0, 0.0, 0.0 ], [ 0.0, -5.0e-3, 0.0, 0.0, 0.0, 0.0, 0.0, 4.999529411764653e-3, 5.000313725490158e-3, -4.999823529411775e-3, 5.000470588235326e-3, 4.999764705882315e-3, 4.999627450980382e-3, 5.000333333333281e-3, 5.000058823529416e-3, 5.000196078431348e-3, 5.0003529411765165e-3, 4.999647058823506e-3, -5.000352941176494e-3, -4.999823529411775e-3, 5.000294117647056e-3, 0.0, 0.0, 0.0, 0.0, 0.0, 0.0, 0.0 ], [ 0.0, -5.0e-3, 0.0, 0.0, 0.0, 0.0, 0.0, 4.999921568627439e-3, 5.000176470588225e-3, 4.9996078431372585e-3, 4.999901960784359e-3, 5.000039215686292e-3, 5.000058823529416e-3, 4.999764705882315e-3, 5.000058823529416e-3, 5.000196078431348e-3, 4.999921568627483e-3, 5.000215686274473e-3, 4.999647058823506e-3, -5.000117647058876e-3, 5.000392156862742e-3, 0.0, 0.0, 0.0, 0.0, 0.0, 0.0, 0.0 ], [ 0.0, 0.0, 0.0, 0.0, 0.0, 0.0, 4.999529411764705e-3, 4.9997647058823815e-3, 5.000313725490158e-3, 5.000313725490158e-3, 4.999901960784359e-3, 5.000176470588225e-3, 4.999764705882315e-3, 5.000196078431348e-3, 5.000333333333281e-3, 4.999627450980382e-3, 5.000058823529416e-3, 4.999921568627483e-3, 5.000215686274473e-3, 4.999725490196068e-3, 5.000196078431382e-3, 0.0, 0.0, 0.0, 0.0, 0.0, 0.0, 0.0 ], [ 0.0, 0.0, 0.0, 0.0, 0.0, 0.0, 4.999568627450978e-3, 5.0003137254902245e-3, 5.0001568627451014e-3, 5.000294117647034e-3, 5.000313725490158e-3, 5.000313725490158e-3, 4.9996078431372585e-3, 5.000431372548967e-3, 5.000431372548967e-3, 4.9996078431372585e-3, 5.000313725490158e-3, 4.999882352941124e-3, 4.999764705882315e-3, 5.000137254901977e-3, 5.000254901960764e-3, 0.0, 0.0, 0.0, 0.0, 0.0, 0.0, 0.0 ], [ 0.0, 0.0, 0.0, 0.0, 0.0, 0.0, 5.000176470588258e-3, 4.999901960784314e-3, 5.000019607843168e-3, 5.000294117647034e-3, 4.999901960784359e-3, 4.999745098039191e-3, 5.0004509803922015e-3, 4.999529411764653e-3, 4.9999607843136855e-3, 4.9996078431372585e-3, 4.999901960784359e-3, 4.9996078431372585e-3, 5.000058823529416e-3, 5.000431372548967e-3, 5.000019607843102e-3, 0.0, 0.0, 0.0, -5.0e-3, 0.0, 0.0, 0.0 ], [ 0.0, 0.0, 0.0, 0.0, 0.0, 0.0, 5.000431372549e-3, 5.000039215686248e-3, 4.999882352941124e-3, 4.999882352941124e-3, 5.000058823529416e-3, 5.000176470588225e-3, 5.000333333333281e-3, 4.999843137254877e-3, 5.000313725490158e-3, 4.999764705882315e-3, 5.000470588235326e-3, 5.000196078431348e-3, 4.999509803921573e-3, 5.000019607843168e-3, 4.999529411764697e-3, 0.0, 0.0, 0.0, 0.0, 0.0, 0.0, 0.0 ], [ 0.0, 0.0, 0.0, 0.0, 0.0, 0.0, 5.00005882352946e-3, 5.000058823529371e-3, 5.000196078431348e-3, 4.999882352941124e-3, 5.000058823529416e-3, 4.999882352941124e-3, 4.999921568627483e-3, 5.000470588235326e-3, 4.999745098039191e-3, 4.999627450980382e-3, 4.999745098039191e-3, 4.999764705882315e-3, 4.999921568627483e-3, 4.999588235294135e-3, 5.000176470588225e-3, 0.0, 0.0, 0.0, -5.0e-3, 0.0, 0.0, 0.0 ], [ 0.0, 0.0, 0.0, 0.0, 0.0, 0.0, 5.000078431372539e-3, 5.0004117647058435e-3, 4.999882352941124e-3, 4.999588235294135e-3, 4.9996078431372585e-3, 5.0004509803922015e-3, 5.000333333333281e-3, 4.999901960784359e-3, 5.000019607843168e-3, 5.000333333333281e-3, 5.000176470588225e-3, 4.999901960784359e-3, 4.999921568627483e-3, 5.0004509803922015e-3, 5.000254901960786e-3, 0.0, 0.0, 0.0, 0.0, 0.0, 0.0, 0.0 ], [ 0.0, 0.0, 0.0, 0.0, 0.0, 0.0, 5.0001568627451014e-3, 5.00027450980391e-3, 5.000313725490158e-3, 4.999882352941124e-3, 4.999882352941124e-3, 4.999882352941124e-3, 5.000470588235326e-3, 5.000039215686292e-3, 4.999882352941124e-3, 5.000196078431348e-3, 5.000313725490158e-3, 4.999882352941124e-3, 5.000058823529416e-3, 4.9996078431372585e-3, 4.9996666666666965e-3, 0.0, 0.0, 0.0, 0.0, 0.0, 0.0, 0.0 ], [ 0.0, 0.0, 0.0, 0.0, 0.0, 0.0, 4.9996078431372585e-3, 5.000137254901977e-3, 5.000137254901977e-3, 4.999588235294135e-3, 5.0004509803922015e-3, 4.999745098039191e-3, 4.9996078431372585e-3, 5.000313725490158e-3, 4.999882352941124e-3, 5.000470588235326e-3, 4.999745098039191e-3, 5.000019607843168e-3, 5.000019607843168e-3, 4.999745098039191e-3, 5.000372549019596e-3, 0.0, 0.0, 0.0, 0.0, 0.0, 0.0, 0.0 ], [ 0.0, 0.0, 0.0, 0.0, 0.0, 0.0, 4.999725490196068e-3, 5.0001568627451014e-3, -5.0002745098039324e-3, 4.999725490196068e-3, 5.000019607843168e-3, 4.999745098039191e-3, 5.000176470588225e-3, 4.999882352941124e-3, 5.000313725490158e-3, 4.9996078431372585e-3, 5.000039215686292e-3, 4.9996078431372585e-3, 4.999901960784359e-3, 4.999901960784359e-3, -5.000058823529438e-3, 5.000137254901961e-3, 0.0, 0.0, 0.0, 0.0, 0.0, 0.0 ], [ 0.0, 0.0, 0.0, 0.0, 0.0, 0.0, 5.000000000000044e-3, -4.9999803921568315e-3, -4.999705882352966e-3, 4.999725490196068e-3, 4.999588235294135e-3, 5.0004509803922015e-3, 4.999745098039191e-3, 5.000313725490158e-3, 4.999745098039191e-3, 4.999745098039191e-3, 4.9996078431372585e-3, 5.000470588235326e-3, 5.000470588235326e-3, 4.999764705882315e-3, -4.999921568627505e-3, 4.999980392156863e-3, 0.0, 0.0, 0.0, 0.0, 0.0, 0.0 ], [ 0.0, 0.0, 0.0, 0.0, 0.0, 0.0, 4.999725490196068e-3, -5.0002745098039324e-3, 5.000294117647034e-3, 4.999725490196068e-3, 4.999725490196068e-3, 5.000019607843168e-3, 4.999882352941124e-3, 5.0004509803922015e-3, 4.999882352941124e-3, 4.999882352941124e-3, 4.9996078431372585e-3, 5.000470588235326e-3, 5.000039215686292e-3, 4.999901960784359e-3, -5.000352941176427e-3, 4.999843137254901e-3, 0.0, 0.0, 0.0, 0.0, 0.0, 0.0 ], [ 0.0, 0.0, 0.0, 0.0, 0.0, 0.0, 5.000294117647034e-3, -4.999568627451033e-3, 4.9998627450980005e-3, 5.000294117647034e-3, 5.000431372548967e-3, 4.999725490196068e-3, 5.000019607843168e-3, 4.999588235294135e-3, 4.999588235294135e-3, 5.000019607843168e-3, 5.0004509803922015e-3, 5.000313725490158e-3, 4.999745098039191e-3, 4.9996078431372585e-3, 5.0004509803922015e-3, 4.999843137254901e-3, 0.0, 0.0, 0.0, 0.0, 0.0, 0.0 ], [ 0.0, 0.0, 0.0, 0.0, 0.0, 0.0, 4.9998627450980005e-3, 4.9998627450980005e-3, 5.0001568627451014e-3, 5.0001568627451014e-3, 5.000313725490158e-3, 5.0004509803922015e-3, 5.000176470588225e-3, 4.9996078431372585e-3, 5.000039215686292e-3, 5.000470588235326e-3, 5.000039215686292e-3, 4.999901960784359e-3, 5.000039215686292e-3, 5.000470588235326e-3, 5.0004509803922015e-3, 5.000254901960784e-3, 0.0, 0.0, 0.0, 0.0, 0.0, 0.0 ], [ 0.0, 0.0, 0.0, 0.0, 0.0, 0.0, 5.0003137254902245e-3, 4.99958823529409e-3, 5.000450980392157e-3, 5.000450980392157e-3, 5.000333333333348e-3, 5.000039215686248e-3, 5.000039215686248e-3, 5.000058823529371e-3, 5.000058823529371e-3, 4.999627450980338e-3, 5.000196078431415e-3, 4.9997647058823815e-3, 4.999921568627439e-3, 4.999725490196068e-3, 5.0e-3, 5.000372549019607e-3, 0.0, 0.0, 0.0, 0.0, 0.0, 0.0 ], [ 0.0, 0.0, 0.0, 0.0, 0.0, -5.0e-3, -5.000450980392157e-3, 5.00005882352941e-3, 5.000313725490208e-3, 4.999568627450978e-3, 5.000411764705893e-3, 5.000254901960781e-3, 5.000235294117629e-3, 4.999627450980416e-3, -5.0003725490195845e-3, 4.9997647058823485e-3, 4.999784313725472e-3, 4.999823529411775e-3, 4.999882352941174e-3, 4.99992156862745e-3, 4.999647058823528e-3, 0.0, -5.0e-3, 0.0, 0.0, 0.0, 0.0, 0.0 ] ]
  robust!43 [======================================================] 9/9 queries
    result: 🗸 - Marabou proved no counterexample exists
  robust!44 [======================================================] 9/9 queries
    result: 🗸 - Marabou proved no counterexample exists
  robust!45 [======================================================] 9/9 queries
    result: 🗸 - Marabou proved no counterexample exists
  robust!46 [======================================================] 9/9 queries
    result: 🗸 - Marabou proved no counterexample exists
  robust!47 [======================================================] 9/9 queries
    result: 🗸 - Marabou proved no counterexample exists
    result: ✗ - Marabou found a counterexample
      perturbation: [ [ -5.0e-3, 0.0, 0.0, 0.0, 0.0, 0.0, 0.0, 0.0, 0.0, 0.0, 0.0, 0.0, -5.0e-3, -5.000215686274511e-3, -5.0e-3, -5.000196078431348e-3, 4.999705882352922e-3, 0.0, 0.0, 0.0, 0.0, 0.0, -5.0e-3, 0.0, 0.0, 0.0, -5.0e-3, 0.0 ], [ -5.0e-3, 0.0, 0.0, 0.0, 0.0, -5.0e-3, -5.0e-3, 0.0, 0.0, 0.0, 3.92156862745098e-3, 5.000254901960831e-3, 4.99968627450982e-3, 5.000196078431415e-3, 5.000372549019596e-3, 4.99998039215681e-3, 4.999941176470606e-3, 5.00035294117645e-3, 5.00045098039218e-3, 0.0, 0.0, 0.0, -5.0e-3, -5.0e-3, -5.0e-3, 0.0, 0.0, 0.0 ], [ 0.0, 0.0, 0.0, 0.0, 0.0, -5.0e-3, 0.0, 0.0, 0.0, 5.000098039215685e-3, 4.9998627450980005e-3, 5.0e-3, 5.000058823529371e-3, 5.0004117647058435e-3, 5.000078431372539e-3, -5.000098039215663e-3, -5.000176470588225e-3, 4.999607843137236e-3, 5.00023529411764e-3, 4.999725490196101e-3, 0.0, 0.0, 3.92156862745098e-3, -5.0e-3, -5.0e-3, -5.0e-3, -5.0e-3, 0.0 ], [ 0.0, 0.0, 0.0, 0.0, 0.0, 0.0, 0.0, 0.0, 5.0003333333333315e-3, 4.999588235294135e-3, 5.000431372549011e-3, 5.000039215686292e-3, 5.000117647058831e-3, -4.999549019607865e-3, -4.9998823529411795e-3, -5.000039215686292e-3, 5.000333333333315e-3, 5.000333333333315e-3, 4.999901960784337e-3, 5.0004901960783825e-3, 5.000431372549017e-3, 0.0, 3.92156862745098e-3, 0.0, 0.0, -5.0e-3, -5.0e-3, 0.0 ], [ 0.0, 0.0, 0.0, 0.0, 0.0, 5.000137254901961e-3, 0.0, 4.99992156862745e-3, 4.999764705882315e-3, 4.999529411764697e-3, 4.999823529411787e-3, -5.000078431372539e-3, -5.000313725490202e-3, -4.999901960784293e-3, -4.9996078431372585e-3, -4.999803921568618e-3, -4.999941176470606e-3, 4.99984313725491e-3, 4.99984313725491e-3, 4.999549019607865e-3, 5.000392156862753e-3, 0.0, 0.0, 5.000137254901961e-3, 0.0, -5.0e-3, 0.0, 0.0 ], [ 0.0, 0.0, 0.0, 0.0, 3.92156862745098e-3, 5.000137254901961e-3, 0.0, 5.000254901960781e-3, 5.0001568627451014e-3, 5.000392156862753e-3, 4.999980392156859e-3, -4.9999999999999776e-3, 4.9999999999999776e-3, -4.9997843137254945e-3, -4.999941176470606e-3, 4.99992156862746e-3, -4.999666666666685e-3, 5.000019607843146e-3, 4.9995882352941124e-3, 5.000333333333315e-3, 4.999529411764686e-3, 4.999705882352938e-3, 0.0, 5.000274509803921e-3, 0.0, 0.0, 0.0, 0.0 ], [ 0.0, 0.0, 0.0, 0.0, 0.0, 0.0, 0.0, 5.00003921568627e-3, 4.999784313725439e-3, 4.999549019607854e-3, -4.999882352941168e-3, -5.000274509803888e-3, -5.000352941176461e-3, -5.000235294117652e-3, -4.999568627450999e-3, 5.000313725490191e-3, -4.999529411764697e-3, 4.999882352941158e-3, 4.999745098039224e-3, 4.999745098039224e-3, 5.000098039215708e-3, 5.000411764705893e-3, 0.0, 3.92156862745098e-3, 0.0, 0.0, 0.0, -5.0e-3 ], [ 0.0, 0.0, 0.0, 0.0, 3.92156862745098e-3, 0.0, 0.0, 4.999784313725439e-3, 4.9998627450980335e-3, 4.99992156862746e-3, -5.000450980392135e-3, -4.9998235294117415e-3, 5.000333333333315e-3, -4.9998235294117415e-3, 4.99984313725491e-3, 5.000274509803955e-3, 4.999607843137303e-3, 5.000156862745079e-3, 4.999882352941158e-3, 5.000294117647067e-3, 5.000098039215708e-3, 5.000117647058821e-3, 0.0, -1.1924313725490197e-3, 0.0, 0.0, 0.0, 0.0 ], [ 0.0, 0.0, 0.0, 0.0, 3.92156862745098e-3, 0.0, 5.000333333333315e-3, 4.999509803921562e-3, 5.000058823529393e-3, 4.999901960784337e-3, 5.000470588235303e-3, 4.9998627450980335e-3, 5.000019607843146e-3, 4.999705882352922e-3, 4.9998627450980335e-3, 5.00045098039218e-3, 5.000294117647034e-3, 4.999784313725439e-3, 4.9998627450980335e-3, 4.999725490196101e-3, 4.99984313725491e-3, 5.000019607843146e-3, 0.0, 0.0, 0.0, 0.0, 0.0, 0.0 ], [ 0.0, 0.0, 0.0, 0.0, 0.0, 0.0, 4.999509803921551e-3, 4.999666666666674e-3, 5.000313725490191e-3, 5.000019607843146e-3, 5.000294117647067e-3, 4.999705882352922e-3, 4.999823529411787e-3, -5.000176470588214e-3, 5.000117647058831e-3, 4.999627450980416e-3, 4.999666666666674e-3, 4.999823529411753e-3, 5.00005882352946e-3, 4.999901960784337e-3, 5.0004117647058765e-3, 4.9996470588235505e-3, 5.000411764705882e-3, 0.0, 3.92156862745098e-3, 0.0, 0.0, 0.0 ], [ 0.0, 0.0, 0.0, 0.0, 0.0, 0.0, 5.0002745098039324e-3, 5.000274509803944e-3, 4.999627450980416e-3, 5.000176470588258e-3, 5.000156862745079e-3, 5.000294117647067e-3, 5.0004117647058765e-3, 4.999960784313719e-3, -4.999588235294124e-3, 5.00045098039218e-3, 5.000294117647067e-3, 5.00009803921573e-3, 5.000470588235326e-3, 4.999980392156843e-3, 4.999627450980416e-3, 4.999941176470595e-3, 4.999745098039214e-3, -5.0e-3, 3.92156862745098e-3, 0.0, 0.0, 0.0 ], [ 0.0, 0.0, 0.0, 0.0, 0.0, -5.0e-3, -5.000235294117652e-3, 4.999803921568607e-3, 4.999568627450989e-3, 5.000117647058831e-3, 5.000117647058831e-3, 4.999705882352922e-3, 4.999980392156843e-3, 4.999529411764686e-3, 5.000117647058831e-3, 5.000000000000022e-3, 5.00045098039218e-3, 4.999784313725506e-3, 4.999666666666663e-3, 4.9998039215686735e-3, 4.999882352941158e-3, 4.999823529411787e-3, 5.000078431372573e-3, -5.0e-3, -5.0e-3, 0.0, 0.0, 0.0 ], [ 0.0, 0.0, 0.0, 0.0, 0.0, -5.0e-3, 4.999705882352922e-3, 4.9995882352941124e-3, -4.999666666666685e-3, 5.000058823529393e-3, 5.00003921568627e-3, 5.000294117647067e-3, 4.999549019607865e-3, 4.999705882352922e-3, 4.999980392156843e-3, 4.999686274509797e-3, 4.999803921568607e-3, 4.999882352941124e-3, -5.0e-3, 4.999529411764697e-3, -5.000078431372584e-3, 4.9997647058823485e-3, 5.000294117647067e-3, -5.0e-3, 0.0, 0.0, 0.0, 0.0 ], [ 0.0, 0.0, 0.0, 0.0, 0.0, 5.000098039215685e-3, 4.999784313725483e-3, 4.999725490196101e-3, 5.0004117647058765e-3, 5.000117647058831e-3, 5.000431372549e-3, 4.999607843137236e-3, 5.00045098039218e-3, 5.000137254901955e-3, -4.999568627450999e-3, 4.999745098039224e-3, 4.999627450980426e-3, 4.999509803921562e-3, 0.0, 5.000352941176494e-3, -4.999941176470585e-3, 4.999745098039224e-3, 4.999784313725483e-3, 5.000254901960784e-3, 0.0, 0.0, 0.0, 0.0 ], [ 0.0, 0.0, 0.0, 0.0, 0.0, 4.999784313725472e-3, 4.999568627450989e-3, -4.999843137254921e-3, 5.000156862745079e-3, -4.999705882352933e-3, 5.000274509803944e-3, 4.999823529411787e-3, 4.999568627450989e-3, 5.000313725490191e-3, 5.000156862745079e-3, 4.9997647058823485e-3, 5.000313725490202e-3, 5.000196078431371e-3, -5.0e-3, 0.0, -4.999529411764674e-3, 5.000098039215708e-3, 4.999529411764686e-3, 4.9999019607843255e-3, 0.0, 0.0, 0.0, 0.0 ], [ 0.0, 0.0, 0.0, 0.0, 5.000411764705882e-3, 5.000098039215708e-3, 5.0004117647058765e-3, 5.000392156862753e-3, 4.999705882352922e-3, -5.000117647058842e-3, 4.9995882352941124e-3, 4.999725490196101e-3, 4.999705882352922e-3, 4.999686274509797e-3, 5.000000000000022e-3, 4.999901960784337e-3, 4.999882352941168e-3, 5.000019607843135e-3, 0.0, -5.0e-3, 5.000196078431393e-3, 4.999843137254921e-3, 4.999705882352922e-3, 4.999549019607854e-3, 0.0, 0.0, 0.0, 0.0 ], [ 0.0, -5.0e-3, 0.0, 0.0, 5.000431372549017e-3, 5.00005882352946e-3, 5.000274509803944e-3, 4.999823529411787e-3, 5.000098039215708e-3, 5.000098039215708e-3, 4.999666666666674e-3, 5.000274509803944e-3, 5.000294117647067e-3, 5.00045098039218e-3, 4.999725490196101e-3, 5.000470588235303e-3, 5.000450980392135e-3, 5.000372549019618e-3, 0.0, -5.0e-3, 5.00045098039218e-3, 5.00037254901964e-3, 4.999666666666674e-3, 5.000313725490191e-3, 0.0, 0.0, 0.0, 0.0 ], [ 0.0, 0.0, 0.0, 0.0, 4.999686274509815e-3, 4.999941176470595e-3, 4.999882352941158e-3, 4.999529411764686e-3, -5.000490196078438e-3, 4.999980392156843e-3, 5.0004117647058765e-3, 4.999941176470595e-3, 5.000392156862753e-3, -5.000137254901966e-3, 5.000470588235303e-3, 4.999784313725472e-3, 5.000078431372529e-3, 4.999941176470585e-3, 0.0, -5.0e-3, 5.000156862745095e-3, 5.000215686274473e-3, 5.000117647058831e-3, 5.000470588235303e-3, 0.0, 0.0, 0.0, 0.0 ], [ 0.0, 0.0, 0.0, 0.0, 4.999823529411775e-3, 5.000176470588269e-3, 5.000000000000022e-3, 5.000392156862753e-3, 5.00023529411764e-3, 4.999509803921562e-3, 4.999705882352922e-3, 5.000137254901955e-3, 4.999529411764686e-3, 5.000117647058831e-3, 5.000254901960764e-3, 5.000470588235303e-3, 5.00023529411764e-3, 4.9997647058823485e-3, 0.0, -5.0e-3, 4.999549019607843e-3, 5.000235294117596e-3, 5.000078431372529e-3, -5.00015686274509e-3, 0.0, 0.0, 0.0, 0.0 ], [ 0.0, 0.0, 0.0, 0.0, 5.000411764705893e-3, -5.0003921568626975e-3, 5.0004117647058765e-3, 5.000215686274517e-3, -5.000333333333326e-3, 5.00005882352946e-3, 5.0004901960783825e-3, 5.000294117647067e-3, 4.999666666666674e-3, -4.999588235294124e-3, -4.9997450980392355e-3, 4.999941176470595e-3, 5.000254901960764e-3, 4.999901960784337e-3, 0.0, -5.0e-3, -5.0e-3, 4.9998627450980005e-3, 4.999607843137303e-3, 4.999666666666674e-3, 4.999980392156863e-3, 0.0, 0.0, 0.0 ], [ 0.0, 0.0, 0.0, 0.0, 4.99992156862745e-3, 5.00023529411764e-3, 5.000196078431382e-3, -5.000431372549011e-3, -4.999862745098045e-3, 4.999568627450989e-3, 5.000039215686225e-3, 4.999529411764686e-3, 5.000156862745079e-3, 5.00005882352946e-3, 4.999725490196101e-3, 4.999921568627416e-3, 5.000196078431393e-3, 5.000058823529393e-3, 0.0, -5.0e-3, -5.0e-3, 4.999529411764697e-3, 4.999862745098045e-3, -5.000019607843157e-3, 4.999941176470587e-3, 0.0, 0.0, 0.0 ], [ 0.0, 0.0, 0.0, 0.0, 4.999666666666666e-3, -5.000196078431393e-3, 5.000137254901955e-3, -4.999627450980371e-3, -4.999901960784293e-3, 5.000137254901955e-3, 5.00035294117645e-3, 4.999627450980426e-3, 5.000274509803944e-3, 4.999686274509797e-3, 4.999509803921562e-3, 4.999901960784337e-3, 5.000019607843102e-3, 5.0004117647058765e-3, 0.0, -5.0e-3, -5.0e-3, 5.000254901960764e-3, 4.9997058823529885e-3, -5.00015686274509e-3, 5.000039215686286e-3, 0.0, 0.0, 0.0 ], [ 0.0, 0.0, 0.0, 0.0, -4.999529411764708e-3, -5.00035294117645e-3, 4.9995882352941124e-3, 4.999823529411787e-3, 4.999686274509797e-3, 4.999980392156843e-3, 4.999509803921562e-3, 5.000078431372529e-3, 4.9996470588235505e-3, 5.000000000000022e-3, 5.000098039215708e-3, 4.999980392156843e-3, 5.000372549019629e-3, 5.00035294117645e-3, 0.0, 0.0, -5.0e-3, 5.000078431372573e-3, 4.999960784313731e-3, 5.000137254901955e-3, 4.99952941176473e-3, 0.0, 0.0, 0.0 ], [ 0.0, 0.0, -5.0e-3, 0.0, -5.000352941176461e-3, 4.999803921568607e-3, 5.000000000000022e-3, 4.999607843137303e-3, 4.999882352941168e-3, 4.99976470588236e-3, 5.000215686274517e-3, 4.99976470588236e-3, 5.000196078431393e-3, 4.999607843137303e-3, 4.999921568627416e-3, 4.999823529411787e-3, 5.000098039215708e-3, 5.000196078431393e-3, 4.999705882352941e-3, 0.0, -5.0e-3, 4.999882352941174e-3, 5.000117647058787e-3, -5.000019607843157e-3, -5.000490196078449e-3, 0.0, 0.0, 0.0 ], [ 0.0, 0.0, 0.0, 0.0, -4.9998235294117415e-3, 5.000235294117663e-3, 5.00005882352946e-3, -5.0004705882353145e-3, -5.000490196078438e-3, 4.999509803921562e-3, 5.000078431372529e-3, 4.999509803921562e-3, 5.000392156862753e-3, 4.999823529411787e-3, 4.9996470588235505e-3, 4.999666666666674e-3, 5.000392156862753e-3, -5.0004705882353145e-3, 0.0, -5.0e-3, -5.0e-3, 4.999882352941174e-3, 5.000235294117596e-3, 4.999823529411787e-3, 5.000156862745079e-3, -5.0e-3, 0.0, 0.0 ], [ 0.0, 0.0, 0.0, 0.0, -5.0e-3, 5.000000000000022e-3, 4.999647058823528e-3, -5.0e-3, 0.0, 0.0, 0.0, 0.0, 0.0, 0.0, 0.0, 0.0, 0.0, 0.0, 0.0, 0.0, -5.0e-3, 4.9996862745098035e-3, 4.999823529411787e-3, 5.000058823529393e-3, -5.000294117647062e-3, 0.0, 0.0, 0.0 ], [ 0.0, -5.0e-3, 0.0, -5.0e-3, -5.00043137254902e-3, 4.999529411764697e-3, 5.000078431372548e-3, -5.0e-3, 0.0, 0.0, -5.0e-3, 0.0, 0.0, 0.0, 0.0, -5.0e-3, -5.0e-3, 0.0, 0.0, 0.0, -5.0e-3, 0.0, 0.0, 0.0, -5.0e-3, 0.0, 0.0, 0.0 ], [ -5.0e-3, -5.0e-3, 0.0, -5.0e-3, 0.0, 5.000372549019618e-3, 0.0, 0.0, 3.92156862745098e-3, 3.92156862745098e-3, 3.92156862745098e-3, -5.00043137254902e-3, -5.0e-3, -5.0e-3, -5.0e-3, -5.00043137254902e-3, 3.92156862745098e-3, 3.92156862745098e-3, 0.0, 0.0, 0.0, 5.000137254901961e-3, 5.000137254901961e-3, 0.0, 0.0, 0.0, -5.0e-3, -5.0e-3 ] ]
    result: ✗ - Marabou found a counterexample
      perturbation: [ [ 0.0, 0.0, 0.0, 0.0, 0.0, 0.0, 0.0, 0.0, 5.000274509803921e-3, 4.999980392156863e-3, 0.0, 0.0, 0.0, 0.0, 0.0, 0.0, 0.0, 0.0, 0.0, 0.0, 0.0, 0.0, 3.92156862745098e-3, 0.0, 3.92156862745098e-3, 0.0, 0.0, 0.0 ], [ 0.0, 0.0, 0.0, 0.0, 0.0, 0.0, 0.0, 5.000352941176494e-3, 4.9997058823529885e-3, 4.999529411764697e-3, 4.999980392156843e-3, 5.000235294117629e-3, 4.999529411764705e-3, 3.92156862745098e-3, 0.0, 0.0, 0.0, 4.9999019607843255e-3, 5.000372549019629e-3, 4.999862745098045e-3, 4.999568627450989e-3, 0.0, 0.0, 5.000137254901961e-3, 0.0, 0.0, 0.0, 0.0 ], [ 0.0, 0.0, 0.0, 0.0, 3.92156862745098e-3, 0.0, 5.000235294117629e-3, 5.000058823529416e-3, 5.000411764705888e-3, 4.9998039215686735e-3, 4.999509803921573e-3, 5.000078431372539e-3, 5.000078431372539e-3, 5.000235294117596e-3, 4.999823529411797e-3, 5.000254901960831e-3, 4.999686274509753e-3, 5.000235294117596e-3, 5.000078431372539e-3, 5.000156862745146e-3, 4.999980392156854e-3, 5.0004901960783825e-3, 0.0, 0.0, 0.0, 0.0, 0.0, 0.0 ], [ 0.0, 0.0, 0.0, 0.0, 0.0, 0.0, 5.000470588235259e-3, 4.9998039215686735e-3, 4.999568627450944e-3, 4.999862745098045e-3, 4.999764705882315e-3, 5.000411764705888e-3, 5.000274509803955e-3, 5.000235294117596e-3, 5.000235294117596e-3, 4.9998039215686735e-3, 4.999568627450944e-3, 5.000411764705888e-3, 4.9997058823529885e-3, 4.99976470588236e-3, 4.999588235294068e-3, 4.999980392156854e-3, 5.000196078431371e-3, 0.0, 5.000137254901961e-3, 0.0, 0.0, 0.0 ], [ 0.0, 0.0, 0.0, 0.0, 0.0, 0.0, 5.000098039215663e-3, 4.999823529411797e-3, 5.0003921568627634e-3, 5.00005882352946e-3, 5.0003921568627634e-3, 5.000019607843168e-3, 4.9999999999999776e-3, 5.000058823529416e-3, 5.000098039215663e-3, 5.00037254901964e-3, 4.999980392156854e-3, 4.999921568627483e-3, 4.9996470588235505e-3, 5.000176470588269e-3, 4.999568627450944e-3, 4.999686274509753e-3, 4.999901960784337e-3, 0.0, 3.92156862745098e-3, 0.0, 0.0, 0.0 ], [ 0.0, 0.0, 0.0, 0.0, 0.0, 5.000098039215685e-3, 5.000235294117596e-3, 5.0003921568627634e-3, 5.00013725490191e-3, 4.999843137254921e-3, 5.000137254901955e-3, 5.000098039215663e-3, 4.999588235294135e-3, 4.99966666666663e-3, 5.000235294117596e-3, 4.999686274509753e-3, 4.999745098039191e-3, 5.00005882352946e-3, 5.00005882352946e-3, 4.999901960784293e-3, 5.0002941176470785e-3, 5.000117647058787e-3, 5.000196078431393e-3, 0.0, 0.0, 0.0, 0.0, 0.0 ], [ 0.0, 0.0, 0.0, 0.0, 0.0, 5.000470588235292e-3, 4.999647058823506e-3, 5.000117647058787e-3, 4.999725490196112e-3, 4.9999999999999776e-3, 5.000156862745146e-3, 4.999980392156843e-3, 4.999745098039191e-3, 5.000000000000044e-3, 4.9997058823529434e-3, 5.000235294117663e-3, 4.999862745098045e-3, 5.0004117647058765e-3, 5.0004901960783825e-3, 5.000039215686225e-3, 4.999529411764697e-3, 5.00013725490191e-3, 5.000274509803955e-3, 0.0, 0.0, 0.0, 0.0, 0.0 ], [ 0.0, 0.0, 0.0, 0.0, 0.0, 5.00003921568627e-3, 5.000490196078449e-3, 4.999686274509753e-3, 5.000058823529416e-3, 5.000411764705888e-3, 5.000411764705888e-3, 4.9999999999999776e-3, 5.0004901960783825e-3, 5.00009803921573e-3, 4.999882352941191e-3, 4.999627450980382e-3, 5.000176470588269e-3, 4.9997058823529885e-3, 5.000450980392135e-3, 4.999823529411797e-3, 5.000411764705888e-3, 4.999588235294068e-3, 4.999941176470606e-3, 0.0, 0.0, 0.0, 0.0, 0.0 ], [ 0.0, 0.0, 0.0, 0.0, 0.0, 5.00035294117645e-3, 4.999941176470606e-3, 4.999823529411797e-3, 4.999764705882315e-3, 4.9997058823529885e-3, 5.000274509803955e-3, 4.999725490196112e-3, 4.9999999999999776e-3, 5.000313725490202e-3, 4.999882352941168e-3, 5.000176470588269e-3, 4.99954901960782e-3, 5.000411764705888e-3, 5.000274509803955e-3, 4.999784313725439e-3, 4.9998039215686735e-3, 4.999843137254921e-3, 5.0003921568627634e-3, 4.999607843137253e-3, 0.0, 0.0, 0.0, 0.0 ], [ 0.0, 0.0, 0.0, 0.0, 0.0, 4.999980392156854e-3, 4.999686274509753e-3, 4.999529411764697e-3, 4.99968627450982e-3, 5.0002941176470785e-3, 5.0002941176470785e-3, 5.000411764705888e-3, 5.000235294117596e-3, 4.9997058823529885e-3, 5.000274509803955e-3, 4.999568627450944e-3, 4.999862745098045e-3, 5.00013725490191e-3, 4.9997450980392355e-3, 5.000176470588225e-3, 4.999764705882315e-3, 4.9999999999999776e-3, 5.000235294117596e-3, 4.999607843137236e-3, 0.0, 0.0, 0.0, 0.0 ], [ 0.0, 0.0, 0.0, 0.0, 0.0, 4.999745098039191e-3, 4.9999999999999776e-3, 5.000254901960831e-3, 4.999529411764653e-3, 4.999960784313731e-3, 5.000313725490202e-3, 4.999862745098045e-3, 5.000450980392135e-3, 5.000117647058787e-3, 5.000254901960831e-3, 4.999647058823506e-3, 5.000156862745146e-3, 5.000176470588269e-3, 4.9996470588235505e-3, 5.000000000000044e-3, 4.9996078431372585e-3, 5.000156862745146e-3, 4.9998039215686735e-3, 5.00005882352946e-3, 0.0, 0.0, 0.0, 0.0 ], [ 0.0, 0.0, 0.0, 0.0, 4.999843137254901e-3, 5.000019607843168e-3, 4.999725490196112e-3, 4.9998039215686735e-3, 5.000078431372495e-3, 5.000117647058787e-3, 5.000450980392135e-3, 5.000411764705888e-3, 5.0003921568627634e-3, 4.999843137254921e-3, 4.9997058823529885e-3, 4.999529411764697e-3, 5.000274509803955e-3, 4.999862745098045e-3, 4.999823529411787e-3, 5.000078431372495e-3, 4.999882352941124e-3, 4.9997058823529885e-3, 5.000098039215663e-3, 4.999843137254921e-3, 0.0, 0.0, 0.0, 0.0 ], [ 0.0, 0.0, 0.0, 0.0, 5.0003333333333315e-3, 5.000117647058854e-3, 5.0002941176470785e-3, 4.999509803921573e-3, 5.000333333333348e-3, 5.000254901960831e-3, 4.999862745098045e-3, 4.999686274509753e-3, 4.999588235294068e-3, 5.000450980392135e-3, 4.999882352941168e-3, 4.9997058823529885e-3, 5.000274509803955e-3, 5.000117647058787e-3, 4.999784313725483e-3, 5.000078431372495e-3, 5.00027450980391e-3, 5.0003921568627634e-3, 4.999686274509753e-3, 5.000470588235326e-3, 0.0, 0.0, 0.0, 0.0 ], [ 0.0, 0.0, 0.0, 0.0, 5.000411764705893e-3, 4.99998039215681e-3, 5.000019607843102e-3, 4.999764705882315e-3, 5.0e-3, 4.999823529411797e-3, 5.000196078431393e-3, 4.999568627450944e-3, 5.000235294117596e-3, 4.999862745098045e-3, 5.00013725490191e-3, 4.9998039215686735e-3, 4.999843137254921e-3, 4.999843137254921e-3, 4.999666666666674e-3, 5.000313725490158e-3, 4.9996666666666965e-3, 5.000196078431348e-3, 4.999960784313731e-3, 4.999745098039191e-3, 0.0, 0.0, 0.0, 0.0 ], [ 0.0, 0.0, 0.0, 0.0, 5.000058823529393e-3, 4.999843137254877e-3, 4.99954901960782e-3, 5.000137254901977e-3, 4.999901960784314e-3, 5.00005882352946e-3, 5.000254901960831e-3, 5.000117647058787e-3, 4.999784313725439e-3, 5.000078431372539e-3, 4.999882352941168e-3, 4.999686274509753e-3, 4.999686274509753e-3, 4.999843137254921e-3, 4.999627450980426e-3, 4.999960784313731e-3, 5.000176470588181e-3, 5.000019607843168e-3, 5.0003921568627634e-3, 5.000313725490158e-3, 5.000117647058823e-3, 0.0, 0.0, 0.0 ], [ 0.0, 0.0, 0.0, 0.0, 5.000156862745079e-3, 5.000000000000044e-3, 5.000117647058787e-3, 5.000372549019596e-3, 5.000392156862719e-3, 4.99976470588236e-3, 5.000254901960831e-3, 5.00013725490191e-3, 5.000254901960831e-3, 4.9999999999999776e-3, 5.000156862745146e-3, 4.9999999999999776e-3, 4.999980392156854e-3, 4.999823529411797e-3, 5.000156862745146e-3, 5.000313725490202e-3, 5.000176470588181e-3, 4.999568627451011e-3, 5.000039215686225e-3, 4.9998627450980005e-3, 5.000294117647056e-3, 0.0, 0.0, 0.0 ], [ 0.0, 0.0, 0.0, 0.0, 5.000117647058831e-3, 4.999764705882315e-3, 4.999862745098045e-3, 4.999784313725506e-3, 5.000254901960831e-3, 4.9997450980392355e-3, 4.999980392156854e-3, 4.999686274509753e-3, 4.999627450980382e-3, 4.999725490196112e-3, 4.999588235294068e-3, 4.999823529411797e-3, 4.999784313725439e-3, 5.000313725490202e-3, 4.9997058823529885e-3, 5.000372549019629e-3, 4.999784313725506e-3, 5.0004117647058435e-3, 4.9997058823529885e-3, 4.9996078431372585e-3, 5.000117647058821e-3, 0.0, 0.0, 0.0 ], [ 0.0, 0.0, 0.0, 0.0, 4.99976470588236e-3, 5.00037254901964e-3, 4.999725490196112e-3, 5.000333333333348e-3, 5.000274509803955e-3, 5.000117647058787e-3, 5.000039215686225e-3, 4.999980392156854e-3, 5.000411764705888e-3, 4.999568627450944e-3, 4.999823529411797e-3, 4.9997058823529885e-3, 4.999980392156854e-3, 5.000019607843102e-3, 4.9997450980392355e-3, 5.000392156862753e-3, 4.999921568627439e-3, 4.99968627450982e-3, 5.000176470588269e-3, 4.999588235294135e-3, 5.000078431372573e-3, 0.0, 0.0, 0.0 ], [ 0.0, 0.0, 0.0, 0.0, 4.9999999999999776e-3, 4.999627450980382e-3, 4.999647058823506e-3, 5.0001568627451014e-3, 5.000450980392135e-3, 4.999843137254921e-3, 5.00013725490191e-3, 5.0003529411765165e-3, 5.000333333333281e-3, 4.999568627450944e-3, 4.999843137254921e-3, 4.999686274509753e-3, 4.999627450980382e-3, 5.000019607843102e-3, 4.999843137254921e-3, 5.0002941176470785e-3, 4.999901960784359e-3, 5.0004117647058435e-3, 5.000470588235259e-3, 5.000000000000044e-3, 4.999705882352922e-3, 0.0, 0.0, 0.0 ], [ 0.0, 0.0, 0.0, 0.0, 5.000450980392135e-3, 5.0003529411765165e-3, 4.999529411764697e-3, 4.999627450980382e-3, 5.0002941176470785e-3, 5.00013725490191e-3, 5.000313725490202e-3, 4.999901960784359e-3, 4.9997058823529885e-3, 4.999882352941168e-3, 4.999568627450944e-3, 4.999588235294068e-3, 4.999529411764697e-3, 5.000313725490202e-3, 5.000274509803955e-3, 4.999882352941168e-3, 4.9998039215686735e-3, 5.000352941176472e-3, 4.999588235294068e-3, 5.000039215686292e-3, 4.999921568627416e-3, 0.0, 0.0, 0.0 ], [ 0.0, 0.0, 0.0, 0.0, 4.9999999999999776e-3, 4.999627450980382e-3, 4.999529411764697e-3, 4.999784313725439e-3, 5.0003921568627634e-3, 5.000117647058787e-3, 4.999901960784293e-3, 5.000313725490158e-3, 5.000450980392135e-3, 5.000313725490202e-3, 5.000098039215663e-3, 4.999843137254921e-3, 5.0003529411765165e-3, 4.999686274509753e-3, 4.999980392156854e-3, 4.999588235294068e-3, 4.999960784313731e-3, 4.999509803921528e-3, 4.9999999999999776e-3, 5.000470588235326e-3, 5.000039215686225e-3, 0.0, 0.0, 0.0 ], [ 0.0, 0.0, 0.0, 0.0, 5.00013725490191e-3, 5.000490196078449e-3, 4.999960784313731e-3, 4.999921568627483e-3, 5.0002941176470785e-3, 5.00013725490191e-3, 5.000117647058787e-3, 5.000058823529416e-3, 5.000117647058787e-3, 5.0003921568627634e-3, 4.999980392156854e-3, 4.999843137254921e-3, 5.000176470588225e-3, 4.999686274509753e-3, 4.999901960784293e-3, 4.999568627450944e-3, 4.99954901960782e-3, 4.999823529411753e-3, 4.999980392156854e-3, 4.999901960784359e-3, 4.999588235294068e-3, 0.0, 0.0, 0.0 ], [ 0.0, 0.0, 0.0, 0.0, 5.0004901960783825e-3, 5.000313725490158e-3, 4.99966666666663e-3, 5.000196078431348e-3, 4.999568627450944e-3, 5.000450980392135e-3, 4.999941176470606e-3, 4.999588235294135e-3, 5.000313725490202e-3, 5.000254901960831e-3, 4.999568627450944e-3, 4.99954901960782e-3, 5.000058823529416e-3, 5.000254901960831e-3, 4.999862745098045e-3, 5.000411764705888e-3, 5.0002941176470785e-3, 5.000294117647034e-3, 4.999843137254921e-3, 4.999509803921573e-3, 5.000313725490202e-3, 0.0, 0.0, 0.0 ], [ 0.0, 0.0, 0.0, 0.0, 4.999509803921562e-3, 4.999745098039191e-3, 4.99966666666663e-3, 4.999921568627483e-3, 4.999568627450944e-3, 4.9997450980392355e-3, 4.999509803921573e-3, 5.000333333333281e-3, 5.000019607843102e-3, 5.00013725490191e-3, 5.000254901960831e-3, 5.000450980392135e-3, 4.99966666666663e-3, 5.000235294117596e-3, 4.9997450980392355e-3, 4.99954901960782e-3, 5.000313725490202e-3, 5.000019607843168e-3, 4.999686274509753e-3, 5.000490196078449e-3, 5.000450980392135e-3, 0.0, 0.0, 0.0 ], [ 0.0, 0.0, 0.0, 0.0, 5.000000000000022e-3, 4.999764705882315e-3, 5.0003529411765165e-3, 5.000333333333281e-3, 4.999588235294068e-3, 4.99954901960782e-3, 5.000196078431348e-3, 4.999862745098045e-3, 5.000176470588269e-3, 4.99954901960782e-3, 4.999843137254921e-3, 4.999588235294068e-3, 4.999509803921573e-3, 4.999686274509753e-3, 4.999568627450944e-3, 4.999588235294068e-3, 5.000313725490202e-3, 5.000196078431348e-3, 4.999941176470606e-3, 5.000294117647034e-3, 5.000254901960764e-3, 0.0, 0.0, 0.0 ], [ 0.0, 0.0, 0.0, 0.0, 4.999666666666666e-3, 4.999627450980382e-3, 5.000196078431348e-3, 5.000058823529416e-3, 4.9999999999999776e-3, 4.99954901960782e-3, 5.0003921568627634e-3, 5.00013725490191e-3, 5.000274509803955e-3, 4.999686274509753e-3, 4.9999999999999776e-3, 4.999843137254921e-3, 5.00037254901964e-3, 5.000235294117596e-3, 4.999980392156854e-3, 4.999588235294068e-3, 4.999823529411797e-3, 5.000137254901977e-3, 5.0003529411765165e-3, 4.999529411764697e-3, 5.000098039215685e-3, 0.0, 0.0, 0.0 ], [ 0.0, 0.0, 0.0, 0.0, 0.0, 4.9998039215686735e-3, 5.000372549019596e-3, 5.000078431372529e-3, 5.0004117647058765e-3, 4.999529411764653e-3, 5.000000000000044e-3, 4.999647058823506e-3, 5.0003529411765165e-3, 4.999588235294135e-3, 5.0001568627451014e-3, 5.000019607843168e-3, 5.0003529411765165e-3, 4.999509803921573e-3, 4.999588235294135e-3, 5.0004117647058435e-3, 4.999941176470595e-3, 5.0001568627451014e-3, 5.000254901960786e-3, 5.00027450980391e-3, 0.0, 0.0, 0.0, 0.0 ], [ 0.0, 0.0, 0.0, 0.0, 0.0, 4.999509803921551e-3, 4.999960784313719e-3, 5.000352941176469e-3, 0.0, 0.0, 5.000411764705882e-3, 5.000078431372548e-3, 5.000352941176469e-3, 5.000117647058823e-3, 0.0, 4.999823529411764e-3, 4.999549019607843e-3, 0.0, 0.0, 0.0, 0.0, 5.000196078431393e-3, 5.000450980392135e-3, 5.00045098039218e-3, 0.0, 0.0, 0.0, 0.0 ] ]
robust:
    verified:  40/50
    falsified: 10/50
    timed-out: 0/50
    errored:   0/50
